"participant","session","date","expName","psychopyVersion","frameRate","RecalledWord","RT","Prime","PrimeCon","PrimeDuration","OutputPosition","Block","StudyPosition","Studied","PrimeRecalledCondition","PrimeFor"
"AD3",1,"2020-09-30_17h05.51.595","S1.2ConstantTotalFinal","2020.1.3",60,"THIRST",1900.06,"firstword","firstword",NA,1,1,1,"Studied",NA,NA
"AD3",1,"2020-09-30_17h05.51.595","S1.2ConstantTotalFinal","2020.1.3",60,"MIDDLE",1583.815,"TAME","Related",48.43000008,2,1,2,"Studied",NA,"WILD"
"AD3",1,"2020-09-30_17h05.51.595","S1.2ConstantTotalFinal","2020.1.3",60,"FIRST",1467.115,"SHIP","Unrelated",49.69500005,3,1,3,"Studied",NA,NA
"AD3",1,"2020-09-30_17h05.51.595","S1.2ConstantTotalFinal","2020.1.3",60,"CATCH",1572.005,"MOST","Identical",35.745,4,1,NA,NA,NA,NA
"AD3",1,"2020-09-30_17h05.51.595","S1.2ConstantTotalFinal","2020.1.3",60,"KIDNAP",1836.775,"VOLCANO","Unrelated",50.73999998,5,1,8,"Studied",NA,NA
"AD3",1,"2020-09-30_17h05.51.595","S1.2ConstantTotalFinal","2020.1.3",60,"THREAD",1583.945,"TOES","Identical",49.89499995,6,1,13,"Studied",NA,NA
"AD3",1,"2020-09-30_17h05.51.595","S1.2ConstantTotalFinal","2020.1.3",60,"VERB",1516.69,"GLANCE","Related",49.29500003,7,1,14,"Studied",NA,"LOOK"
"AD3",1,"2020-09-30_17h05.51.595","S1.2ConstantTotalFinal","2020.1.3",60,"NAVY",4765.165,"DEAD","Related",50.23000005,8,1,29,"Studied",NA,"ALIVE"
"AD3",1,"2020-09-30_17h05.51.595","S1.2ConstantTotalFinal","2020.1.3",60,"NOSE",1301.205,"PAIN","Identical",51.19000003,9,1,28,"Studied",NA,NA
"AD3",1,"2020-09-30_17h05.51.595","S1.2ConstantTotalFinal","2020.1.3",60,"CLUE",1284.125,"COBWEB","Related",48.32000006,10,1,34,"Studied",NA,"SPIDER"
"AD3",1,"2020-09-30_17h05.51.595","S1.2ConstantTotalFinal","2020.1.3",60,"LESS",1467.535,"TAKE","Unrelated",51.37,11,1,35,"Studied",NA,NA
"AD3",1,"2020-09-30_17h05.51.595","S1.2ConstantTotalFinal","2020.1.3",60,"STATES",1631.57,"MAGIC","Unrelated",49.26500004,12,1,23,"Studied",NA,NA
"AD3",1,"2020-09-30_17h05.51.595","S1.2ConstantTotalFinal","2020.1.3",60,"NEWS",1281.175,"LETTUCE","Unrelated",52.00000003,13,1,24,"Studied",NA,NA
"AD3",1,"2020-09-30_17h05.51.595","S1.2ConstantTotalFinal","2020.1.3",60,"BALLOT",1481.915,"MUSIC","Unrelated",50.46000006,14,1,NA,NA,NA,NA
"AD3",1,"2020-09-30_17h05.51.595","S1.2ConstantTotalFinal","2020.1.3",60,"TEST",7029.915,"PURPLE","Identical",50.04,15,1,36,"Studied",NA,NA
"AD3",1,"2020-09-30_17h05.51.595","S1.2ConstantTotalFinal","2020.1.3",60,"SOAP",1315.33,"SOAP","Identical",46.84000008,16,1,38,"Studied","Identical",NA
"AD3",1,"2020-09-30_17h05.51.595","S1.2ConstantTotalFinal","2020.1.3",60,"BUTTER",1684.375,"GUIDE","Related",49.77500008,17,1,39,"Studied",NA,"TOUR"
"AD3",1,"2020-09-30_17h05.51.595","S1.2ConstantTotalFinal","2020.1.3",60,"MOTHER",1486.88,"COLLECT","Unrelated",35.75000004,18,1,20,"Studied",NA,NA
"AD3",1,"2020-09-30_17h05.51.595","S1.2ConstantTotalFinal","2020.1.3",60,"LOOK",1431.86,"DESERT","Unrelated",50.66000007,19,1,26,"Studied",NA,NA
"AD3",1,"2020-09-30_17h05.51.595","S1.2ConstantTotalFinal","2020.1.3",60,"XXXXX",8001.52,"LEND","Related",50.32499996,20,1,NA,NA,NA,"BORROW"
"AD3",1,"2020-09-30_17h05.51.595","S1.2ConstantTotalFinal","2020.1.3",60,"VERB",1604.285,"READ","Identical",50.09499996,21,1,14,"Studied",NA,NA
"AD3",1,"2020-09-30_17h05.51.595","S1.2ConstantTotalFinal","2020.1.3",60,"CALL",6549.775,"ARGUE","Identical",49.20000001,22,1,NA,NA,NA,NA
"AD3",1,"2020-09-30_17h05.51.595","S1.2ConstantTotalFinal","2020.1.3",60,"XXXXX",7999.705,"JACKET","Unrelated",48.68500005,23,1,NA,NA,NA,NA
"AD3",1,"2020-09-30_17h05.51.595","S1.2ConstantTotalFinal","2020.1.3",60,"READ",4351.21,"STICKY","Unrelated",49.505,24,1,40,"Studied","Identical",NA
"AD3",1,"2020-09-30_17h05.51.595","S1.2ConstantTotalFinal","2020.1.3",60,"DRIVE",1765.74,"DRESS","Unrelated",51.79000006,25,1,NA,NA,NA,NA
"AD3",1,"2020-09-30_17h05.51.595","S1.2ConstantTotalFinal","2020.1.3",60,"NEAR",3383.6,"TUTU","Related",49.92000002,26,1,NA,NA,NA,"BALLET"
"AD3",1,"2020-09-30_17h05.51.595","S1.2ConstantTotalFinal","2020.1.3",60,"WORD",3717.675,"TALK","Unrelated",50.19500002,27,1,NA,NA,NA,NA
"AD3",1,"2020-09-30_17h05.51.595","S1.2ConstantTotalFinal","2020.1.3",60,"CATCH",4949.855,"FAMINE","Related",50.44499994,28,1,NA,NA,NA,"HUNGER"
"AD3",1,"2020-09-30_17h05.51.595","S1.2ConstantTotalFinal","2020.1.3",60,"XXXXX",7997.49,"SOUR","Unrelated",50.4699999,29,1,NA,NA,NA,NA
"AD3",1,"2020-09-30_17h05.51.595","S1.2ConstantTotalFinal","2020.1.3",60,"XXXXX",8006.135,"SEEK","Identical",49.78499992,30,1,NA,NA,NA,NA
"AD3",1,"2020-09-30_17h05.51.595","S1.2ConstantTotalFinal","2020.1.3",60,"XXXXX",8000.15,"CHOOSE","Unrelated",49.41500002,31,1,NA,NA,NA,NA
"AD3",1,"2020-09-30_17h05.51.595","S1.2ConstantTotalFinal","2020.1.3",60,"XXXXX",7998.88,"SQUARE","Identical",49.245,32,1,NA,NA,NA,NA
"AD3",1,"2020-09-30_17h05.51.595","S1.2ConstantTotalFinal","2020.1.3",60,"JUST",1848.44,"PAIL","Related",49.34000003,33,1,NA,NA,NA,"BUCKET"
"AD3",1,"2020-09-30_17h05.51.595","S1.2ConstantTotalFinal","2020.1.3",60,"TREAT",7013.17,"TWIG","Related",38.17499999,34,1,NA,NA,NA,"BRANCH"
"AD3",1,"2020-09-30_17h05.51.595","S1.2ConstantTotalFinal","2020.1.3",60,"JOY",4665.805,"SING","Unrelated",49.52500004,35,1,NA,NA,NA,NA
"AD3",1,"2020-09-30_17h05.51.595","S1.2ConstantTotalFinal","2020.1.3",60,"XXXXX",8012.05,"WAITER","Identical",51.25999998,36,1,NA,NA,NA,NA
"AD3",1,"2020-09-30_17h05.51.595","S1.2ConstantTotalFinal","2020.1.3",60,"WAIT",1603.735,"SLOW","Identical",48.88999998,37,1,NA,NA,NA,NA
"AD3",1,"2020-09-30_17h05.51.595","S1.2ConstantTotalFinal","2020.1.3",60,"NOUN",5132.46,"CANDLE","Identical",49.91499998,38,1,NA,NA,NA,NA
"AD3",1,"2020-09-30_17h05.51.595","S1.2ConstantTotalFinal","2020.1.3",60,"BUCKET",2048.99,"RACKET","Related",49.37500006,39,1,27,"Studied",NA,"TENNIS"
"AD3",1,"2020-09-30_17h05.51.595","S1.2ConstantTotalFinal","2020.1.3",60,"SAID",4948.975,"EXHALE","Related",50.24499993,40,1,NA,NA,NA,"INHALE"
"AD3",1,"2020-09-30_17h05.51.595","S1.2ConstantTotalFinal","2020.1.3",60,"XXXXX",7999.255,"WINTER","Identical",38.36499993,41,1,NA,NA,NA,NA
"AD3",1,"2020-09-30_17h05.51.595","S1.2ConstantTotalFinal","2020.1.3",60,"XXXXX",7999.52,"HAIR","Unrelated",50.37000007,42,1,NA,NA,NA,NA
"AD3",1,"2020-09-30_17h05.51.595","S1.2ConstantTotalFinal","2020.1.3",60,"FOUND",1335.965,"firstword","firstword",NA,1,2,1,"Studied",NA,NA
"AD3",1,"2020-09-30_17h05.51.595","S1.2ConstantTotalFinal","2020.1.3",60,"DOLLAR",1267.765,"RAKE","Related",50.91500003,2,2,3,"Studied",NA,"LEAVES"
"AD3",1,"2020-09-30_17h05.51.595","S1.2ConstantTotalFinal","2020.1.3",60,"UNCLE",1752.005,"GIRLS","Identical",50.52499997,3,2,4,"Studied",NA,NA
"AD3",1,"2020-09-30_17h05.51.595","S1.2ConstantTotalFinal","2020.1.3",60,"MEAN",1083.945,"FLEX","Related",49.75500004,4,2,5,"Studied",NA,"MUSCLE"
"AD3",1,"2020-09-30_17h05.51.595","S1.2ConstantTotalFinal","2020.1.3",60,"PHONE",1615.65,"AFTER","Related",51.66,5,2,6,"Studied",NA,"BEFORE"
"AD3",1,"2020-09-30_17h05.51.595","S1.2ConstantTotalFinal","2020.1.3",60,"ANIMAL",1850.105,"CLOCK","Identical",52.47,6,2,12,"Studied",NA,NA
"AD3",1,"2020-09-30_17h05.51.595","S1.2ConstantTotalFinal","2020.1.3",60,"PLANT",1166.23,"SHARK","Identical",50.39499991,7,2,13,"Studied",NA,NA
"AD3",1,"2020-09-30_17h05.51.595","S1.2ConstantTotalFinal","2020.1.3",60,"SHARK",1917.31,"TRAILER","Unrelated",49.84500003,8,2,37,"Studied","Identical",NA
"AD3",1,"2020-09-30_17h05.51.595","S1.2ConstantTotalFinal","2020.1.3",60,"TIGER",1581.07,"BEST","Related",36.45000001,9,2,41,"Studied",NA,"WORST"
"AD3",1,"2020-09-30_17h05.51.595","S1.2ConstantTotalFinal","2020.1.3",60,"HORSE",1502.255,"RENT","Unrelated",49.98500005,10,2,28,"Studied",NA,NA
"AD3",1,"2020-09-30_17h05.51.595","S1.2ConstantTotalFinal","2020.1.3",60,"FENCE",1216.37,"WEED","Related",50.49000005,11,2,38,"Studied",NA,"GRASS"
"AD3",1,"2020-09-30_17h05.51.595","S1.2ConstantTotalFinal","2020.1.3",60,"GIRLS",1266.71,"RAIN","Unrelated",50.04500004,12,2,31,"Studied","Identical",NA
"AD3",1,"2020-09-30_17h05.51.595","S1.2ConstantTotalFinal","2020.1.3",60,"ROCK",2299.355,"STAMP","Unrelated",50.12499995,13,2,29,"Studied",NA,NA
"AD3",1,"2020-09-30_17h05.51.595","S1.2ConstantTotalFinal","2020.1.3",60,"LEAVES",1786.9,"SHORT","Identical",51.19000003,14,2,23,"Studied",NA,NA
"AD3",1,"2020-09-30_17h05.51.595","S1.2ConstantTotalFinal","2020.1.3",60,"LEMON",1283.935,"CLOWN","Unrelated",50.00000005,15,2,18,"Studied",NA,NA
"AD3",1,"2020-09-30_17h05.51.595","S1.2ConstantTotalFinal","2020.1.3",60,"PEPPER",1788.26,"SAME","Unrelated",48.36500005,16,2,14,"Studied",NA,NA
"AD3",1,"2020-09-30_17h05.51.595","S1.2ConstantTotalFinal","2020.1.3",60,"WHERE",1235.285,"ANNOY","Unrelated",51.53499998,17,2,8,"Studied",NA,NA
"AD3",1,"2020-09-30_17h05.51.595","S1.2ConstantTotalFinal","2020.1.3",60,"THERE",1300.985,"PURPOSE","Unrelated",51.45000003,18,2,26,"Studied",NA,NA
"AD3",1,"2020-09-30_17h05.51.595","S1.2ConstantTotalFinal","2020.1.3",60,"BEHIND",1949.315,"QUEEN","Identical",51.94499996,19,2,39,"Studied",NA,NA
"AD3",1,"2020-09-30_17h05.51.595","S1.2ConstantTotalFinal","2020.1.3",60,"CLOSE",1378.005,"CLOSE","Identical",35.62999994,20,2,32,"Studied","Identical",NA
"AD3",1,"2020-09-30_17h05.51.595","S1.2ConstantTotalFinal","2020.1.3",60,"QUART",4531.735,"THIN","Unrelated",49.83499995,21,2,24,"Studied",NA,NA
"AD3",1,"2020-09-30_17h05.51.595","S1.2ConstantTotalFinal","2020.1.3",60,"XXXXX",8000.185,"CORAL","Identical",49.58999995,22,2,NA,NA,NA,NA
"AD3",1,"2020-09-30_17h05.51.595","S1.2ConstantTotalFinal","2020.1.3",60,"CATCH",2589.34,"TEETH","Identical",48.12499997,23,2,NA,NA,NA,NA
"AD3",1,"2020-09-30_17h05.51.595","S1.2ConstantTotalFinal","2020.1.3",60,"THRE",8000.58,"SHERIFF","Unrelated",48.495,24,2,NA,NA,NA,NA
"AD3",1,"2020-09-30_17h05.51.595","S1.2ConstantTotalFinal","2020.1.3",60,"XXXXX",8000.58,"QUIET","Unrelated",49.64999994,25,2,NA,NA,NA,NA
"AD3",1,"2020-09-30_17h05.51.595","S1.2ConstantTotalFinal","2020.1.3",60,"D",7999.71,"WHOLE","Identical",35.77000007,26,2,NA,NA,NA,NA
"AD3",1,"2020-09-30_17h05.51.595","S1.2ConstantTotalFinal","2020.1.3",60,"XXXXX",7997.395,"LATE","Related",48.3250001,27,2,NA,NA,NA,"EARLY"
"AD3",1,"2020-09-30_17h05.51.595","S1.2ConstantTotalFinal","2020.1.3",60,"XXXXX",7997.595,"SCISSORS","Unrelated",59.58,28,2,NA,NA,NA,NA
"AD3",1,"2020-09-30_17h05.51.595","S1.2ConstantTotalFinal","2020.1.3",60,"GET",3951.21,"HOUR","Related",48.36999997,29,2,NA,NA,NA,"MINUTE"
"AD3",1,"2020-09-30_17h05.51.595","S1.2ConstantTotalFinal","2020.1.3",60,"XXXXX",8002.885,"DRAW","Unrelated",49.77000004,30,2,NA,NA,NA,NA
"AD3",1,"2020-09-30_17h05.51.595","S1.2ConstantTotalFinal","2020.1.3",60,"BEAR",2101.26,"EXCUSE","Unrelated",49.28000004,31,2,NA,NA,NA,NA
"AD3",1,"2020-09-30_17h05.51.595","S1.2ConstantTotalFinal","2020.1.3",60,"FENCE",1795.855,"PLUS","Related",54.63999999,32,2,38,"Studied",NA,"MINUS"
"AD3",1,"2020-09-30_17h05.51.595","S1.2ConstantTotalFinal","2020.1.3",60,"END",5801.415,"PLANE","Unrelated",49.23500004,33,2,NA,NA,NA,NA
"AD3",1,"2020-09-30_17h05.51.595","S1.2ConstantTotalFinal","2020.1.3",60,"XXXXX",8000.2,"MINE","Related",46.07499996,34,2,NA,NA,NA,"YOURS"
"AD3",1,"2020-09-30_17h05.51.595","S1.2ConstantTotalFinal","2020.1.3",60,"XXXXX",7998.71,"TOCK","Unrelated",49.71000005,35,2,NA,NA,NA,NA
"AD3",1,"2020-09-30_17h05.51.595","S1.2ConstantTotalFinal","2020.1.3",60,"XXXXX",8001.505,"HAND","Related",50.06000004,36,2,NA,NA,NA,"FINGER"
"AD3",1,"2020-09-30_17h05.51.595","S1.2ConstantTotalFinal","2020.1.3",60,"XXXXX",8001.305,"POST","Related",49.06999995,37,2,NA,NA,NA,"OFFICE"
"AD3",1,"2020-09-30_17h05.51.595","S1.2ConstantTotalFinal","2020.1.3",60,"XXXXX",8002.225,"FORK","Related",50.84000004,38,2,NA,NA,NA,"SPOON"
"AD3",1,"2020-09-30_17h05.51.595","S1.2ConstantTotalFinal","2020.1.3",60,"YOURS",1800.155,"PUSH","Related",46.67499999,39,2,20,"Studied",NA,"SHOVE"
"AD3",1,"2020-09-30_17h05.51.595","S1.2ConstantTotalFinal","2020.1.3",60,"XXXXX",7999.82,"TOOL","Unrelated",49.29999996,40,2,NA,NA,NA,NA
"AD3",1,"2020-09-30_17h05.51.595","S1.2ConstantTotalFinal","2020.1.3",60,"XXXXX",1498.69,"WRONG","Unrelated",51.10500008,41,2,NA,NA,NA,NA
"AD3",1,"2020-09-30_17h05.51.595","S1.2ConstantTotalFinal","2020.1.3",60,"XXXXX",999.575,"TUMOR","Related",50.18999998,42,2,NA,NA,NA,"CANCER"
"AD3",1,"2020-09-30_17h05.51.595","S1.2ConstantTotalFinal","2020.1.3",60,"OUTTAKE",1792.34,"firstword","firstword",NA,1,3,42,"Studied",NA,NA
"AD3",1,"2020-09-30_17h05.51.595","S1.2ConstantTotalFinal","2020.1.3",60,"DAGGER",2037.475,"TALE","Related",49.52,2,3,39,"Studied",NA,"STORY"
"AD3",1,"2020-09-30_17h05.51.595","S1.2ConstantTotalFinal","2020.1.3",60,"SELLER",1688.18,"SALTINE","Related",50.89499999,3,3,38,"Studied",NA,"CRACKER"
"AD3",1,"2020-09-30_17h05.51.595","S1.2ConstantTotalFinal","2020.1.3",60,"FRIGHT",6087.045,"SKIN","Unrelated",49.42499998,4,3,1,"Studied",NA,NA
"AD3",1,"2020-09-30_17h05.51.595","S1.2ConstantTotalFinal","2020.1.3",60,"CHEESE",1932.6,"LINEN","Related",50.30999996,5,3,33,"Studied",NA,"SHEETS"
"AD3",1,"2020-09-30_17h05.51.595","S1.2ConstantTotalFinal","2020.1.3",60,"CRACKER",1899.485,"ROUGH","Related",35.8950001,6,3,2,"Studied",NA,"SMOOTH"
"AD3",1,"2020-09-30_17h05.51.595","S1.2ConstantTotalFinal","2020.1.3",60,"PICKLE",1854.345,"WEST","Identical",49.09500002,7,3,5,"Studied",NA,NA
"AD3",1,"2020-09-30_17h05.51.595","S1.2ConstantTotalFinal","2020.1.3",60,"ORANGE",1835.585,"HORN","Identical",50.62999995,8,3,4,"Studied",NA,NA
"AD3",1,"2020-09-30_17h05.51.595","S1.2ConstantTotalFinal","2020.1.3",60,"CLAMS",2172.975,"TULIP","Related",49.25499996,9,3,NA,NA,NA,"FLOWER"
"AD3",1,"2020-09-30_17h05.51.595","S1.2ConstantTotalFinal","2020.1.3",60,"SHELL",1668.2,"MELLOW","Related",36.25500004,10,3,NA,NA,NA,"YELLOW"
"AD3",1,"2020-09-30_17h05.51.595","S1.2ConstantTotalFinal","2020.1.3",60,"JAIL",1301.86,"LEFT","Related",54.92000002,11,3,31,"Studied",NA,"RIGHT"
"AD3",1,"2020-09-30_17h05.51.595","S1.2ConstantTotalFinal","2020.1.3",60,"BIRD",1364.885,"ALTER","Related",49.36000006,12,3,32,"Studied",NA,"CHANGE"
"AD3",1,"2020-09-30_17h05.51.595","S1.2ConstantTotalFinal","2020.1.3",60,"SHELTER",1732.68,"CHORE","Related",50.52499997,13,3,NA,NA,NA,"WORK"
"AD3",1,"2020-09-30_17h05.51.595","S1.2ConstantTotalFinal","2020.1.3",60,"LAWYER",3652.14,"MONEY","Identical",50.22500001,14,3,7,"Studied",NA,NA
"AD3",1,"2020-09-30_17h05.51.595","S1.2ConstantTotalFinal","2020.1.3",60,"WEST",1201.485,"WEIGHT","Identical",51.22999998,15,3,9,"Studied","Identical",NA
"AD3",1,"2020-09-30_17h05.51.595","S1.2ConstantTotalFinal","2020.1.3",60,"FIRST",3718.07,"BEACH","Identical",49.70999993,16,3,NA,NA,NA,NA
"AD3",1,"2020-09-30_17h05.51.595","S1.2ConstantTotalFinal","2020.1.3",60,"DREAM",1301.64,"NEPHEW","Identical",51.31500005,17,3,3,"Studied",NA,NA
"AD3",1,"2020-09-30_17h05.51.595","S1.2ConstantTotalFinal","2020.1.3",60,"GROSS",3950.785,"BAIT","Related",51.08999996,18,3,28,"Studied",NA,"FISH"
"AD3",1,"2020-09-30_17h05.51.595","S1.2ConstantTotalFinal","2020.1.3",60,"EGGS",1203.905,"BACON","Related",51.51000002,19,3,27,"Studied",NA,"EGGS"
"AD3",1,"2020-09-30_17h05.51.595","S1.2ConstantTotalFinal","2020.1.3",60,"XXXXX",5236.22,"NICKEL","Identical",50.70999998,20,3,NA,NA,NA,NA
"AD3",1,"2020-09-30_17h05.51.595","S1.2ConstantTotalFinal","2020.1.3",60,"XXXXX",5337.66,"EXPLODE","Unrelated",49.98000001,21,3,NA,NA,NA,NA
"AD3",1,"2020-09-30_17h05.51.595","S1.2ConstantTotalFinal","2020.1.3",60,"SLIP",8002.58,"DIGIT","Related",48.90000005,22,3,NA,NA,NA,"NUMBER"
"AD3",1,"2020-09-30_17h05.51.595","S1.2ConstantTotalFinal","2020.1.3",60,"XXXXX",3536.18,"WIDTH","Related",48.71999996,23,3,NA,NA,NA,"LENGTH"
"AD3",1,"2020-09-30_17h05.51.595","S1.2ConstantTotalFinal","2020.1.3",60,"XXXXX",7138.57,"CHAIR","Identical",48.14500001,24,3,NA,NA,NA,NA
"AD3",1,"2020-09-30_17h05.51.595","S1.2ConstantTotalFinal","2020.1.3",60,"SIGHT",3837.025,"BROOK","Related",49.62499999,25,3,NA,NA,NA,"STREAM"
"AD3",1,"2020-09-30_17h05.51.595","S1.2ConstantTotalFinal","2020.1.3",60,"GARAGE",7004.77,"CHOWDER","Related",49.19499997,26,3,NA,NA,NA,"CLAM"
"AD3",1,"2020-09-30_17h05.51.595","S1.2ConstantTotalFinal","2020.1.3",60,"JUICE",1936.215,"BRAIN","Unrelated",49.25499996,27,3,NA,NA,NA,NA
"AD3",1,"2020-09-30_17h05.51.595","S1.2ConstantTotalFinal","2020.1.3",60,"WORK",5499.81,"CLIMB","Unrelated",49.65499998,28,3,11,"Studied",NA,NA
"AD3",1,"2020-09-30_17h05.51.595","S1.2ConstantTotalFinal","2020.1.3",60,"OPEN",3706.1,"GUITAR","Identical",50.22500001,29,3,NA,NA,NA,NA
"AD3",1,"2020-09-30_17h05.51.595","S1.2ConstantTotalFinal","2020.1.3",60,"XXXXX",2388.97,"GLORY","Identical",48.27999999,30,3,NA,NA,NA,NA
"AD3",1,"2020-09-30_17h05.51.595","S1.2ConstantTotalFinal","2020.1.3",60,"XXXXX",2760.74,"ATOM","Related",51.02499994,31,3,NA,NA,NA,"BOMB"
"AD3",1,"2020-09-30_17h05.51.595","S1.2ConstantTotalFinal","2020.1.3",60,"XXXXX",5349.945,"STEAL","Unrelated",50.96999998,32,3,NA,NA,NA,NA
"AD3",1,"2020-09-30_17h05.51.595","S1.2ConstantTotalFinal","2020.1.3",60,"SCARED",2252.09,"SUBJECT","Unrelated",52.09999997,33,3,NA,NA,NA,NA
"AD3",1,"2020-09-30_17h05.51.595","S1.2ConstantTotalFinal","2020.1.3",60,"XXXXX",2098.045,"DOZEN","Related",49.69000001,34,3,NA,NA,NA,"TWELVE"
"AD3",1,"2020-09-30_17h05.51.595","S1.2ConstantTotalFinal","2020.1.3",60,"XXXXX",754.9449999,"SONG","Identical",49.20000001,35,3,NA,NA,NA,NA
"AD3",1,"2020-09-30_17h05.51.595","S1.2ConstantTotalFinal","2020.1.3",60,"XXXXX",1221.38,"STEPS","Related",50.95999991,36,3,NA,NA,NA,"STAIRS"
"AD3",1,"2020-09-30_17h05.51.595","S1.2ConstantTotalFinal","2020.1.3",60,"XXXXX",1386.975,"STOP","Identical",49.74000005,37,3,NA,NA,NA,NA
"AD3",1,"2020-09-30_17h05.51.595","S1.2ConstantTotalFinal","2020.1.3",60,"XXXXX",534.765,"MATH","Unrelated",35.99999996,38,3,NA,NA,NA,NA
"AD3",1,"2020-09-30_17h05.51.595","S1.2ConstantTotalFinal","2020.1.3",60,"XXXXX",2421.67,"TOUCH","Unrelated",52.15,39,3,NA,NA,NA,NA
"AD3",1,"2020-09-30_17h05.51.595","S1.2ConstantTotalFinal","2020.1.3",60,"XXXXX",6093.305,"WOOD","Unrelated",49.89000002,40,3,NA,NA,NA,NA
"AD3",1,"2020-09-30_17h05.51.595","S1.2ConstantTotalFinal","2020.1.3",60,"XXXXX",2984.115,"BABY","Unrelated",49.17500005,41,3,NA,NA,NA,NA
"AD3",1,"2020-09-30_17h05.51.595","S1.2ConstantTotalFinal","2020.1.3",60,"XXXXX",855.1350001,"LIGHT","Unrelated",49.95500005,42,3,NA,NA,NA,NA
"AD3",1,"2020-09-30_17h05.51.595","S1.2ConstantTotalFinal","2020.1.3",60,"JUMP",1417.3,"firstword","firstword",NA,1,4,42,"Studied",NA,NA
"AD3",1,"2020-09-30_17h05.51.595","S1.2ConstantTotalFinal","2020.1.3",60,"DEAF",1006.095,"ABDOMEN","Related",50.87499996,2,4,38,"Studied",NA,"STOMACH"
"AD3",1,"2020-09-30_17h05.51.595","S1.2ConstantTotalFinal","2020.1.3",60,"BRIDE",1537.605,"SLAY","Related",35.97500001,3,4,39,"Studied",NA,"KILL"
"AD3",1,"2020-09-30_17h05.51.595","S1.2ConstantTotalFinal","2020.1.3",60,"LEARN",1972.64,"BOSS","Unrelated",50.86999992,4,4,4,"Studied",NA,NA
"AD3",1,"2020-09-30_17h05.51.595","S1.2ConstantTotalFinal","2020.1.3",60,"SOUTH",1234.465,"TRASH","Identical",50.345,5,4,22,"Studied",NA,NA
"AD3",1,"2020-09-30_17h05.51.595","S1.2ConstantTotalFinal","2020.1.3",60,"ROAD",2052.515,"MAD","Unrelated",51.4,6,4,1,"Studied",NA,NA
"AD3",1,"2020-09-30_17h05.51.595","S1.2ConstantTotalFinal","2020.1.3",60,"DIRST",1184.8,"SMILE","Identical",48.76000003,7,4,NA,NA,NA,NA
"AD3",1,"2020-09-30_17h05.51.595","S1.2ConstantTotalFinal","2020.1.3",60,"DIRT",1455.77,"DEVIL","Identical",50.68999995,8,4,20,"Studied",NA,NA
"AD3",1,"2020-09-30_17h05.51.595","S1.2ConstantTotalFinal","2020.1.3",60,"SWAMP",3088.145,"LOOSE","Related",49.08499995,9,4,2,"Studied",NA,"TIGHT"
"AD3",1,"2020-09-30_17h05.51.595","S1.2ConstantTotalFinal","2020.1.3",60,"CAMP",1256.18,"SORRY","Identical",48.79999999,10,4,13,"Studied",NA,NA
"AD3",1,"2020-09-30_17h05.51.595","S1.2ConstantTotalFinal","2020.1.3",60,"WHEAT",1468.78,"SMALL","Unrelated",51.02999997,11,4,11,"Studied",NA,NA
"AD3",1,"2020-09-30_17h05.51.595","S1.2ConstantTotalFinal","2020.1.3",60,"XXXXX",8002.695,"SMOKE","Identical",50.03499996,12,4,NA,NA,NA,NA
"AD3",1,"2020-09-30_17h05.51.595","S1.2ConstantTotalFinal","2020.1.3",60,"BEST",5182.345,"GEEK","Identical",49.93500002,13,4,NA,NA,"Related",NA
"AD3",1,"2020-09-30_17h05.51.595","S1.2ConstantTotalFinal","2020.1.3",60,"WORD",4215.765,"HELLO","Unrelated",49.26,14,4,NA,NA,NA,NA
"AD3",1,"2020-09-30_17h05.51.595","S1.2ConstantTotalFinal","2020.1.3",60,"XXXXX",4707.02,"SUITE","Related",47.29499994,15,4,NA,NA,NA,"HOTEL"
"AD3",1,"2020-09-30_17h05.51.595","S1.2ConstantTotalFinal","2020.1.3",60,"QUERY",7484.74,"HINGE","Related",49.73500001,16,4,NA,NA,NA,"DOOR"
"AD3",1,"2020-09-30_17h05.51.595","S1.2ConstantTotalFinal","2020.1.3",60,"NATURE",5265.76,"JEANS","Unrelated",47.92499996,17,4,NA,NA,NA,NA
"AD3",1,"2020-09-30_17h05.51.595","S1.2ConstantTotalFinal","2020.1.3",60,"SOLVE",3018.105,"LIPS","Related",49.74000005,18,4,NA,NA,NA,"KISS"
"AD3",1,"2020-09-30_17h05.51.595","S1.2ConstantTotalFinal","2020.1.3",60,"QUESTION",4301.485,"POUND","Identical",49.35499991,19,4,NA,NA,NA,NA
"AD3",1,"2020-09-30_17h05.51.595","S1.2ConstantTotalFinal","2020.1.3",60,"RIGHT",1953.12,"FOUR","Related",51.02999997,20,4,NA,NA,NA,"FIVE"
"AD3",1,"2020-09-30_17h05.51.595","S1.2ConstantTotalFinal","2020.1.3",60,"BLOCK",5954.89,"WORLD","Identical",48.66999993,21,4,NA,NA,NA,NA
"AD3",1,"2020-09-30_17h05.51.595","S1.2ConstantTotalFinal","2020.1.3",60,"KILL",4701.555,"NINE","Unrelated",48.11999993,22,4,10,"Studied",NA,NA
"AD3",1,"2020-09-30_17h05.51.595","S1.2ConstantTotalFinal","2020.1.3",60,"THEIRF",1888.605,"FINISH","Unrelated",49.22499997,23,4,NA,NA,NA,NA
"AD3",1,"2020-09-30_17h05.51.595","S1.2ConstantTotalFinal","2020.1.3",60,"THIEF",1819.435,"CABOOSE","Related",50.46000006,24,4,19,"Studied",NA,"TRAIN"
"AD3",1,"2020-09-30_17h05.51.595","S1.2ConstantTotalFinal","2020.1.3",60,"STEAL",1832.17,"SHOES","Identical",51.52500002,25,4,NA,NA,"Unrelated",NA
"AD3",1,"2020-09-30_17h05.51.595","S1.2ConstantTotalFinal","2020.1.3",60,"OVEN",6253.935,"OVEN","Unrelated",51.60999997,26,4,NA,NA,"Unrelated",NA
"AD3",1,"2020-09-30_17h05.51.595","S1.2ConstantTotalFinal","2020.1.3",60,"XXXXX",7999.445,"FIRE","Unrelated",49.07499999,27,4,NA,NA,NA,NA
"AD3",1,"2020-09-30_17h05.51.595","S1.2ConstantTotalFinal","2020.1.3",60,"TOES",1131.895,"SWEET","Identical",49.56499999,28,4,NA,NA,"Identical",NA
"AD3",1,"2020-09-30_17h05.51.595","S1.2ConstantTotalFinal","2020.1.3",60,"FINGER",1421.765,"POND","Related",50.53000001,29,4,NA,NA,NA,"LAKE"
"AD3",1,"2020-09-30_17h05.51.595","S1.2ConstantTotalFinal","2020.1.3",60,"PERSON",2652.19,"SOUND","Related",50.82500004,30,4,NA,NA,NA,"NOISE"
"AD3",1,"2020-09-30_17h05.51.595","S1.2ConstantTotalFinal","2020.1.3",60,"MAN",2932.825,"GHOUL","Related",47.35000001,31,4,NA,NA,NA,"GHOST"
"AD3",1,"2020-09-30_17h05.51.595","S1.2ConstantTotalFinal","2020.1.3",60,"START",3886.755,"GALAXY","Related",52.00499995,32,4,NA,NA,NA,"STARS"
"AD3",1,"2020-09-30_17h05.51.595","S1.2ConstantTotalFinal","2020.1.3",60,"XXXXX",5207.715,"GLASSES","Unrelated",48.63500001,33,4,NA,NA,NA,NA
"AD3",1,"2020-09-30_17h05.51.595","S1.2ConstantTotalFinal","2020.1.3",60,"DRESS",6200.995,"DUSK","Identical",48.68000001,34,4,NA,NA,"Unrelated",NA
"AD3",1,"2020-09-30_17h05.51.595","S1.2ConstantTotalFinal","2020.1.3",60,"XXXXX",3790.685,"PRESENT","Identical",47.67999996,35,4,NA,NA,NA,NA
"AD3",1,"2020-09-30_17h05.51.595","S1.2ConstantTotalFinal","2020.1.3",60,"TEACH",2705.45,"SILK","Unrelated",47.84000001,36,4,NA,NA,NA,NA
"AD3",1,"2020-09-30_17h05.51.595","S1.2ConstantTotalFinal","2020.1.3",60,"COLD",5221.555,"FROG","Identical",49.82499999,37,4,NA,NA,NA,NA
"AD3",1,"2020-09-30_17h05.51.595","S1.2ConstantTotalFinal","2020.1.3",60,"XXXXX",6487.01,"HULA","Related",50.29000004,38,4,NA,NA,NA,"HOOP"
"AD3",1,"2020-09-30_17h05.51.595","S1.2ConstantTotalFinal","2020.1.3",60,"GRASS",3692.85,"PENCIL","Unrelated",49.59000007,39,4,NA,NA,NA,NA
"AD3",1,"2020-09-30_17h05.51.595","S1.2ConstantTotalFinal","2020.1.3",60,"XXXXX",8001.4,"BELOW","Identical",49.02000003,40,4,NA,NA,NA,NA
"AD3",1,"2020-09-30_17h05.51.595","S1.2ConstantTotalFinal","2020.1.3",60,"XXXXX",5248.715,"BLACK","Identical",49.52500004,41,4,NA,NA,NA,NA
"AD3",1,"2020-09-30_17h05.51.595","S1.2ConstantTotalFinal","2020.1.3",60,"LAKE",3382.485,"CAMERA","Related",48.82500006,42,4,36,"Studied",NA,"PICTURE"
