"DelayedWord","DelayedRT","Studied","StudyPosition","Block","ReportedPrimeFromDay1","Day1OutputPosition","Day1PrimeCondition","Day1Prime","Day1PrimeFor","RelatedPrimePresentedonDay1"
"SILVER",6268.8,"Studied",5,1,NA,"11,13","Identical","CARD",NA,NA
"DEATH",1683.9,"Studied",6,1,NA,"32","Unrelated","HORSE",NA,"BIRTH"
"GRAVE",1701.8,"Studied",38,2,NA,"14","Unrelated","TWELVE",NA,NA
"FOOD",1551.7,"Studied",13,4,NA,"23,41","Identical","GAME",NA,NA
"TREE",1268.1,"Studied",2,4,NA,"1","firstword","firstword",NA,NA
"TALK",1534.4,"Studied",1,4,NA,"5","Unrelated","HUNGER",NA,NA
"CASTLE",2617.8,"Studied",17,3,NA,"24","Identical","ENGLISH",NA,NA
"WANT",1500.6,"Studied",23,3,NA,"25","Unrelated","SORRY",NA,"DESIRE"
"EXTENT",4870.1,NA,NA,NA,NA,NA,NA,NA,NA,NA
"PILE",3301.2,NA,NA,NA,NA,NA,NA,NA,NA,NA
"ROYAL",6419.6,NA,NA,NA,NA,NA,NA,NA,NA,NA
"LETTUCE",2751.4,"Studied",18,4,NA,"25","Related","GATHER","COLLECT",NA
"SWORD",5568.8,"Studied",15,4,NA,"29","Unrelated","SPIDER",NA,NA
"TAKE",8003.5,"Studied",34,4,"Identical","26","Identical","PROBLEM",NA,NA
"LIGHT",3184.6,"Studied",1,2,NA,"1","firstword","firstword",NA,NA
"TOOTH",2418,"Studied",2,2,NA,"2","Identical","KNIT",NA,NA
"HEAD",2304.3,"Studied",16,2,NA,"5","Related","PRIM","PROPER",NA
"BRAIN",1650.3,"Studied",42,2,NA,"6","Related","AGAIN","REPEAT",NA
"ARMS",5852.7,"Studied",24,2,NA,"7","Identical","SPOTS",NA,NA
"SKIN",4085.5,"Studied",22,2,NA,"8","Related","DUMB","STUPID",NA
"MATH",1984.2,"Studied",20,2,"Identical","19","Unrelated","YELLOW",NA,NA
"STRESS",2134,"Studied",19,2,NA,"20","Identical","NIGHTS",NA,"TENSION"
"CLASS",1700.9,"Studied",30,2,NA,"22","Identical","UNDER",NA,NA
"WRITE",8003,"Studied",31,2,"Identical","18","Identical","TOWN",NA,NA
"PENNY",4018.1,"Studied",21,2,NA,"10","Related","WASP","STING",NA
"BREAD",7304,"Studied",27,2,NA,"11","Identical","BIKE",NA,NA
"MILK",8003.8,"Studied",40,2,NA,"12","Related","TENSION","STRESS",NA
"FRONT",5151.8,"Studied",8,3,NA,"6","Identical","PENCIL",NA,NA
"PAPER",3801.9,"Studied",9,3,NA,"2,31","Unrelated","STARS",NA,NA
"LETTER",3818.6,"Studied",36,3,NA,"5","Related","TOASTER","OVEN",NA
"COPY",8003.2,"Studied",34,3,NA,"4","Unrelated","GHOST",NA,NA
"HAPPY",8003.2,"Studied",25,4,"Identical",NA,NA,NA,NA,NA
"LAUGH",8003.2,"Studied",35,4,"Identical","15","Identical","YEAR",NA,NA
"LOVE",8003,"Studied",36,4,NA,"14","Identical","HAPPY",NA,"ADORE"
"PYRAMID",8003.8,NA,NA,NA,NA,NA,NA,NA,NA,NA
"BOOK",8004.5,NA,NA,NA,NA,NA,NA,NA,NA,NA
"MAID",7207.3,"Studied",2,3,NA,"16","Related","HARD","SOFT",NA
"BOSS",5067.3,"Studied",42,3,NA,"17","Unrelated","CAMP",NA,NA
"OVEN",8003.1,"Studied",12,3,NA,"33","Related","DOZE","SLEEP","TOASTER"
"SPICE",8003.7,"Studied",1,3,NA,"20","Related","DIGNITY","PRIDE",NA
"TREE",3068.1,"Studied",2,4,NA,"1","firstword","firstword",NA,NA
"TALK",1467.3,"Studied",1,4,NA,"5","Unrelated","HUNGER",NA,NA
"SING",1317.5,"Studied",10,4,NA,"4","Identical","LAUGH",NA,NA
"MUSIC",8003.3,NA,NA,NA,NA,"3","Unrelated","LOOK",NA,NA
"PLANE",2400.8,NA,NA,NA,NA,"6","Identical","ROOF",NA,NA
"DESERT",8002.9,"Studied",6,4,NA,"8","Identical","SOUR",NA,NA
"WARM",4902.5,"Studied",40,4,NA,"10","Related","SHOP","STORE",NA
"CLEAR",4068.4,"Studied",16,4,NA,"7,30","Unrelated","TENNIS",NA,NA
"SHIP",8003.1,"Studied",33,4,NA,"22","Related","BIZZARE","STRANGE",NA
"STREET",8002.9,"Studied",17,4,NA,"21","Related","CHALK","BOARD",NA
"JOY",8003.2,NA,NA,NA,NA,NA,NA,NA,NA,NA
"CROWN",8003.2,NA,NA,NA,NA,NA,NA,NA,NA,NA
"ROCKE",8002.8,NA,NA,NA,NA,NA,NA,NA,NA,NA
"LE",8004.6,NA,NA,NA,NA,NA,NA,NA,NA,NA
"",8003.1,NA,NA,NA,NA,NA,NA,NA,NA,NA
"FOOD",8003.2,"Studied",13,4,NA,"23,41","Identical","GAME",NA,NA
"WRECK",7837.1,NA,NA,NA,NA,"33","Unrelated","GRASS",NA,NA
"FIRE",3602,"Studied",41,3,"Identical","9","Identical","FIRE",NA,NA
"TIRED",8003.1,"Studied",40,3,NA,"10,36","Unrelated","DUSK",NA,NA
"",7995.7,NA,NA,NA,NA,NA,NA,NA,NA,NA
"TELEPHONE",8003,NA,NA,NA,NA,NA,NA,NA,NA,NA
"HOUSE",8003.3,NA,NA,NA,NA,NA,NA,NA,NA,NA
"",8004.5,NA,NA,NA,NA,NA,NA,NA,NA,NA
"",8005,NA,NA,NA,NA,NA,NA,NA,NA,NA
"HOT",8003.2,NA,NA,NA,NA,NA,NA,NA,NA,NA
"",8003.2,NA,NA,NA,NA,NA,NA,NA,NA,NA
"ROYAL",7989,NA,NA,NA,NA,NA,NA,NA,NA,NA
"THR",8003,NA,NA,NA,NA,NA,NA,NA,NA,NA
"THRONE",7988.3,NA,NA,NA,NA,NA,NA,NA,NA,NA
"FLOWER",8002.6,NA,NA,NA,NA,NA,NA,NA,NA,NA
"",8004.7,NA,NA,NA,NA,NA,NA,NA,NA,NA
"",8002.8,NA,NA,NA,NA,NA,NA,NA,NA,NA
"DIE",7988.4,NA,NA,NA,NA,NA,NA,NA,NA,NA
"",7988,NA,NA,NA,NA,NA,NA,NA,NA,NA
"",8004.3,NA,NA,NA,NA,NA,NA,NA,NA,NA
"POWER",8003.3,NA,NA,NA,NA,NA,NA,NA,NA,NA
"PROPER",7988.3,"Studied",9,2,NA,"30","Identical","ROSE",NA,"PRIM"
"M",8003.1,NA,NA,NA,NA,NA,NA,NA,NA,NA
"MANY",8003.2,"Studied",11,1,"Identical",NA,NA,NA,NA,NA
"NONE",2751.3,"Studied",7,4,"Identical","12","Identical","STICKY",NA,NA
"CHOSE",6719.6,NA,NA,NA,NA,"11","Identical","NONE",NA,NA
"MAYBE",8004.1,"Studied",12,4,NA,"9","Related","ADORE","LOVE",NA
"SEVERAL",8004,NA,NA,NA,NA,NA,NA,NA,NA,NA
"DECIDE",7988.1,NA,NA,NA,NA,NA,NA,NA,NA,NA
"",8003,NA,NA,NA,NA,NA,NA,NA,NA,NA
"MOVE",8003.8,"Studied",4,2,NA,"4","Related","IMPLODE","EXPLODE",NA
"",8003,NA,NA,NA,NA,NA,NA,NA,NA,NA
"",8003,NA,NA,NA,NA,NA,NA,NA,NA,NA
"CHURCH",8003.1,"Studied",29,4,"Identical","19","Unrelated","ARGUE",NA,NA
"DRESS",1300.7,"Studied",28,4,NA,"18","Unrelated","WAITER",NA,NA
"JACKET",3705.3,"Studied",30,4,NA,"17","Identical","CHURCH",NA,NA
