"participant","session","date","expName","psychopyVersion","frameRate","RecalledWord","RT","Prime","PrimeCon","PrimeDuration","OutputPosition","Block","StudyPosition","Studied","PrimeRecalledCondition","PrimeFor"
"AR2",1,"2020-10-27_17h59.17.799","S2.1ConstantTotalFinal","2020.1.3",60,"LARGE",1699.56,"firstword","firstword",NA,1,1,27,"Studied",NA,NA
"AR2",1,"2020-10-27_17h59.17.799","S2.1ConstantTotalFinal","2020.1.3",60,"CAKE",1933.58,"DOOR","Unrelated",49.635,2,1,22,"Studied",NA,NA
"AR2",1,"2020-10-27_17h59.17.799","S2.1ConstantTotalFinal","2020.1.3",60,"FINISH",2366.175,"NINE","Identical",50.375,3,1,29,"Studied",NA,NA
"AR2",1,"2020-10-27_17h59.17.799","S2.1ConstantTotalFinal","2020.1.3",60,"SMART",1500.26,"DEVIL","Unrelated",49.895,4,1,13,"Studied",NA,NA
"AR2",1,"2020-10-27_17h59.17.799","S2.1ConstantTotalFinal","2020.1.3",60,"MINIUM",1933.15,"BOSS","Identical",50.03,5,1,NA,NA,NA,NA
"AR2",1,"2020-10-27_17h59.17.799","S2.1ConstantTotalFinal","2020.1.3",60,"KOO",8001.36,"DIGNITY","Related",50.08,6,1,NA,NA,NA,"PRIDE"
"AR2",1,"2020-10-27_17h59.17.799","S2.1ConstantTotalFinal","2020.1.3",60,"BUN",4632.365,"SOUTH","Unrelated",49.65,7,1,NA,NA,NA,NA
"AR2",1,"2020-10-27_17h59.17.799","S2.1ConstantTotalFinal","2020.1.3",60,"OVEN",1916.9,"CAUSE","Related",50.135,8,1,2,"Studied",NA,"EFFECT"
"AR2",1,"2020-10-27_17h59.17.799","S2.1ConstantTotalFinal","2020.1.3",60,"SMALL",1516.635,"KILL","Unrelated",50.255,9,1,9,"Studied",NA,NA
"AR2",1,"2020-10-27_17h59.17.799","S2.1ConstantTotalFinal","2020.1.3",60,"JEANS",2450.22,"JEANS","Identical",50.335,10,1,6,"Studied","Identical",NA
"AR2",1,"2020-10-27_17h59.17.799","S2.1ConstantTotalFinal","2020.1.3",60,"PANTS",1816.875,"BACK","Related",50.02,11,1,NA,NA,NA,"FRONT"
"AR2",1,"2020-10-27_17h59.17.799","S2.1ConstantTotalFinal","2020.1.3",60,"MONKEY",2533.325,"ERASER","Related",50.445,12,1,10,"Studied",NA,"PENCIL"
"AR2",1,"2020-10-27_17h59.17.799","S2.1ConstantTotalFinal","2020.1.3",60,"PENCIL",2333.21,"CERTAIN","Related",49.84,13,1,20,"Studied",NA,"SURE"
"AR2",1,"2020-10-27_17h59.17.799","S2.1ConstantTotalFinal","2020.1.3",60,"WATER",1583.31,"DOZE","Related",50.17,14,1,11,"Studied",NA,"SLEEP"
"AR2",1,"2020-10-27_17h59.17.799","S2.1ConstantTotalFinal","2020.1.3",60,"FRONT",3282.92,"HOOP","Unrelated",50.36,15,1,8,"Studied",NA,NA
"AR2",1,"2020-10-27_17h59.17.799","S2.1ConstantTotalFinal","2020.1.3",60,"FIRE",2934,"ONCE","Identical",49.87,16,1,19,"Studied",NA,NA
"AR2",1,"2020-10-27_17h59.17.799","S2.1ConstantTotalFinal","2020.1.3",60,"XXXXX",8001.385,"PAPER","Identical",49.97,17,1,NA,NA,NA,NA
"AR2",1,"2020-10-27_17h59.17.799","S2.1ConstantTotalFinal","2020.1.3",60,"ITCH",6083.06,"MAD","Identical",49.45,18,1,30,"Studied",NA,NA
"AR2",1,"2020-10-27_17h59.17.799","S2.1ConstantTotalFinal","2020.1.3",60,"XXXXX",8001.015,"DESIRE","Related",49.095,19,1,NA,NA,NA,"WANT"
"AR2",1,"2020-10-27_17h59.17.799","S2.1ConstantTotalFinal","2020.1.3",60,"XXXXX",8000.72,"TIRED","Identical",49.24,20,1,NA,NA,NA,NA
"AR2",1,"2020-10-27_17h59.17.799","S2.1ConstantTotalFinal","2020.1.3",60,"TIRED",2132.07,"SPICE","Identical",49.34,21,1,7,"Studied","Identical",NA
"AR2",1,"2020-10-27_17h59.17.799","S2.1ConstantTotalFinal","2020.1.3",60,"XXXXX",8000.805,"GHOST","Unrelated",49.805,22,1,NA,NA,NA,NA
"AR2",1,"2020-10-27_17h59.17.799","S2.1ConstantTotalFinal","2020.1.3",60,"XXXXX",8000.305,"WHEAT","Unrelated",48.985,23,1,NA,NA,NA,NA
"AR2",1,"2020-10-27_17h59.17.799","S2.1ConstantTotalFinal","2020.1.3",60,"XXXXX",7999.4,"SOFT","Identical",49.455,24,1,NA,NA,NA,NA
"AR2",1,"2020-10-27_17h59.17.799","S2.1ConstantTotalFinal","2020.1.3",60,"XXXXX",7999.79,"BRIDE","Unrelated",49.35,25,1,NA,NA,NA,NA
"AR2",1,"2020-10-27_17h59.17.799","S2.1ConstantTotalFinal","2020.1.3",60,"XXXXX",7997.475,"SWAMP","Unrelated",49.71,26,1,NA,NA,NA,NA
"AR2",1,"2020-10-27_17h59.17.799","S2.1ConstantTotalFinal","2020.1.3",60,"XXXXX",7999.66,"BOUNCE","Related",50.99,27,1,NA,NA,NA,"BALL "
"AR2",1,"2020-10-27_17h59.17.799","S2.1ConstantTotalFinal","2020.1.3",60,"XXXXX",7999.61,"WORLD","Unrelated",48.645,28,1,NA,NA,NA,NA
"AR2",1,"2020-10-27_17h59.17.799","S2.1ConstantTotalFinal","2020.1.3",60,"WANT",8000.755,"PLAN","Identical",49.68,29,1,16,"Studied",NA,NA
"AR2",1,"2020-10-27_17h59.17.799","S2.1ConstantTotalFinal","2020.1.3",60,"XXXXX",8000.38,"MAIL","Related",50.02,30,1,NA,NA,NA,"LETTER"
"AR2",1,"2020-10-27_17h59.17.799","S2.1ConstantTotalFinal","2020.1.3",60,"XXXXX",7999.625,"GEEK","Unrelated",49.345,31,1,NA,NA,NA,NA
"AR2",1,"2020-10-27_17h59.17.799","S2.1ConstantTotalFinal","2020.1.3",60,"XXXXX",8000.065,"ROAD","Unrelated",49.4,32,1,NA,NA,NA,NA
"AR2",1,"2020-10-27_17h59.17.799","S2.1ConstantTotalFinal","2020.1.3",60,"XXXXX",7999.11,"ENGLISH","Identical",48.635,33,1,NA,NA,NA,NA
"AR2",1,"2020-10-27_17h59.17.799","S2.1ConstantTotalFinal","2020.1.3",60,"XXXXX",8000.215,"CARBON","Related",48.975,34,1,NA,NA,NA,"COPY"
"AR2",1,"2020-10-27_17h59.17.799","S2.1ConstantTotalFinal","2020.1.3",60,"XXXXX",7999.895,"TELLER","Related",49.845,35,1,NA,NA,NA,"BANK"
"AR2",1,"2020-10-27_17h59.17.799","S2.1ConstantTotalFinal","2020.1.3",60,"XXXXX",7999.745,"CASTLE","Identical",49.89,36,1,NA,NA,NA,NA
"AR2",1,"2020-10-27_17h59.17.799","S2.1ConstantTotalFinal","2020.1.3",60,"XXXXX",7999.435,"MINIMUM","Identical",48.835,37,1,NA,NA,NA,NA
"AR2",1,"2020-10-27_17h59.17.799","S2.1ConstantTotalFinal","2020.1.3",60,"XXXXX",8000.22,"LAKE","Unrelated",48.735,38,1,NA,NA,NA,NA
"AR2",1,"2020-10-27_17h59.17.799","S2.1ConstantTotalFinal","2020.1.3",60,"ENGLISH",7449.465,"LENS","Related",48.55,39,1,31,"Studied","Identical","GLASSES"
"AR2",1,"2020-10-27_17h59.17.799","S2.1ConstantTotalFinal","2020.1.3",60,"MAID",1282.995,"MAID","Identical",48.785,40,1,14,"Studied","Identical",NA
"AR2",1,"2020-10-27_17h59.17.799","S2.1ConstantTotalFinal","2020.1.3",60,"MAF",649.665,"PERMIT","Related",50.62,41,1,NA,NA,NA,"ALLOW"
"AR2",1,"2020-10-27_17h59.17.799","S2.1ConstantTotalFinal","2020.1.3",60,"MAD",1383.78,"SILK","Identical",49.905,42,1,18,"Studied","Identical",NA
"AR2",1,"2020-10-27_17h59.17.799","S2.1ConstantTotalFinal","2020.1.3",60,"CHURCH",3898.575,"firstword","firstword",NA,1,2,28,"Studied",NA,NA
"AR2",1,"2020-10-27_17h59.17.799","S2.1ConstantTotalFinal","2020.1.3",60,"TAJE",8000.39,"DISCUSS","Related",56.865,2,2,NA,NA,NA,"TALK"
"AR2",1,"2020-10-27_17h59.17.799","S2.1ConstantTotalFinal","2020.1.3",60,"TAKE ",2499.265,"BORROW","Unrelated",49.355,3,2,NA,NA,NA,NA
"AR2",1,"2020-10-27_17h59.17.799","S2.1ConstantTotalFinal","2020.1.3",60,"CLEAR",3549.165,"PERFUME","Related",50.085,4,2,36,"Studied",NA,"SMELL"
"AR2",1,"2020-10-27_17h59.17.799","S2.1ConstantTotalFinal","2020.1.3",60,"YEAR",1816.815,"LETTUCE","Identical",50.16,5,2,37,"Studied",NA,NA
"AR2",1,"2020-10-27_17h59.17.799","S2.1ConstantTotalFinal","2020.1.3",60,"MUSIC",1416.39,"SQUARE","Unrelated",50.415,6,2,NA,NA,NA,NA
"AR2",1,"2020-10-27_17h59.17.799","S2.1ConstantTotalFinal","2020.1.3",60,"ROOF",2166.9,"SABER","Related",50.01,7,2,1,"Studied",NA,"SWORD"
"AR2",1,"2020-10-27_17h59.17.799","S2.1ConstantTotalFinal","2020.1.3",60,"VOLCANO",2533.15,"LOVE","Identical",49.93,8,2,2,"Studied",NA,NA
"AR2",1,"2020-10-27_17h59.17.799","S2.1ConstantTotalFinal","2020.1.3",60,"SICK",1316.22,"LICE","Related",50.07,9,2,5,"Studied",NA,"HAIR"
"AR2",1,"2020-10-27_17h59.17.799","S2.1ConstantTotalFinal","2020.1.3",60,"NONE",4466.33,"DELIGHT","Related",49.58,10,2,42,"Studied",NA,"HAPPY"
"AR2",1,"2020-10-27_17h59.17.799","S2.1ConstantTotalFinal","2020.1.3",60,"SOUR",4549.935,"SPIDER","Unrelated",50,11,2,32,"Studied",NA,NA
"AR2",1,"2020-10-27_17h59.17.799","S2.1ConstantTotalFinal","2020.1.3",60,"XXXXX",8000.61,"VEST","Related",49.935,12,2,NA,NA,NA,"JACKET"
"AR2",1,"2020-10-27_17h59.17.799","S2.1ConstantTotalFinal","2020.1.3",60,"WARM",4398.925,"LOOK","Unrelated",49.215,13,2,12,"Studied",NA,NA
"AR2",1,"2020-10-27_17h59.17.799","S2.1ConstantTotalFinal","2020.1.3",60,"SMELL",1516.905,"SING","Identical",49.94,14,2,13,"Studied",NA,NA
"AR2",1,"2020-10-27_17h59.17.799","S2.1ConstantTotalFinal","2020.1.3",60,"LOVE",3066.71,"BRANCH","Unrelated",50.35,15,2,31,"Studied","Identical",NA
"AR2",1,"2020-10-27_17h59.17.799","S2.1ConstantTotalFinal","2020.1.3",60,"HAIR",1632.95,"DILEMMA","Related",49.93,16,2,29,"Studied",NA,"PROBLEM"
"AR2",1,"2020-10-27_17h59.17.799","S2.1ConstantTotalFinal","2020.1.3",60,"TREE",5366.595,"STATES","Unrelated",50.205,17,2,14,"Studied",NA,NA
"AR2",1,"2020-10-27_17h59.17.799","S2.1ConstantTotalFinal","2020.1.3",60,"XXXXX",8000.095,"READ","Unrelated",50.09,18,2,NA,NA,NA,NA
"AR2",1,"2020-10-27_17h59.17.799","S2.1ConstantTotalFinal","2020.1.3",60,"XXXXX",8000.345,"SEARCH","Related",48.23,19,2,NA,NA,NA,"FIND"
"AR2",1,"2020-10-27_17h59.17.799","S2.1ConstantTotalFinal","2020.1.3",60,"XXXXX",7999.81,"SHIP","Identical",49.075,20,2,NA,NA,NA,NA
"AR2",1,"2020-10-27_17h59.17.799","S2.1ConstantTotalFinal","2020.1.3",60,"XXXXX",8000.73,"THREAD","Unrelated",49.54,21,2,NA,NA,NA,NA
"AR2",1,"2020-10-27_17h59.17.799","S2.1ConstantTotalFinal","2020.1.3",60,"FOOD",4699.61,"CHAIN","Unrelated",48.985,22,2,33,"Studied",NA,NA
"AR2",1,"2020-10-27_17h59.17.799","S2.1ConstantTotalFinal","2020.1.3",60,"XXXXX",7999.91,"CHESS","Related",49.915,23,2,NA,NA,NA,"GAME"
"AR2",1,"2020-10-27_17h59.17.799","S2.1ConstantTotalFinal","2020.1.3",60,"XXXXX",8000.11,"PURPLE","Unrelated",50.075,24,2,NA,NA,NA,NA
"AR2",1,"2020-10-27_17h59.17.799","S2.1ConstantTotalFinal","2020.1.3",60,"XXXXX",8000.69,"HEAR","Identical",48.165,25,2,NA,NA,NA,NA
"AR2",1,"2020-10-27_17h59.17.799","S2.1ConstantTotalFinal","2020.1.3",60,"XXXXX",8000.165,"INHALE","Unrelated",50.27,26,2,NA,NA,NA,NA
"AR2",1,"2020-10-27_17h59.17.799","S2.1ConstantTotalFinal","2020.1.3",60,"XXXXX",8000.77,"VERB","Unrelated",49.465,27,2,NA,NA,NA,NA
"AR2",1,"2020-10-27_17h59.17.799","S2.1ConstantTotalFinal","2020.1.3",60,"XXXXX",7999.525,"LAUGH","Identical",49.535,28,2,NA,NA,NA,NA
"AR2",1,"2020-10-27_17h59.17.799","S2.1ConstantTotalFinal","2020.1.3",60,"MAGIC",3915.95,"GATHER","Related",49.14,29,2,18,"Studied",NA,"COLLECT"
"AR2",1,"2020-10-27_17h59.17.799","S2.1ConstantTotalFinal","2020.1.3",60,"XXXXX",8000.69,"CAMEL","Related",50.12,30,2,NA,NA,NA,"DESERT"
"AR2",1,"2020-10-27_17h59.17.799","S2.1ConstantTotalFinal","2020.1.3",60,"XXXXX",7999.33,"PAIN","Unrelated",48.975,31,2,NA,NA,NA,NA
"AR2",1,"2020-10-27_17h59.17.799","S2.1ConstantTotalFinal","2020.1.3",60,"XXXXX",7998.83,"CHALK","Related",48.655,32,2,NA,NA,NA,"BOARD"
"AR2",1,"2020-10-27_17h59.17.799","S2.1ConstantTotalFinal","2020.1.3",60,"XXXXX",7999.88,"STICKY","Identical",49.585,33,2,NA,NA,NA,NA
"AR2",1,"2020-10-27_17h59.17.799","S2.1ConstantTotalFinal","2020.1.3",60,"XXXXX",8000.06,"FIRST","Unrelated",49.69,34,2,NA,NA,NA,NA
"AR2",1,"2020-10-27_17h59.17.799","S2.1ConstantTotalFinal","2020.1.3",60,"XXXXX",8000.545,"CHIME","Related",49.215,35,2,NA,NA,NA,"BELL"
"AR2",1,"2020-10-27_17h59.17.799","S2.1ConstantTotalFinal","2020.1.3",60,"XXXXX",8000.53,"SHATTER","Related",47.99,36,2,NA,NA,NA,"BREAK"
"AR2",1,"2020-10-27_17h59.17.799","S2.1ConstantTotalFinal","2020.1.3",60,"XXXXX",7999.32,"MIGHT","Related",49.345,37,2,NA,NA,NA,"MAYBE"
"AR2",1,"2020-10-27_17h59.17.799","S2.1ConstantTotalFinal","2020.1.3",60,"XXXXX",8000.085,"STRANGE","Identical",49.235,38,2,NA,NA,NA,NA
"AR2",1,"2020-10-27_17h59.17.799","S2.1ConstantTotalFinal","2020.1.3",60,"XXXXX",8000.075,"SEIZE","Related",49.455,39,2,NA,NA,NA,"TAKE"
"AR2",1,"2020-10-27_17h59.17.799","S2.1ConstantTotalFinal","2020.1.3",60,"XXXXX",7999.8,"MAIN","Related",49.1,40,2,NA,NA,NA,"STREET"
"AR2",1,"2020-10-27_17h59.17.799","S2.1ConstantTotalFinal","2020.1.3",60,"XXXXX",8000.385,"DRESS","Identical",49.305,41,2,NA,NA,NA,NA
"AR2",1,"2020-10-27_17h59.17.799","S2.1ConstantTotalFinal","2020.1.3",60,"XXXXX",7999.555,"CHOOSE","Identical",50.365,42,2,NA,NA,NA,NA
"AR2",1,"2020-10-27_17h59.17.799","S2.1ConstantTotalFinal","2020.1.3",60,"SLIDE",3282.71,"firstword","firstword",NA,1,3,35,"Studied",NA,NA
"AR2",1,"2020-10-27_17h59.17.799","S2.1ConstantTotalFinal","2020.1.3",60,"RAIN",2716.96,"BALLOT","Related",48.795,2,3,33,"Studied",NA,"VOTE"
"AR2",1,"2020-10-27_17h59.17.799","S2.1ConstantTotalFinal","2020.1.3",60,"SHERIFF",5900.04,"PLIERS","Related",49.695,3,3,32,"Studied",NA,"TOOL"
"AR2",1,"2020-10-27_17h59.17.799","S2.1ConstantTotalFinal","2020.1.3",60,"SLIVER",2382.43,"CHILD","Identical",50,4,3,NA,NA,NA,NA
"AR2",1,"2020-10-27_17h59.17.799","S2.1ConstantTotalFinal","2020.1.3",60,"TOOL",7466.555,"DEEP","Related",50.225,5,3,40,"Studied",NA,"SHALLOW"
"AR2",1,"2020-10-27_17h59.17.799","S2.1ConstantTotalFinal","2020.1.3",60,"XXXXX",8000.795,"PIECE","Identical",49.625,6,3,NA,NA,NA,NA
"AR2",1,"2020-10-27_17h59.17.799","S2.1ConstantTotalFinal","2020.1.3",60,"XXXXX",8000.6,"CLOSE","Unrelated",49.745,7,3,NA,NA,NA,NA
"AR2",1,"2020-10-27_17h59.17.799","S2.1ConstantTotalFinal","2020.1.3",60,"MANY",1632.67,"MANY","Identical",49.655,8,3,7,"Studied","Identical",NA
"AR2",1,"2020-10-27_17h59.17.799","S2.1ConstantTotalFinal","2020.1.3",60,"CLOWN",3866.945,"ENTER","Unrelated",50.255,9,3,38,"Studied",NA,NA
"AR2",1,"2020-10-27_17h59.17.799","S2.1ConstantTotalFinal","2020.1.3",60,"XXXXX",8000.915,"SHARK","Unrelated",50.135,10,3,NA,NA,NA,NA
"AR2",1,"2020-10-27_17h59.17.799","S2.1ConstantTotalFinal","2020.1.3",60,"XXXXX",7999.395,"GIRLS","Unrelated",50.04,11,3,NA,NA,NA,NA
"AR2",1,"2020-10-27_17h59.17.799","S2.1ConstantTotalFinal","2020.1.3",60,"VOTW",7999.995,"PLEASE","Related",49.405,12,3,NA,NA,NA,"THANKS"
"AR2",1,"2020-10-27_17h59.17.799","S2.1ConstantTotalFinal","2020.1.3",60,"VOTE",1499.45,"TIGER","Unrelated",49.315,13,3,22,"Studied",NA,NA
"AR2",1,"2020-10-27_17h59.17.799","S2.1ConstantTotalFinal","2020.1.3",60,"DEATH",3250.03,"HORSE","Unrelated",49.52,14,3,23,"Studied",NA,NA
"AR2",1,"2020-10-27_17h59.17.799","S2.1ConstantTotalFinal","2020.1.3",60,"QUIET",3049.28,"LEAVES","Unrelated",49.475,15,3,24,"Studied",NA,NA
"AR2",1,"2020-10-27_17h59.17.799","S2.1ConstantTotalFinal","2020.1.3",60,"CHILD",2316.305,"AIRPORT","Related",49.655,16,3,27,"Studied","Identical","PLANE "
"AR2",1,"2020-10-27_17h59.17.799","S2.1ConstantTotalFinal","2020.1.3",60,"XXXXX",7999.95,"ANIMAL","Unrelated",49.145,17,3,NA,NA,NA,NA
"AR2",1,"2020-10-27_17h59.17.799","S2.1ConstantTotalFinal","2020.1.3",60,"XXXXX",7999.53,"LEASE","Related",49.45,18,3,NA,NA,NA,"RENT"
"AR2",1,"2020-10-27_17h59.17.799","S2.1ConstantTotalFinal","2020.1.3",60,"XXXXX",8000.035,"CLOCK","Unrelated",48.87,19,3,NA,NA,NA,NA
"AR2",1,"2020-10-27_17h59.17.799","S2.1ConstantTotalFinal","2020.1.3",60,"XXXXX",8000.715,"QUEEN","Unrelated",49.14,20,3,NA,NA,NA,NA
"AR2",1,"2020-10-27_17h59.17.799","S2.1ConstantTotalFinal","2020.1.3",60,"XXXXX",8000.11,"PARDON","Related",49.775,21,3,NA,NA,NA,"EXCUSE"
"AR2",1,"2020-10-27_17h59.17.799","S2.1ConstantTotalFinal","2020.1.3",60,"XXXXX",7999.365,"POTATO","Identical",49.37,22,3,NA,NA,NA,NA
"AR2",1,"2020-10-27_17h59.17.799","S2.1ConstantTotalFinal","2020.1.3",60,"XXXXX",7999.73,"MUSCLE","Unrelated",48.75,23,3,NA,NA,NA,NA
"AR2",1,"2020-10-27_17h59.17.799","S2.1ConstantTotalFinal","2020.1.3",60,"XXXXX",8000.5,"STRIPE","Identical",49.295,24,3,NA,NA,NA,NA
"AR2",1,"2020-10-27_17h59.17.799","S2.1ConstantTotalFinal","2020.1.3",60,"XXXXX",7999.8,"SHEARS","Related",49.195,25,3,NA,NA,NA,"SCISSORS"
"AR2",1,"2020-10-27_17h59.17.799","S2.1ConstantTotalFinal","2020.1.3",60,"XXXXX",7988.765,"THICK","Related",49.18,26,3,NA,NA,NA,"THIN"
"AR2",1,"2020-10-27_17h59.17.799","S2.1ConstantTotalFinal","2020.1.3",60,"XXXXX",7999.615,"IMMORAL","Related",50.325,27,3,NA,NA,NA,"WRONG"
"AR2",1,"2020-10-27_17h59.17.799","S2.1ConstantTotalFinal","2020.1.3",60,"XXXXX",3042.285,"STAMP","Identical",49.265,28,3,NA,NA,NA,NA
"AR2",1,"2020-10-27_17h59.17.799","S2.1ConstantTotalFinal","2020.1.3",60,"XXXXX",924.325,"CHARGE","Related",50.09,29,3,NA,NA,NA,"CARD"
"AR2",1,"2020-10-27_17h59.17.799","S2.1ConstantTotalFinal","2020.1.3",60,"XXXXX",316.4,"BLADE","Related",50.14,30,3,NA,NA,NA,"KNIFE"
"AR2",1,"2020-10-27_17h59.17.799","S2.1ConstantTotalFinal","2020.1.3",60,"XXXXX",516.375,"ANNOY","Identical",50.47,31,3,NA,NA,NA,NA
"AR2",1,"2020-10-27_17h59.17.799","S2.1ConstantTotalFinal","2020.1.3",60,"XXXXX",533.205,"BEHIND","Unrelated",49.36,32,3,NA,NA,NA,NA
"AR2",1,"2020-10-27_17h59.17.799","S2.1ConstantTotalFinal","2020.1.3",60,"XXXXX",400.605,"TRAILER","Identical",49.92,33,3,NA,NA,NA,NA
"AR2",1,"2020-10-27_17h59.17.799","S2.1ConstantTotalFinal","2020.1.3",60,"XXXXX",333.165,"QUART","Unrelated",50.105,34,3,NA,NA,NA,NA
"AR2",1,"2020-10-27_17h59.17.799","S2.1ConstantTotalFinal","2020.1.3",60,"XXXXX",306.97,"AGREE","Related",49.965,35,3,NA,NA,NA,"DISAGREE"
"AR2",1,"2020-10-27_17h59.17.799","S2.1ConstantTotalFinal","2020.1.3",60,"XXXXX",399.825,"THROAT","Related",50.48,36,3,NA,NA,NA,"NECK"
"AR2",1,"2020-10-27_17h59.17.799","S2.1ConstantTotalFinal","2020.1.3",60,"XXXXX",899.56,"PLANT","Unrelated",50.68,37,3,NA,NA,NA,NA
"AR2",1,"2020-10-27_17h59.17.799","S2.1ConstantTotalFinal","2020.1.3",60,"XXXXX",432.645,"INTENT","Related",49.69,38,3,NA,NA,NA,"PURPOSE"
"AR2",1,"2020-10-27_17h59.17.799","S2.1ConstantTotalFinal","2020.1.3",60,"XXXXX",400.765,"TARNISH","Related",50.535,39,3,NA,NA,NA,"SILVER"
"AR2",1,"2020-10-27_17h59.17.799","S2.1ConstantTotalFinal","2020.1.3",60,"XXXXX",432.95,"SKETCH","Related",50.005,40,3,NA,NA,NA,"DRAW"
"AR2",1,"2020-10-27_17h59.17.799","S2.1ConstantTotalFinal","2020.1.3",60,"XXXXX",616.275,"SAME","Identical",49.86,41,3,NA,NA,NA,NA
"AR2",1,"2020-10-27_17h59.17.799","S2.1ConstantTotalFinal","2020.1.3",60,"XXXXX",883.045,"SHOVE","Unrelated",50.09,42,3,NA,NA,NA,NA
"AR2",1,"2020-10-27_17h59.17.799","S2.1ConstantTotalFinal","2020.1.3",60,"STEAL",1999.655,"firstword","firstword",NA,1,4,29,"Studied",NA,NA
"AR2",1,"2020-10-27_17h59.17.799","S2.1ConstantTotalFinal","2020.1.3",60,"KNIT",1899.655,"SICKLE","Related",48.965,2,4,41,"Studied",NA,"CELL"
"AR2",1,"2020-10-27_17h59.17.799","S2.1ConstantTotalFinal","2020.1.3",60,"MOVE",1571.855,"SONG","Unrelated",49.925,3,4,7,"Studied",NA,NA
"AR2",1,"2020-10-27_17h59.17.799","S2.1ConstantTotalFinal","2020.1.3",60,"ROSE",1766.15,"PRIM","Related",49.625,4,4,8,"Studied",NA,"PROPER"
"AR2",1,"2020-10-27_17h59.17.799","S2.1ConstantTotalFinal","2020.1.3",60,"WOOD",1266.51,"ALGEBRA","Related",50.11,5,4,37,"Studied",NA,"MATH"
"AR2",1,"2020-10-27_17h59.17.799","S2.1ConstantTotalFinal","2020.1.3",60,"PENNY",2156.135,"SHEEP","Identical",49.75,6,4,33,"Studied",NA,NA
"AR2",1,"2020-10-27_17h59.17.799","S2.1ConstantTotalFinal","2020.1.3",60,"NIGHTS",1582.975,"CLAM","Unrelated",53.45,7,4,34,"Studied",NA,NA
"AR2",1,"2020-10-27_17h59.17.799","S2.1ConstantTotalFinal","2020.1.3",60,"STRESS",2023.46,"DREAM","Unrelated",50.03,8,4,40,"Studied",NA,NA
"AR2",1,"2020-10-27_17h59.17.799","S2.1ConstantTotalFinal","2020.1.3",60,"CLASS",3549.625,"NUMBER","Unrelated",50.41,9,4,2,"Studied",NA,NA
"AR2",1,"2020-10-27_17h59.17.799","S2.1ConstantTotalFinal","2020.1.3",60,"GUILT",2688.645,"YELLOW","Unrelated",50.195,10,4,15,"Studied",NA,NA
"AR2",1,"2020-10-27_17h59.17.799","S2.1ConstantTotalFinal","2020.1.3",60,"XXXXX",8001.185,"TWELVE","Unrelated",49.955,11,4,NA,NA,NA,NA
"AR2",1,"2020-10-27_17h59.17.799","S2.1ConstantTotalFinal","2020.1.3",60,"TOOTH",2431.985,"GALLON","Related",49.785,12,4,35,"Studied",NA,"MILK"
"AR2",1,"2020-10-27_17h59.17.799","S2.1ConstantTotalFinal","2020.1.3",60,"TOWN",4138.7,"POLICY","Related",49.89,13,4,36,"Studied",NA,"RULE"
"AR2",1,"2020-10-27_17h59.17.799","S2.1ConstantTotalFinal","2020.1.3",60,"XXXXX",8000.19,"LENGTH","Unrelated",50.18,14,4,NA,NA,NA,NA
"AR2",1,"2020-10-27_17h59.17.799","S2.1ConstantTotalFinal","2020.1.3",60,"STRESS",1915.145,"STREAM","Unrelated",49.265,15,4,40,"Studied",NA,NA
"AR2",1,"2020-10-27_17h59.17.799","S2.1ConstantTotalFinal","2020.1.3",60,"XXXXX",7988.125,"TOMB","Related",49.31,16,4,NA,NA,NA,"GRAVE"
"AR2",1,"2020-10-27_17h59.17.799","S2.1ConstantTotalFinal","2020.1.3",60,"LIGHT",1582.04,"WEST","Unrelated",49.725,17,4,9,"Studied",NA,NA
"AR2",1,"2020-10-27_17h59.17.799","S2.1ConstantTotalFinal","2020.1.3",60,"SELF",2871.685,"MONEY","Unrelated",49.975,18,4,4,"Studied",NA,NA
"AR2",1,"2020-10-27_17h59.17.799","S2.1ConstantTotalFinal","2020.1.3",60,"XXXXX",8003.705,"WORK","Unrelated",46.59,19,4,NA,NA,NA,NA
"AR2",1,"2020-10-27_17h59.17.799","S2.1ConstantTotalFinal","2020.1.3",60,"TOUCH",6832.03,"FLOWER","Unrelated",49.54,20,4,5,"Studied",NA,NA
"AR2",1,"2020-10-27_17h59.17.799","S2.1ConstantTotalFinal","2020.1.3",60,"XXXXX",8000.81,"CANYON","Related",49.635,21,4,NA,NA,NA,"GRAND"
"AR2",1,"2020-10-27_17h59.17.799","S2.1ConstantTotalFinal","2020.1.3",60,"SKIN",1332.88,"SMOOTH","Unrelated",49.24,22,4,38,"Studied",NA,NA
"AR2",1,"2020-10-27_17h59.17.799","S2.1ConstantTotalFinal","2020.1.3",60,"BRAIN",2503.765,"HEAD","Identical",49.935,23,4,6,"Studied",NA,NA
"AR2",1,"2020-10-27_17h59.17.799","S2.1ConstantTotalFinal","2020.1.3",60,"XXXXX",8001.28,"LEGS","Related",50.025,24,4,NA,NA,NA,"ARMS"
"AR2",1,"2020-10-27_17h59.17.799","S2.1ConstantTotalFinal","2020.1.3",60,"XXXXX",8004.685,"BABY","Identical",49.52,25,4,NA,NA,NA,NA
"AR2",1,"2020-10-27_17h59.17.799","S2.1ConstantTotalFinal","2020.1.3",60,"XXXXX",7393.125,"STAIRS","Unrelated",45.785,26,4,NA,NA,NA,NA
"AR2",1,"2020-10-27_17h59.17.799","S2.1ConstantTotalFinal","2020.1.3",60,"XXXXX",7999.4,"DOCTOR","Identical",48.085,27,4,NA,NA,NA,NA
"AR2",1,"2020-10-27_17h59.17.799","S2.1ConstantTotalFinal","2020.1.3",60,"XXXXX",7999.885,"BIRD","Unrelated",49.81,28,4,NA,NA,NA,NA
"AR2",1,"2020-10-27_17h59.17.799","S2.1ConstantTotalFinal","2020.1.3",60,"XXXXX",450.345,"FAKE","Identical",49.36,29,4,NA,NA,NA,NA
"AR2",1,"2020-10-27_17h59.17.799","S2.1ConstantTotalFinal","2020.1.3",60,"XXXXX",199.945,"STING","Identical",49.625,30,4,NA,NA,NA,NA
"AR2",1,"2020-10-27_17h59.17.799","S2.1ConstantTotalFinal","2020.1.3",60,"XXXXX",146.285,"WRITE","Identical",49.66,31,4,NA,NA,NA,NA
"AR2",1,"2020-10-27_17h59.17.799","S2.1ConstantTotalFinal","2020.1.3",60,"XXXXX",366.815,"AGAIN","Related",49.725,32,4,NA,NA,NA,"REPEAT"
"AR2",1,"2020-10-27_17h59.17.799","S2.1ConstantTotalFinal","2020.1.3",60,"XXXXX",4832.845,"LOAF","Related",49.315,33,4,NA,NA,NA,"BREAD"
"AR2",1,"2020-10-27_17h59.17.799","S2.1ConstantTotalFinal","2020.1.3",60,"XXXXX",966.19,"OUTTAKE","Unrelated",49.9,34,4,NA,NA,NA,NA
"AR2",1,"2020-10-27_17h59.17.799","S2.1ConstantTotalFinal","2020.1.3",60,"XXXXX",405.445,"UNDER","Identical",49.73,35,4,NA,NA,NA,NA
"AR2",1,"2020-10-27_17h59.17.799","S2.1ConstantTotalFinal","2020.1.3",60,"XXXXX",339.02,"WEIGHT","Unrelated",49.905,36,4,NA,NA,NA,NA
"AR2",1,"2020-10-27_17h59.17.799","S2.1ConstantTotalFinal","2020.1.3",60,"XXXXX",355.08,"TOPIC","Related",49.62,37,4,NA,NA,NA,"SUBJECT"
"AR2",1,"2020-10-27_17h59.17.799","S2.1ConstantTotalFinal","2020.1.3",60,"XXXXX",354.4,"SHEETS","Unrelated",50.4,38,4,NA,NA,NA,NA
"AR2",1,"2020-10-27_17h59.17.799","S2.1ConstantTotalFinal","2020.1.3",60,"XXXXX",433.255,"LAWYER","Unrelated",49.795,39,4,NA,NA,NA,NA
"AR2",1,"2020-10-27_17h59.17.799","S2.1ConstantTotalFinal","2020.1.3",60,"XXXXX",516.03,"IMPLODE","Related",50.145,40,4,NA,NA,NA,"EXPLODE"
"AR2",1,"2020-10-27_17h59.17.799","S2.1ConstantTotalFinal","2020.1.3",60,"XXXXX",7988.97,"FISH","Unrelated",50.26,41,4,NA,NA,NA,NA
"AR2",1,"2020-10-27_17h59.17.799","S2.1ConstantTotalFinal","2020.1.3",60,"XXXXX",2098.665,"BLOUSE","Related",49.685,42,4,NA,NA,NA,"SHIRT"
