"participant","session","date","expName","psychopyVersion","frameRate","RecalledWord","RT","Prime","PrimeCon","PrimeDuration","OutputPosition","Block","StudyPosition","Studied","PrimeRecalledCondition","PrimeFor"
"AS2",1,"2020-09-22_15h04.55.483","S2.4ConstantTotalFinal","2020.1.3",60,"UNDER",2749.61,"firstword","firstword",NA,1,1,1,"Studied",NA,NA
"AS2",1,"2020-09-22_15h04.55.483","S2.4ConstantTotalFinal","2020.1.3",60,"HOLE",1417.215,"CHEESE","Unrelated",49.00500001,2,1,NA,NA,NA,NA
"AS2",1,"2020-09-22_15h04.55.483","S2.4ConstantTotalFinal","2020.1.3",60,"DOCTOR",1850.71,"WEST","Unrelated",50.495,3,1,29,"Studied",NA,NA
"AS2",1,"2020-09-22_15h04.55.483","S2.4ConstantTotalFinal","2020.1.3",60,"TOOTH",1549.63,"DUMB","Related",51.10499999,4,1,6,"Studied",NA,"STUPID"
"AS2",1,"2020-09-22_15h04.55.483","S2.4ConstantTotalFinal","2020.1.3",60,"TOWN",5466.65,"BEACH","Unrelated",50.105,5,1,5,"Studied",NA,NA
"AS2",1,"2020-09-22_15h04.55.483","S2.4ConstantTotalFinal","2020.1.3",60,"ROPE",4465.435,"PICKLE","Unrelated",49.55499998,6,1,NA,NA,NA,NA
"AS2",1,"2020-09-22_15h04.55.483","S2.4ConstantTotalFinal","2020.1.3",60,"WOOD",966.16,"AGAIN","Related",50.025,7,1,38,"Studied",NA,"REPEAT"
"AS2",1,"2020-09-22_15h04.55.483","S2.4ConstantTotalFinal","2020.1.3",60,"DOOR",1082.245,"DAGGER","Unrelated",49.86,8,1,NA,NA,"Unrelated",NA
"AS2",1,"2020-09-22_15h04.55.483","S2.4ConstantTotalFinal","2020.1.3",60,"XXXXX",8000.535,"LEOPARD","Related",48.93000002,9,1,NA,NA,NA,"SPOTS"
"AS2",1,"2020-09-22_15h04.55.483","S2.4ConstantTotalFinal","2020.1.3",60,"XXXXX",15299.415,"CLAM","Unrelated",49.53999998,10,1,NA,NA,NA,NA
"AS2",1,"2020-09-22_15h04.55.483","S2.4ConstantTotalFinal","2020.1.3",60,"XXXXX",7999.83,"GRAVE","Identical",49.73,11,1,NA,NA,NA,NA
"AS2",1,"2020-09-22_15h04.55.483","S2.4ConstantTotalFinal","2020.1.3",60,"WHERE",6166.53,"MIND","Related",50.25,12,1,NA,NA,NA,"BRAIN"
"AS2",1,"2020-09-22_15h04.55.483","S2.4ConstantTotalFinal","2020.1.3",60," ",7999.855,"IMPLODE","Related",49.12499999,13,1,NA,NA,NA,"EXPLODE"
"AS2",1,"2020-09-22_15h04.55.483","S2.4ConstantTotalFinal","2020.1.3",60,"POP",8000.605,"WRITE","Identical",48.985,14,1,NA,NA,NA,NA
"AS2",1,"2020-09-22_15h04.55.483","S2.4ConstantTotalFinal","2020.1.3",60,"DOOR",7218.125,"KNIT","Identical",50.09499998,15,1,NA,NA,"Unrelated",NA
"AS2",1,"2020-09-22_15h04.55.483","S2.4ConstantTotalFinal","2020.1.3",60,"CH",7999.02,"TOUCH","Identical",49,16,1,NA,NA,NA,NA
"AS2",1,"2020-09-22_15h04.55.483","S2.4ConstantTotalFinal","2020.1.3",60,"UNDER",6083.41,"RULE","Identical",50.49499997,17,1,1,"Studied",NA,NA
"AS2",1,"2020-09-22_15h04.55.483","S2.4ConstantTotalFinal","2020.1.3",60,"NAIL",8000.595,"THORN","Related",48.81499999,18,1,NA,NA,NA,"ROSE"
"AS2",1,"2020-09-22_15h04.55.483","S2.4ConstantTotalFinal","2020.1.3",60,"XXXXX",8015.515,"CLIMB","Identical",50.17,19,1,NA,NA,NA,NA
"AS2",1,"2020-09-22_15h04.55.483","S2.4ConstantTotalFinal","2020.1.3",60,"XXXXX",7990.385,"SKULL","Related",51.73500002,20,1,NA,NA,NA,"HEAD"
"AS2",1,"2020-09-22_15h04.55.483","S2.4ConstantTotalFinal","2020.1.3",60,"XXXXX",7988.365,"PROPER","Identical",49.115,21,1,NA,NA,NA,NA
"AS2",1,"2020-09-22_15h04.55.483","S2.4ConstantTotalFinal","2020.1.3",60,"XXXXX",7999.08,"NUMBER","Unrelated",49.83,22,1,NA,NA,NA,NA
"AS2",1,"2020-09-22_15h04.55.483","S2.4ConstantTotalFinal","2020.1.3",60,"XXXXX",8000.065,"SHIFT","Related",55.75,23,1,NA,NA,NA,"MOVE"
"AS2",1,"2020-09-22_15h04.55.483","S2.4ConstantTotalFinal","2020.1.3",60,"XXXXX",8000.83,"MONEY","Unrelated",39.24500002,24,1,NA,NA,NA,NA
"AS2",1,"2020-09-22_15h04.55.483","S2.4ConstantTotalFinal","2020.1.3",60,"XXXXX",7990.895,"DAYS","Related",48.97999999,25,1,NA,NA,NA,"NIGHTS"
"AS2",1,"2020-09-22_15h04.55.483","S2.4ConstantTotalFinal","2020.1.3",60,"XXXXX",8000.65,"SONG","Unrelated",91.00499999,26,1,NA,NA,NA,NA
"AS2",1,"2020-09-22_15h04.55.483","S2.4ConstantTotalFinal","2020.1.3",60,"XXXXX",7999.485,"FISH","Unrelated",49.80000001,27,1,NA,NA,NA,NA
"AS2",1,"2020-09-22_15h04.55.483","S2.4ConstantTotalFinal","2020.1.3",60,"XXXXX",7999.685,"BIKE","Identical",49.795,28,1,NA,NA,NA,NA
"AS2",1,"2020-09-22_15h04.55.483","S2.4ConstantTotalFinal","2020.1.3",60,"XXXXX",7999.415,"CENT","Related",49.41000001,29,1,NA,NA,NA,NA
"AS2",1,"2020-09-22_15h04.55.483","S2.4ConstantTotalFinal","2020.1.3",60,"XXXXX",7999.5,"ARMS","Identical",49.18,30,1,NA,NA,NA,NA
"AS2",1,"2020-09-22_15h04.55.483","S2.4ConstantTotalFinal","2020.1.3",60,"XXXXX",7998.67,"RIGHT","Unrelated",48.84499998,31,1,NA,NA,NA,NA
"AS2",1,"2020-09-22_15h04.55.483","S2.4ConstantTotalFinal","2020.1.3",60,"XXXXX",7999.74,"DREAM","Unrelated",50.53500002,32,1,NA,NA,NA,NA
"AS2",1,"2020-09-22_15h04.55.483","S2.4ConstantTotalFinal","2020.1.3",60,"XXXXX",7999.845,"LIGHT","Identical",48.905,33,1,NA,NA,NA,NA
"AS2",1,"2020-09-22_15h04.55.483","S2.4ConstantTotalFinal","2020.1.3",60,"XXXXX",8000.195,"GUITAR","Unrelated",52.40999997,34,1,NA,NA,NA,NA
"AS2",1,"2020-09-22_15h04.55.483","S2.4ConstantTotalFinal","2020.1.3",60,"XXXXX",8249.925,"JAIL","Unrelated",49.90500002,35,1,NA,NA,NA,NA
"AS2",1,"2020-09-22_15h04.55.483","S2.4ConstantTotalFinal","2020.1.3",60,"XXXXX",7998.6,"BREAD","Identical",49.30499999,36,1,NA,NA,NA,NA
"AS2",1,"2020-09-22_15h04.55.483","S2.4ConstantTotalFinal","2020.1.3",60,"XXXXX",8000.645,"NEPHEW","Unrelated",49.17000001,37,1,NA,NA,NA,NA
"AS2",1,"2020-09-22_15h04.55.483","S2.4ConstantTotalFinal","2020.1.3",60,"XXXXX",7999.795,"CRACKER","Unrelated",50.59500001,38,1,NA,NA,NA,NA
"AS2",1,"2020-09-22_15h04.55.483","S2.4ConstantTotalFinal","2020.1.3",60,"XXXXX",8003.5,"BLOUSE","Related",49.64499999,39,1,NA,NA,NA,"SHIRT"
"AS2",1,"2020-09-22_15h04.55.483","S2.4ConstantTotalFinal","2020.1.3",60,"XXXXX",8001.405,"SHEEP","Identical",49.93499999,40,1,NA,NA,NA,NA
"AS2",1,"2020-09-22_15h04.55.483","S2.4ConstantTotalFinal","2020.1.3",60,"XXXXX",8001.39,"YELLOW","Unrelated",49.81500001,41,1,NA,NA,NA,NA
"AS2",1,"2020-09-22_15h04.55.483","S2.4ConstantTotalFinal","2020.1.3",60,"XXXXX",7999.4,"GUILT","Identical",49.65999999,42,1,NA,NA,NA,NA
"AS2",1,"2020-09-22_15h04.55.483","S2.4ConstantTotalFinal","2020.1.3",60,"SLEEP",1683.21,"firstword","firstword",NA,1,2,15,"Studied",NA,NA
"AS2",1,"2020-09-22_15h04.55.483","S2.4ConstantTotalFinal","2020.1.3",60,"TIRED",1234.57,"MANAGER","Related",48.84,2,2,14,"Studied",NA,"BOSS"
"AS2",1,"2020-09-22_15h04.55.483","S2.4ConstantTotalFinal","2020.1.3",60,"ALLOW",1732.535,"LARGE","Identical",50.47000002,3,2,1,"Studied",NA,NA
"AS2",1,"2020-09-22_15h04.55.483","S2.4ConstantTotalFinal","2020.1.3",60,"BOSS",1166.615,"PICTURE","Unrelated",49.81499998,4,2,4,"Studied",NA,NA
"AS2",1,"2020-09-22_15h04.55.483","S2.4ConstantTotalFinal","2020.1.3",60,"GLASSES",2284.11,"BRIDE","Unrelated",50.76499999,5,2,3,"Studied",NA,NA
"AS2",1,"2020-09-22_15h04.55.483","S2.4ConstantTotalFinal","2020.1.3",60,"SPICE",1566.77,"MONKEY","Identical",49.36,6,2,5,"Studied",NA,NA
"AS2",1,"2020-09-22_15h04.55.483","S2.4ConstantTotalFinal","2020.1.3",60,"XXXXX",8001.05,"ROAD","Unrelated",50.8,7,2,NA,NA,NA,NA
"AS2",1,"2020-09-22_15h04.55.483","S2.4ConstantTotalFinal","2020.1.3",60,"SNEEZE",3683.86,"ANGER","Related",50.04999999,8,2,13,"Studied",NA,"MAD"
"AS2",1,"2020-09-22_15h04.55.483","S2.4ConstantTotalFinal","2020.1.3",60,"BALL",3889.105,"NOISE","Unrelated",49.17499999,9,2,NA,NA,NA,NA
"AS2",1,"2020-09-22_15h04.55.483","S2.4ConstantTotalFinal","2020.1.3",60,"PLAN",2667.75,"DOOR","Unrelated",49.93500002,10,2,12,"Studied",NA,NA
"AS2",1,"2020-09-22_15h04.55.483","S2.4ConstantTotalFinal","2020.1.3",60,"FIRE",3749.67,"HARD","Related",50.10999998,11,2,40,"Studied",NA,"SOFT"
"AS2",1,"2020-09-22_15h04.55.483","S2.4ConstantTotalFinal","2020.1.3",60,"WATER",3750.19,"SWAMP","Unrelated",50.50499999,12,2,37,"Studied",NA,NA
"AS2",1,"2020-09-22_15h04.55.483","S2.4ConstantTotalFinal","2020.1.3",60,"OVEN",1332.615,"FRONT","Identical",48.83500002,13,2,38,"Studied",NA,NA
"AS2",1,"2020-09-22_15h04.55.483","S2.4ConstantTotalFinal","2020.1.3",60,"XXXXX",8000.925,"HELLO","Identical",49.42,14,2,NA,NA,NA,NA
"AS2",1,"2020-09-22_15h04.55.483","S2.4ConstantTotalFinal","2020.1.3",60,"SNEEZE",2333.905,"SURE","Identical",50.12,15,2,13,"Studied",NA,NA
"AS2",1,"2020-09-22_15h04.55.483","S2.4ConstantTotalFinal","2020.1.3",60,"XXXXX",8000.51,"CLEVER","Related",50.48999999,16,2,NA,NA,NA,"SMART"
"AS2",1,"2020-09-22_15h04.55.483","S2.4ConstantTotalFinal","2020.1.3",60,"GOOD",5005.805,"HAUL","Related",49.18,17,2,NA,NA,NA,"CARRY"
"AS2",1,"2020-09-22_15h04.55.483","S2.4ConstantTotalFinal","2020.1.3",60,"CIRCLE",4899.585,"MAIL","Related",49.96999999,18,2,NA,NA,NA,"LETTER"
"AS2",1,"2020-09-22_15h04.55.483","S2.4ConstantTotalFinal","2020.1.3",60,"XXXXX",7993.26,"TIGHT","Unrelated",49.62000001,19,2,NA,NA,NA,NA
"AS2",1,"2020-09-22_15h04.55.483","S2.4ConstantTotalFinal","2020.1.3",60,"XXXXX",8000.625,"KISS","Unrelated",49.57,20,2,NA,NA,NA,NA
"AS2",1,"2020-09-22_15h04.55.483","S2.4ConstantTotalFinal","2020.1.3",60,"XXXXX",8001.06,"WORLD","Unrelated",51.53,21,2,NA,NA,NA,NA
"AS2",1,"2020-09-22_15h04.55.483","S2.4ConstantTotalFinal","2020.1.3",60,"XXXXX",7997.755,"EFFECT","Identical",48.68000001,22,2,NA,NA,NA,NA
"AS2",1,"2020-09-22_15h04.55.483","S2.4ConstantTotalFinal","2020.1.3",60,"XXXXX",7999.82,"FIVE","Unrelated",49.08999999,23,2,NA,NA,NA,NA
"AS2",1,"2020-09-22_15h04.55.483","S2.4ConstantTotalFinal","2020.1.3",60,"BREATHELCOM",8000.565,"BELOW","Unrelated",49.57999999,24,2,NA,NA,NA,NA
"AS2",1,"2020-09-22_15h04.55.483","S2.4ConstantTotalFinal","2020.1.3",60,"SMELL",7999.65,"MOAT","Related",48.38499997,25,2,NA,NA,NA,"CASTLE"
"AS2",1,"2020-09-22_15h04.55.483","S2.4ConstantTotalFinal","2020.1.3",60,"XXXXX",7999.485,"SATIN","Related",49.715,26,2,NA,NA,NA,"SILK"
"AS2",1,"2020-09-22_15h04.55.483","S2.4ConstantTotalFinal","2020.1.3",60,"XXXXX",8001.3,"COPY","Identical",49.91500001,27,2,NA,NA,NA,NA
"AS2",1,"2020-09-22_15h04.55.483","S2.4ConstantTotalFinal","2020.1.3",60,"XXXXX",8000.005,"WHEAT","Unrelated",56.625,28,2,NA,NA,NA,NA
"AS2",1,"2020-09-22_15h04.55.483","S2.4ConstantTotalFinal","2020.1.3",60,"XXXXX",7998.855,"DESIRE","Related",48.32,29,2,NA,NA,NA,"WANT"
"AS2",1,"2020-09-22_15h04.55.483","S2.4ConstantTotalFinal","2020.1.3",60,"XXXXX",8000.245,"UNCLEAR","Identical",49.70500001,30,2,NA,NA,NA,NA
"AS2",1,"2020-09-22_15h04.55.483","S2.4ConstantTotalFinal","2020.1.3",60,"XXXXX",7999.525,"SERVANT","Related",50.25,31,2,NA,NA,NA,"MAID"
"AS2",1,"2020-09-22_15h04.55.483","S2.4ConstantTotalFinal","2020.1.3",60,"XXXXX",8043.98,"MINIMUM","Identical",49.78499998,32,2,NA,NA,NA,NA
"AS2",1,"2020-09-22_15h04.55.483","S2.4ConstantTotalFinal","2020.1.3",60,"XXXXX",7998.605,"ITCH","Identical",100.235,33,2,NA,NA,NA,NA
"AS2",1,"2020-09-22_15h04.55.483","S2.4ConstantTotalFinal","2020.1.3",60,"XXXXX",8063.26,"SMALL","Identical",51.00500002,34,2,NA,NA,NA,NA
"AS2",1,"2020-09-22_15h04.55.483","S2.4ConstantTotalFinal","2020.1.3",60,"XXXXX",7999.79,"BLACK","Unrelated",46.115,35,2,NA,NA,NA,NA
"AS2",1,"2020-09-22_15h04.55.483","S2.4ConstantTotalFinal","2020.1.3",60,"XXXXX",8000.965,"TELLER","Related",49.88499999,36,2,NA,NA,NA,"BANK"
"AS2",1,"2020-09-22_15h04.55.483","S2.4ConstantTotalFinal","2020.1.3",60,"XXXXX",8000.54,"FROG","Unrelated",50.40000001,37,2,NA,NA,NA,NA
"AS2",1,"2020-09-22_15h04.55.483","S2.4ConstantTotalFinal","2020.1.3",60,"XXXXX",8001.7,"FINISH","Identical",50.11000001,38,2,NA,NA,NA,NA
"AS2",1,"2020-09-22_15h04.55.483","S2.4ConstantTotalFinal","2020.1.3",60,"XXXXX",7997.035,"PENCIL","Identical",146.92,39,2,NA,NA,NA,NA
"AS2",1,"2020-09-22_15h04.55.483","S2.4ConstantTotalFinal","2020.1.3",60,"XXXXX",7999.1,"DIGNITY","Related",60.98000001,40,2,NA,NA,NA,"PRIDE"
"AS2",1,"2020-09-22_15h04.55.483","S2.4ConstantTotalFinal","2020.1.3",60,"XXXXX",8006.98,"JEANS","Identical",50.61500001,41,2,NA,NA,NA,NA
"AS2",1,"2020-09-22_15h04.55.483","S2.4ConstantTotalFinal","2020.1.3",60,"XXXXX",7995.85,"DUSK","Unrelated",55.13000002,42,2,NA,NA,NA,NA
"AS2",1,"2020-09-22_15h04.55.483","S2.4ConstantTotalFinal","2020.1.3",60,"DFOO",7999.28,"firstword","firstword",NA,1,3,NA,NA,NA,NA
"AS2",1,"2020-09-22_15h04.55.483","S2.4ConstantTotalFinal","2020.1.3",60,"OD",816.52,"SOAP","Unrelated",50.105,2,3,NA,NA,NA,NA
"AS2",1,"2020-09-22_15h04.55.483","S2.4ConstantTotalFinal","2020.1.3",60,"OOD",1350.805,"GAIN","Related",51.355,3,3,NA,NA,NA,"LOSE"
"AS2",1,"2020-09-22_15h04.55.483","S2.4ConstantTotalFinal","2020.1.3",60,"SING",2116.56,"CANDLE","Unrelated",50.12500001,4,3,24,"Studied",NA,NA
"AS2",1,"2020-09-22_15h04.55.483","S2.4ConstantTotalFinal","2020.1.3",60,"WARM",1699.75,"NONE","Identical",50.91000002,5,3,1,"Studied",NA,NA
"AS2",1,"2020-09-22_15h04.55.483","S2.4ConstantTotalFinal","2020.1.3",60,"OOD",931.785,"DRESS","Identical",49.89999998,6,3,NA,NA,NA,NA
"AS2",1,"2020-09-22_15h04.55.483","S2.4ConstantTotalFinal","2020.1.3",60,"FOOD",2417.565,"SHIP","Identical",50.835,7,3,20,"Studied",NA,NA
"AS2",1,"2020-09-22_15h04.55.483","S2.4ConstantTotalFinal","2020.1.3",60,"CHURCH",2516.855,"FIRST","Unrelated",48.97499998,8,3,17,"Studied",NA,NA
"AS2",1,"2020-09-22_15h04.55.483","S2.4ConstantTotalFinal","2020.1.3",60,"MUSIC",2383.035,"TREE","Identical",49.62499999,9,3,NA,NA,NA,NA
"AS2",1,"2020-09-22_15h04.55.483","S2.4ConstantTotalFinal","2020.1.3",60,"SING",1866.415,"KIDNAP","Unrelated",49.97000002,10,3,24,"Studied",NA,NA
"AS2",1,"2020-09-22_15h04.55.483","S2.4ConstantTotalFinal","2020.1.3",60,"DRESS",1599.25,"DILEMMA","Related",49.89,11,3,28,"Studied","Identical","PROBLEM"
"AS2",1,"2020-09-22_15h04.55.483","S2.4ConstantTotalFinal","2020.1.3",60,"CHOOSE",3966.88,"SLOW","Unrelated",51.94999999,12,3,23,"Studied",NA,NA
"AS2",1,"2020-09-22_15h04.55.483","S2.4ConstantTotalFinal","2020.1.3",60,"XXXXX",7999.91,"WINTER","Unrelated",48.60000001,13,3,NA,NA,NA,NA
"AS2",1,"2020-09-22_15h04.55.483","S2.4ConstantTotalFinal","2020.1.3",60,"CLEAR",1751.41,"FIND","Identical",49.635,14,3,35,"Studied",NA,NA
"AS2",1,"2020-09-22_15h04.55.483","S2.4ConstantTotalFinal","2020.1.3",60,"BREEA",8000.395,"TENNIS","Unrelated",49.49499998,15,3,NA,NA,NA,NA
"AS2",1,"2020-09-22_15h04.55.483","S2.4ConstantTotalFinal","2020.1.3",60,"LAUGH",3899.705,"TALK","Identical",48.68000001,16,3,25,"Studied",NA,NA
"AS2",1,"2020-09-22_15h04.55.483","S2.4ConstantTotalFinal","2020.1.3",60,"SMELL",2455.48,"LESS","Unrelated",50.8,17,3,38,"Studied",NA,NA
"AS2",1,"2020-09-22_15h04.55.483","S2.4ConstantTotalFinal","2020.1.3",60,"SHIP",2049.915,"LETTUCE","Identical",50.61500001,18,3,41,"Studied","Identical",NA
"AS2",1,"2020-09-22_15h04.55.483","S2.4ConstantTotalFinal","2020.1.3",60,"PROBLEM",1466.345,"MIGHT","Related",49.11000002,19,3,31,"Studied",NA,"MAYBE"
"AS2",1,"2020-09-22_15h04.55.483","S2.4ConstantTotalFinal","2020.1.3",60,"HAIR",800.095,"HAPPY","Identical",50.235,20,3,36,"Studied",NA,NA
"AS2",1,"2020-09-22_15h04.55.483","S2.4ConstantTotalFinal","2020.1.3",60,"SPIR",1504.25,"SABER","Related",50.61999999,21,3,NA,NA,NA,"SWORD"
"AS2",1,"2020-09-22_15h04.55.483","S2.4ConstantTotalFinal","2020.1.3",60,"SOUR",1366.48,"CHIME","Related",49.80499999,22,3,14,"Studied",NA,"BELL"
"AS2",1,"2020-09-22_15h04.55.483","S2.4ConstantTotalFinal","2020.1.3",60,"DRESS",3516.62,"ADORE","Related",50.55499999,23,3,28,"Studied","Identical","LOVE"
"AS2",1,"2020-09-22_15h04.55.483","S2.4ConstantTotalFinal","2020.1.3",60,"VOLCANO",3617.555,"INHALE","Unrelated",49.33499999,24,3,42,"Studied",NA,NA
"AS2",1,"2020-09-22_15h04.55.483","S2.4ConstantTotalFinal","2020.1.3",60,"HOPE",3550.675,"HEAR","Identical",49.62000001,25,3,NA,NA,NA,NA
"AS2",1,"2020-09-22_15h04.55.483","S2.4ConstantTotalFinal","2020.1.3",60,"XXXXX",8001.29,"SHATTER","Related",50.20500001,26,3,NA,NA,NA,"BREAK"
"AS2",1,"2020-09-22_15h04.55.483","S2.4ConstantTotalFinal","2020.1.3",60,"XXXXX",8000.08,"WAITER","Unrelated",50.20500001,27,3,NA,NA,NA,NA
"AS2",1,"2020-09-22_15h04.55.483","S2.4ConstantTotalFinal","2020.1.3",60,"XXXXX",8000.92,"SICK","Identical",49.34,28,3,NA,NA,NA,NA
"AS2",1,"2020-09-22_15h04.55.483","S2.4ConstantTotalFinal","2020.1.3",60,"CLEAR",3133.275,"ROOF","Identical",49.31999999,29,3,35,"Studied",NA,NA
"AS2",1,"2020-09-22_15h04.55.483","S2.4ConstantTotalFinal","2020.1.3",60,"XXXXX",8002.585,"GAME","Identical",49.19000002,30,3,NA,NA,NA,NA
"AS2",1,"2020-09-22_15h04.55.483","S2.4ConstantTotalFinal","2020.1.3",60,"XXXXX",8002.085,"STRANGE","Identical",48.55000001,31,3,NA,NA,NA,NA
"AS2",1,"2020-09-22_15h04.55.483","S2.4ConstantTotalFinal","2020.1.3",60,"XXXXX",8001.13,"TAKE","Identical",48.95999999,32,3,NA,NA,NA,NA
"AS2",1,"2020-09-22_15h04.55.483","S2.4ConstantTotalFinal","2020.1.3",60,"XXXXX",7998.845,"VEST","Related",50.63000001,33,3,NA,NA,NA,"JACKET"
"AS2",1,"2020-09-22_15h04.55.483","S2.4ConstantTotalFinal","2020.1.3",60,"XXXXX",7999.48,"MAIN","Related",49.41500002,34,3,NA,NA,NA,"STREET"
"AS2",1,"2020-09-22_15h04.55.483","S2.4ConstantTotalFinal","2020.1.3",60,"XXXXX",7999.475,"CHALK","Related",50.48,35,3,NA,NA,NA,"BOARD"
"AS2",1,"2020-09-22_15h04.55.483","S2.4ConstantTotalFinal","2020.1.3",60,"SING",5782.41,"THREAD","Unrelated",49.31500001,36,3,24,"Studied",NA,NA
"AS2",1,"2020-09-22_15h04.55.483","S2.4ConstantTotalFinal","2020.1.3",60,"HOT",4467.99,"SHOP","Related",49.39500001,37,3,NA,NA,NA,"STORE"
"AS2",1,"2020-09-22_15h04.55.483","S2.4ConstantTotalFinal","2020.1.3",60,"HOPE",7732.095,"GATHER","Related",49.30499999,38,3,NA,NA,NA,"COLLECT"
"AS2",1,"2020-09-22_15h04.55.483","S2.4ConstantTotalFinal","2020.1.3",60,"IDK",999.69,"DECADE","Related",50.46500001,39,3,NA,NA,NA,"YEAR"
"AS2",1,"2020-09-22_15h04.55.483","S2.4ConstantTotalFinal","2020.1.3",60,"XXXXX",50.03000001,"GLUE","Related",50.04500001,40,3,NA,NA,NA,"STICKY"
"AS2",1,"2020-09-22_15h04.55.483","S2.4ConstantTotalFinal","2020.1.3",60,"XXXXX",200.31,"DESERT","Identical",50.19500002,41,3,NA,NA,NA,NA
"AS2",1,"2020-09-22_15h04.55.483","S2.4ConstantTotalFinal","2020.1.3",60,"XXXXX",216.235,"NOSE","Unrelated",49.89,42,3,NA,NA,NA,NA
"AS2",1,"2020-09-22_15h04.55.483","S2.4ConstantTotalFinal","2020.1.3",60,"MARRY",2816.16,"firstword","firstword",NA,1,4,12,"Studied",NA,NA
"AS2",1,"2020-09-22_15h04.55.483","S2.4ConstantTotalFinal","2020.1.3",60,"YOUN",3940.38,"GRASS","Unrelated",49.70500001,2,4,NA,NA,NA,NA
"AS2",1,"2020-09-22_15h04.55.483","S2.4ConstantTotalFinal","2020.1.3",60,"YOUNG",1881.975,"BEFORE","Unrelated",52.42999998,3,4,21,"Studied",NA,NA
"AS2",1,"2020-09-22_15h04.55.483","S2.4ConstantTotalFinal","2020.1.3",60,"CHILD",2000.015,"BIRTH","Related",49.555,4,4,22,"Studied",NA,"DEATH"
"AS2",1,"2020-09-22_15h04.55.483","S2.4ConstantTotalFinal","2020.1.3",60,"PACKAGE",3184.25,"SILENCE","Related",49.745,5,4,1,"Studied",NA,"QUIET"
"AS2",1,"2020-09-22_15h04.55.483","S2.4ConstantTotalFinal","2020.1.3",60,"DRUGS",1233.6,"WRONG","Identical",49.56000001,6,4,2,"Studied",NA,NA
"AS2",1,"2020-09-22_15h04.55.483","S2.4ConstantTotalFinal","2020.1.3",60,"SLICE",4865.69,"HORSE","Unrelated",50.73999998,7,4,NA,NA,NA,NA
"AS2",1,"2020-09-22_15h04.55.483","S2.4ConstantTotalFinal","2020.1.3",60,"RAIN",2697.325,"SHEARS","Related",94.14500001,8,4,11,"Studied",NA,"SCISSORS"
"AS2",1,"2020-09-22_15h04.55.483","S2.4ConstantTotalFinal","2020.1.3",60,"STRIPE",2363.955,"MINUTE","Unrelated",104.13,9,4,23,"Studied",NA,NA
"AS2",1,"2020-09-22_15h04.55.483","S2.4ConstantTotalFinal","2020.1.3",60,"ANGRY",6938.08,"LEAVES","Unrelated",79.7,10,4,NA,NA,NA,NA
"AS2",1,"2020-09-22_15h04.55.483","S2.4ConstantTotalFinal","2020.1.3",60,"POTS",4210.845,"PLANE","Identical",39.98,11,4,NA,NA,NA,NA
"AS2",1,"2020-09-22_15h04.55.483","S2.4ConstantTotalFinal","2020.1.3",60,"XXXXX",8006.215,"SAME","Identical",38.52999999,12,4,NA,NA,NA,NA
"AS2",1,"2020-09-22_15h04.55.483","S2.4ConstantTotalFinal","2020.1.3",60,"COOK",7111.605,"BUSH","Identical",38.98499999,13,4,NA,NA,NA,NA
"AS2",1,"2020-09-22_15h04.55.483","S2.4ConstantTotalFinal","2020.1.3",60,"XXXXX",150.41,"HATE","Identical",43.255,14,4,NA,NA,NA,NA
"AS2",1,"2020-09-22_15h04.55.483","S2.4ConstantTotalFinal","2020.1.3",60,"XXXXX",7999.885,"LEMON","Unrelated",58.22000001,15,4,NA,NA,NA,NA
"AS2",1,"2020-09-22_15h04.55.483","S2.4ConstantTotalFinal","2020.1.3",60,"XXXXX",8031.09,"ANIMAL","Unrelated",59.27500001,16,4,NA,NA,NA,NA
"AS2",1,"2020-09-22_15h04.55.483","S2.4ConstantTotalFinal","2020.1.3",60,"XXXXX",8029.07,"CANCER","Unrelated",107.575,17,4,NA,NA,NA,NA
"AS2",1,"2020-09-22_15h04.55.483","S2.4ConstantTotalFinal","2020.1.3",60,"XXXXX",3191.505,"GLIDE","Related",62.34,18,4,NA,NA,NA,NA
"AS2",1,"2020-09-22_15h04.55.483","S2.4ConstantTotalFinal","2020.1.3",60,"XXXXX",8000.13,"PURPOSE","Identical",50.87500002,19,4,NA,NA,NA,NA
"AS2",1,"2020-09-22_15h04.55.483","S2.4ConstantTotalFinal","2020.1.3",60,"XXXXX",8275.07,"SHALLOW","Identical",214.605,20,4,NA,NA,NA,NA
"AS2",1,"2020-09-22_15h04.55.483","S2.4ConstantTotalFinal","2020.1.3",60,"XXXXX",7998.005,"OFFICE","Unrelated",44.945,21,4,NA,NA,NA,NA
"AS2",1,"2020-09-22_15h04.55.483","S2.4ConstantTotalFinal","2020.1.3",60,"XXXXX",7999.97,"THANKS","Identical",300.16,22,4,NA,NA,NA,NA
"AS2",1,"2020-09-22_15h04.55.483","S2.4ConstantTotalFinal","2020.1.3",60,"XXXXX",8000.655,"CIRCUS","Related",50.085,23,4,NA,NA,NA,"CLOWN"
"AS2",1,"2020-09-22_15h04.55.483","S2.4ConstantTotalFinal","2020.1.3",60,"XXXXX",7994.3,"MINUS","Unrelated",49.035,24,4,NA,NA,NA,NA
"AS2",1,"2020-09-22_15h04.55.483","S2.4ConstantTotalFinal","2020.1.3",60,"XXXXX",8000.015,"DRAW","Identical",35.93500002,25,4,NA,NA,NA,NA
"AS2",1,"2020-09-22_15h04.55.483","S2.4ConstantTotalFinal","2020.1.3",60,"XXXXX",8000.02,"POSTAGE","Related",49.715,26,4,NA,NA,NA,"STAMP"
"AS2",1,"2020-09-22_15h04.55.483","S2.4ConstantTotalFinal","2020.1.3",60,"XXXXX",8000.435,"REAL","Identical",51.00000001,27,4,NA,NA,NA,NA
"AS2",1,"2020-09-22_15h04.55.483","S2.4ConstantTotalFinal","2020.1.3",60,"XXXXX",8002.065,"TRACTOR","Related",48.76999999,28,4,NA,NA,NA,"TRAILER"
"AS2",1,"2020-09-22_15h04.55.483","S2.4ConstantTotalFinal","2020.1.3",60,"XXXXX",8000.75,"THICK","Related",49.6,29,4,NA,NA,NA,"THIN"
"AS2",1,"2020-09-22_15h04.55.483","S2.4ConstantTotalFinal","2020.1.3",60,"XXXXX",7996.075,"CORAL","Unrelated",50.265,30,4,NA,NA,NA,NA
"AS2",1,"2020-09-22_15h04.55.483","S2.4ConstantTotalFinal","2020.1.3",60,"XXXXX",8000.455,"MEAN","Unrelated",50.17,31,4,NA,NA,NA,NA
"AS2",1,"2020-09-22_15h04.55.483","S2.4ConstantTotalFinal","2020.1.3",60,"XXXXX",7997.8,"CHARGE","Related",50.35999999,32,4,NA,NA,NA,"CARD"
"AS2",1,"2020-09-22_15h04.55.483","S2.4ConstantTotalFinal","2020.1.3",60,"XXXXX",7991.41,"PRECISE","Related",50.32500002,33,4,NA,NA,NA,"EXACT"
"AS2",1,"2020-09-22_15h04.55.483","S2.4ConstantTotalFinal","2020.1.3",60,"XXXXX",7998.315,"KNIFE","Identical",50.53499999,34,4,NA,NA,NA,NA
"AS2",1,"2020-09-22_15h04.55.483","S2.4ConstantTotalFinal","2020.1.3",60,"XXXXX",8000.275,"RENT","Identical",50.37500002,35,4,NA,NA,NA,NA
"AS2",1,"2020-09-22_15h04.55.483","S2.4ConstantTotalFinal","2020.1.3",60,"XXXXX",8001.065,"PHONE","Unrelated",50.74000001,36,4,NA,NA,NA,NA
"AS2",1,"2020-09-22_15h04.55.483","S2.4ConstantTotalFinal","2020.1.3",60,"XXXXX",8002.34,"GRAVY","Related",51.44499999,37,4,NA,NA,NA,"POTATO"
"AS2",1,"2020-09-22_15h04.55.483","S2.4ConstantTotalFinal","2020.1.3",60,"XXXXX",7995.76,"SPOON","Unrelated",43.94,38,4,NA,NA,NA,NA
"AS2",1,"2020-09-22_15h04.55.483","S2.4ConstantTotalFinal","2020.1.3",60,"XXXXX",7999.975,"PLANT","Unrelated",49.99,39,4,NA,NA,NA,NA
"AS2",1,"2020-09-22_15h04.55.483","S2.4ConstantTotalFinal","2020.1.3",60,"XXXXX",8000.23,"QUEEN","Unrelated",37.14500001,40,4,NA,NA,NA,NA
"AS2",1,"2020-09-22_15h04.55.483","S2.4ConstantTotalFinal","2020.1.3",60,"XXXXX",8002.605,"TOOL","Identical",49.41500002,41,4,NA,NA,NA,NA
"AS2",1,"2020-09-22_15h04.55.483","S2.4ConstantTotalFinal","2020.1.3",60,"XXXXX",8003.125,"EXCUSE","Identical",50.755,42,4,NA,NA,NA,NA
