"participant","session","date","expName","psychopyVersion","frameRate","RecalledWord","RT","Prime","PrimeCon","PrimeDuration","OutputPosition","Block","StudyPosition","Studied","PrimeRecalledCondition","PrimeFor"
"AS3",1,"2020-10-26_11h46.33.558","S1.4ConstantTotalFinal","2020.1.3",60,"CHAIR",3767.73,"firstword","firstword",NA,1,1,22,"Studied",NA,NA
"AS3",1,"2020-10-26_11h46.33.558","S1.4ConstantTotalFinal","2020.1.3",60,"TWELVE",1933.22,"SHIRT","Unrelated",37.58,2,1,1,"Studied",NA,NA
"AS3",1,"2020-10-26_11h46.33.558","S1.4ConstantTotalFinal","2020.1.3",60,"BEACH",1315.97,"INMATE","Related",49.09999997,3,1,7,"Studied",NA,"JAIL"
"AS3",1,"2020-10-26_11h46.33.558","S1.4ConstantTotalFinal","2020.1.3",60,"STREAM",1384.06,"STAIRS","Identical",49.90000001,4,1,5,"Studied",NA,NA
"AS3",1,"2020-10-26_11h46.33.558","S1.4ConstantTotalFinal","2020.1.3",60,"FLOWER",1399.165,"FLOWER","Identical",50.29500002,5,1,4,"Studied","Identical",NA
"AS3",1,"2020-10-26_11h46.33.558","S1.4ConstantTotalFinal","2020.1.3",60,"EGGS",1253.21,"DREAM","Identical",49.39,6,1,3,"Studied",NA,NA
"AS3",1,"2020-10-26_11h46.33.558","S1.4ConstantTotalFinal","2020.1.3",60,"DREAM",3051.14,"YELLOW","Identical",50.24499999,7,1,39,"Studied","Identical",NA
"AS3",1,"2020-10-26_11h46.33.558","S1.4ConstantTotalFinal","2020.1.3",60,"LENGTH",2485.89,"CASH","Related",50.19000001,8,1,38,"Studied",NA,"MONEY"
"AS3",1,"2020-10-26_11h46.33.558","S1.4ConstantTotalFinal","2020.1.3",60,"LAWYER",2249.47,"EXPLODE","Unrelated",50.25500001,9,1,26,"Studied",NA,NA
"AS3",1,"2020-10-26_11h46.33.558","S1.4ConstantTotalFinal","2020.1.3",60,"WORK",1067.09,"HORN","Identical",50.43999999,10,1,10,"Studied",NA,NA
"AS3",1,"2020-10-26_11h46.33.558","S1.4ConstantTotalFinal","2020.1.3",60,"DAGGER",2215.86,"RIGHT","Identical",49.77499999,11,1,9,"Studied",NA,NA
"AS3",1,"2020-10-26_11h46.33.558","S1.4ConstantTotalFinal","2020.1.3",60,"LENGTH",1532.28,"DOCTOR","Unrelated",50.35,12,1,38,"Studied",NA,NA
"AS3",1,"2020-10-26_11h46.33.558","S1.4ConstantTotalFinal","2020.1.3",60,"SMOOTH",1135.525,"NEPHEW","Identical",49.21999999,13,1,8,"Studied",NA,NA
"AS3",1,"2020-10-26_11h46.33.558","S1.4ConstantTotalFinal","2020.1.3",60,"GLORY",4566.755,"SCARE","Related",51.24,14,1,41,"Studied",NA,"FRIGHT"
"AS3",1,"2020-10-26_11h46.33.558","S1.4ConstantTotalFinal","2020.1.3",60,"STORY",1531.665,"PROPER","Unrelated",48.935,15,1,33,"Studied",NA,NA
"AS3",1,"2020-10-26_11h46.33.558","S1.4ConstantTotalFinal","2020.1.3",60,"GROSS",1165.455,"GRAND","Unrelated",51.12999998,16,1,31,"Studied",NA,NA
"AS3",1,"2020-10-26_11h46.33.558","S1.4ConstantTotalFinal","2020.1.3",60,"XXXXX",8002.965,"BOMB","Identical",51.19,17,1,NA,NA,NA,NA
"AS3",1,"2020-10-26_11h46.33.558","S1.4ConstantTotalFinal","2020.1.3",60,"DREAM",6304.755,"KNIT","Unrelated",38.86500001,18,1,39,"Studied","Identical",NA
"AS3",1,"2020-10-26_11h46.33.558","S1.4ConstantTotalFinal","2020.1.3",60,"JOB",7552.35,"GUITAR","Identical",50.00000002,19,1,NA,NA,NA,NA
"AS3",1,"2020-10-26_11h46.33.558","S1.4ConstantTotalFinal","2020.1.3",60,"FRIGHT",8001.025,"PARROT","Related",49.42,20,1,36,"Studied",NA,"BIRD"
"AS3",1,"2020-10-26_11h46.33.558","S1.4ConstantTotalFinal","2020.1.3",60,"XXXXX",8005.8,"SELLER","Identical",49.485,21,1,NA,NA,NA,NA
"AS3",1,"2020-10-26_11h46.33.558","S1.4ConstantTotalFinal","2020.1.3",60,"XXXXX",8000.735,"SONG","Identical",49.34999999,22,1,NA,NA,NA,NA
"AS3",1,"2020-10-26_11h46.33.558","S1.4ConstantTotalFinal","2020.1.3",60,"XXXXX",8001.85,"DIGIT","Related",49.6,23,1,NA,NA,NA,"NUMBER"
"AS3",1,"2020-10-26_11h46.33.558","S1.4ConstantTotalFinal","2020.1.3",60,"XXXXX",7989.23,"INTAKE","Related",49,24,1,NA,NA,NA,"OUTTAKE"
"AS3",1,"2020-10-26_11h46.33.558","S1.4ConstantTotalFinal","2020.1.3",60,"XXXXX",8000.65,"MATH","Unrelated",49.52,25,1,NA,NA,NA,NA
"AS3",1,"2020-10-26_11h46.33.558","S1.4ConstantTotalFinal","2020.1.3",60,"XXXXX",7989.2,"HEAD","Unrelated",49.39500001,26,1,NA,NA,NA,NA
"AS3",1,"2020-10-26_11h46.33.558","S1.4ConstantTotalFinal","2020.1.3",60,"JOIN",1716.085,"HALT","Related",48.84,27,1,NA,NA,NA,"STOP"
"AS3",1,"2020-10-26_11h46.33.558","S1.4ConstantTotalFinal","2020.1.3",60,"XXXXX",8000.57,"BREAD","Unrelated",48.97499998,28,1,NA,NA,NA,NA
"AS3",1,"2020-10-26_11h46.33.558","S1.4ConstantTotalFinal","2020.1.3",60,"XXXXX",8001.54,"SALTINE","Related",49.94,29,1,NA,NA,NA,"CRACKER"
"AS3",1,"2020-10-26_11h46.33.558","S1.4ConstantTotalFinal","2020.1.3",60,"XXXXX",199.06,"SWISS","Related",49.36999999,30,1,NA,NA,NA,"CHEESE"
"AS3",1,"2020-10-26_11h46.33.558","S1.4ConstantTotalFinal","2020.1.3",60,"XXXXX",716.165,"EAST","Related",54.03,31,1,NA,NA,NA,"WEST"
"AS3",1,"2020-10-26_11h46.33.558","S1.4ConstantTotalFinal","2020.1.3",60,"XXXXX",449.135,"NICKEL","Identical",50.2,32,1,NA,NA,NA,NA
"AS3",1,"2020-10-26_11h46.33.558","S1.4ConstantTotalFinal","2020.1.3",60,"MONEY",1848.995,"DILL","Related",51.45999999,33,1,28,"Studied",NA,"PICKLE"
"AS3",1,"2020-10-26_11h46.33.558","S1.4ConstantTotalFinal","2020.1.3",60,"NICKEL",1616.225,"WEIGHT","Identical",49.67000001,34,1,27,"Studied","Identical",NA
"AS3",1,"2020-10-26_11h46.33.558","S1.4ConstantTotalFinal","2020.1.3",60,"CHANGE",3300.19,"CHANGE","Identical",50.20500001,35,1,17,"Studied","Identical",NA
"AS3",1,"2020-10-26_11h46.33.558","S1.4ConstantTotalFinal","2020.1.3",60,"XXXXX",8003.745,"CLAM","Identical",47.74499999,36,1,NA,NA,NA,NA
"AS3",1,"2020-10-26_11h46.33.558","S1.4ConstantTotalFinal","2020.1.3",60,"XXXXX",2000.31,"TOUCH","Unrelated",48.65000001,37,1,NA,NA,NA,NA
"AS3",1,"2020-10-26_11h46.33.558","S1.4ConstantTotalFinal","2020.1.3",60,"XXXXX",8001.91,"BAIT","Related",49.05,38,1,NA,NA,NA,"FISH"
"AS3",1,"2020-10-26_11h46.33.558","S1.4ConstantTotalFinal","2020.1.3",60,"WHETHER",4082.585,"LINEN","Related",49.39500001,39,1,NA,NA,NA,"SHEETS"
"AS3",1,"2020-10-26_11h46.33.558","S1.4ConstantTotalFinal","2020.1.3",60,"XXXXX",8002.405,"PEEL","Related",48.69000003,40,1,NA,NA,NA,"ORANGE"
"AS3",1,"2020-10-26_11h46.33.558","S1.4ConstantTotalFinal","2020.1.3",60,"PICKLE",8002.165,"LIGHT","Unrelated",49.96999999,41,1,34,"Studied",NA,NA
"AS3",1,"2020-10-26_11h46.33.558","S1.4ConstantTotalFinal","2020.1.3",60,"XXXXX",8000.72,"SPOTS","Unrelated",49.27000002,42,1,NA,NA,NA,NA
"AS3",1,"2020-10-26_11h46.33.558","S1.4ConstantTotalFinal","2020.1.3",60,"SORRY",1116.11,"firstword","firstword",NA,1,2,40,"Studied",NA,NA
"AS3",1,"2020-10-26_11h46.33.558","S1.4ConstantTotalFinal","2020.1.3",60,"JUMP",2721.17,"NINE","Unrelated",49.52,2,2,42,"Studied",NA,NA
"AS3",1,"2020-10-26_11h46.33.558","S1.4ConstantTotalFinal","2020.1.3",60,"THIEF",5666.8,"CASTLE","Unrelated",49.13,3,2,26,"Studied",NA,NA
"AS3",1,"2020-10-26_11h46.33.558","S1.4ConstantTotalFinal","2020.1.3",60,"DEVIL",1282.475,"HULA","Related",49.15000001,4,2,25,"Studied",NA,"HOOP"
"AS3",1,"2020-10-26_11h46.33.558","S1.4ConstantTotalFinal","2020.1.3",60,"KISS",3315.62,"DUSK","Identical",49.62999999,5,2,2,"Studied",NA,NA
"AS3",1,"2020-10-26_11h46.33.558","S1.4ConstantTotalFinal","2020.1.3",60,"MINOR",1217.3,"TRASH","Identical",49.52999999,6,2,4,"Studied",NA,NA
"AS3",1,"2020-10-26_11h46.33.558","S1.4ConstantTotalFinal","2020.1.3",60,"BRIDE",7995.27,"TOAD","Related",48.65500002,7,2,17,"Studied",NA,"FROG"
"AS3",1,"2020-10-26_11h46.33.558","S1.4ConstantTotalFinal","2020.1.3",60,"FROG",1782.4,"GEEK","Identical",49.30499999,8,2,9,"Studied",NA,NA
"AS3",1,"2020-10-26_11h46.33.558","S1.4ConstantTotalFinal","2020.1.3",60,"POUND",1198.93,"SWEET","Identical",50.135,9,2,28,"Studied",NA,NA
"AS3",1,"2020-10-26_11h46.33.558","S1.4ConstantTotalFinal","2020.1.3",60,"BLACK",5615.735,"STARS","Identical",49.115,10,2,13,"Studied",NA,NA
"AS3",1,"2020-10-26_11h46.33.558","S1.4ConstantTotalFinal","2020.1.3",60,"SWAMP",1432.18,"SILK","Unrelated",49.31,11,2,34,"Studied",NA,NA
"AS3",1,"2020-10-26_11h46.33.558","S1.4ConstantTotalFinal","2020.1.3",60,"LAKE",1165.565,"KILL","Identical",49.1,12,2,27,"Studied",NA,NA
"AS3",1,"2020-10-26_11h46.33.558","S1.4ConstantTotalFinal","2020.1.3",60,"PRESENT ",3617.425,"ABDOMEN","Related",48.45,13,2,NA,NA,NA,"STOMACH"
"AS3",1,"2020-10-26_11h46.33.558","S1.4ConstantTotalFinal","2020.1.3",60,"SMOKE",8000.25,"FINISH","Unrelated",49.47000003,14,2,35,"Studied",NA,NA
"AS3",1,"2020-10-26_11h46.33.558","S1.4ConstantTotalFinal","2020.1.3",60,"DUSK",1149.655,"WANT","Unrelated",49.635,15,2,38,"Studied","Identical",NA
"AS3",1,"2020-10-26_11h46.33.558","S1.4ConstantTotalFinal","2020.1.3",60,"XXXXX",7997.755,"CAMP","Identical",50.04999999,16,2,NA,NA,NA,NA
"AS3",1,"2020-10-26_11h46.33.558","S1.4ConstantTotalFinal","2020.1.3",60,"FIRE",1634.215,"PRESENT","Identical",49.55,17,2,NA,NA,NA,NA
"AS3",1,"2020-10-26_11h46.33.558","S1.4ConstantTotalFinal","2020.1.3",60,"L ",7997.505,"ACRE","Related",49.81500001,18,2,NA,NA,NA,"LAND"
"AS3",1,"2020-10-26_11h46.33.558","S1.4ConstantTotalFinal","2020.1.3",60,"XXXXX",7998.865,"CABOOSE","Related",49.05,19,2,NA,NA,NA,"TRAIN"
"AS3",1,"2020-10-26_11h46.33.558","S1.4ConstantTotalFinal","2020.1.3",60,"TWELVE",1700.48,"SLEEP","Unrelated",49.375,20,2,NA,NA,NA,NA
"AS3",1,"2020-10-26_11h46.33.558","S1.4ConstantTotalFinal","2020.1.3",60,"HOOP",6129.76,"SHOES","Identical",49.45999998,21,2,37,"Studied",NA,NA
"AS3",1,"2020-10-26_11h46.33.558","S1.4ConstantTotalFinal","2020.1.3",60,"XXXXX",7997.665,"SPICE","Unrelated",49.52,22,2,NA,NA,NA,NA
"AS3",1,"2020-10-26_11h46.33.558","S1.4ConstantTotalFinal","2020.1.3",60,"DIRT",1812.39,"WORLD","Identical",49.68,23,2,15,"Studied",NA,NA
"AS3",1,"2020-10-26_11h46.33.558","S1.4ConstantTotalFinal","2020.1.3",60,"LAND",950.085,"FIVE","Identical",49.96999999,24,2,3,"Studied",NA,NA
"AS3",1,"2020-10-26_11h46.33.558","S1.4ConstantTotalFinal","2020.1.3",60,"TH",583.795,"PICTURE","Identical",50.21999998,25,2,NA,NA,NA,NA
"AS3",1,"2020-10-26_11h46.33.558","S1.4ConstantTotalFinal","2020.1.3",60,"SOUTH",4549.815,"HINGE","Related",51.60500002,26,2,24,"Studied",NA,"DOOR"
"AS3",1,"2020-10-26_11h46.33.558","S1.4ConstantTotalFinal","2020.1.3",60,"ORLD",1015.695,"TIGHT","Identical",49.86500001,27,2,NA,NA,NA,NA
"AS3",1,"2020-10-26_11h46.33.558","S1.4ConstantTotalFinal","2020.1.3",60,"8WORLD",1765.08,"MUTE","Related",49.85000001,28,2,NA,NA,NA,"DEAF"
"AS3",1,"2020-10-26_11h46.33.558","S1.4ConstantTotalFinal","2020.1.3",60,"XXXXX",7997.915,"SOFT","Unrelated",49.98499999,29,2,NA,NA,NA,NA
"AS3",1,"2020-10-26_11h46.33.558","S1.4ConstantTotalFinal","2020.1.3",60,"SMILE",1515.44,"GHOST","Identical",49.09000001,30,2,36,"Studied",NA,NA
"AS3",1,"2020-10-26_11h46.33.558","S1.4ConstantTotalFinal","2020.1.3",60,"XXXXX",7999.085,"SUITE","Related",49.54500002,31,2,NA,NA,NA,"HOTEL"
"AS3",1,"2020-10-26_11h46.33.558","S1.4ConstantTotalFinal","2020.1.3",60,"XXXXX",7988.385,"ROAD","Identical",50.2,32,2,NA,NA,NA,NA
"AS3",1,"2020-10-26_11h46.33.558","S1.4ConstantTotalFinal","2020.1.3",60,"DOOR",916.85,"WATER","Unrelated",49.62500001,33,2,7,"Studied",NA,NA
"AS3",1,"2020-10-26_11h46.33.558","S1.4ConstantTotalFinal","2020.1.3",60,"XXXXX",7999.11,"TEACH","Related",49.31499998,34,2,NA,NA,NA,"LEARN"
"AS3",1,"2020-10-26_11h46.33.558","S1.4ConstantTotalFinal","2020.1.3",60,"MOTION",798.475,"BOSS","Unrelated",49.89999998,35,2,NA,NA,NA,NA
"AS3",1,"2020-10-26_11h46.33.558","S1.4ConstantTotalFinal","2020.1.3",60,"XXXXX",7999.02,"GRAIN","Related",50.815,36,2,NA,NA,NA,"WHEAT"
"AS3",1,"2020-10-26_11h46.33.558","S1.4ConstantTotalFinal","2020.1.3",60,"XXXXX",7997.01,"BELOW","Identical",48.85000002,37,2,NA,NA,NA,NA
"AS3",1,"2020-10-26_11h46.33.558","S1.4ConstantTotalFinal","2020.1.3",60,"XXXXX",7995.685,"NOISE","Identical",49.55500001,38,2,NA,NA,NA,NA
"AS3",1,"2020-10-26_11h46.33.558","S1.4ConstantTotalFinal","2020.1.3",60,"XXXXX",7994.605,"OVEN","Unrelated",49.05500001,39,2,NA,NA,NA,NA
"AS3",1,"2020-10-26_11h46.33.558","S1.4ConstantTotalFinal","2020.1.3",60,"WORRY",5828.7,"SMART","Unrelated",48.11499998,40,2,NA,NA,NA,NA
"AS3",1,"2020-10-26_11h46.33.558","S1.4ConstantTotalFinal","2020.1.3",60,"DEAF",6713.705,"JEANS","Unrelated",49.99,41,2,30,"Studied",NA,NA
"AS3",1,"2020-10-26_11h46.33.558","S1.4ConstantTotalFinal","2020.1.3",60,"XXXXX",8000.805,"FRONT","Unrelated",50.06000001,42,2,NA,NA,NA,NA
"AS3",1,"2020-10-26_11h46.33.558","S1.4ConstantTotalFinal","2020.1.3",60,"BRANCH",1265.965,"firstword","firstword",NA,1,3,42,"Studied",NA,NA
"AS3",1,"2020-10-26_11h46.33.558","S1.4ConstantTotalFinal","2020.1.3",60,"LOOK",1132.805,"STREET","Unrelated",49.07499999,2,3,40,"Studied",NA,NA
"AS3",1,"2020-10-26_11h46.33.558","S1.4ConstantTotalFinal","2020.1.3",60,"MOTHER",999.765,"SWORD","Unrelated",66.31499997,3,3,6,"Studied",NA,NA
"AS3",1,"2020-10-26_11h46.33.558","S1.4ConstantTotalFinal","2020.1.3",60,"MIDDLE",1293.805,"STATES","Identical",49.29999998,4,3,18,"Studied",NA,NA
"AS3",1,"2020-10-26_11h46.33.558","S1.4ConstantTotalFinal","2020.1.3",60,"FIRST",1017.02,"TOES","Identical",65.63500001,5,3,21,"Studied",NA,NA
"AS3",1,"2020-10-26_11h46.33.558","S1.4ConstantTotalFinal","2020.1.3",60,"ALIVE",1566.075,"BOARD","Unrelated",50.055,6,3,11,"Studied",NA,NA
"AS3",1,"2020-10-26_11h46.33.558","S1.4ConstantTotalFinal","2020.1.3",60,"INHALE",1633.385,"TAME","Related",50.19499999,7,3,41,"Studied",NA,"WILD"
"AS3",1,"2020-10-26_11h46.33.558","S1.4ConstantTotalFinal","2020.1.3",60,"PURPLE",1446.435,"VOLCANO","Unrelated",50.14500002,8,3,17,"Studied",NA,NA
"AS3",1,"2020-10-26_11h46.33.558","S1.4ConstantTotalFinal","2020.1.3",60,"CANDLE",2033.375,"TUTU","Related",49.765,9,3,27,"Studied",NA,"BALLET"
"AS3",1,"2020-10-26_11h46.33.558","S1.4ConstantTotalFinal","2020.1.3",60,"SQUARE",4166.875,"TEST","Identical",50.995,10,3,26,"Studied",NA,NA
"AS3",1,"2020-10-26_11h46.33.558","S1.4ConstantTotalFinal","2020.1.3",60,"READ",1081.555,"PAIN","Identical",48.19500001,11,3,4,"Studied",NA,NA
"AS3",1,"2020-10-26_11h46.33.558","S1.4ConstantTotalFinal","2020.1.3",60,"TEST",1249.47,"MORE","Related",49.225,12,3,3,"Studied","Identical","LESS"
"AS3",1,"2020-10-26_11h46.33.558","S1.4ConstantTotalFinal","2020.1.3",60,"HUNGER",1200.265,"FOOD","Unrelated",52.23,13,3,14,"Studied",NA,NA
"AS3",1,"2020-10-26_11h46.33.558","S1.4ConstantTotalFinal","2020.1.3",60,"PAIN",933.815,"DESERT","Unrelated",49.88000001,14,3,28,"Studied","Identical",NA
"AS3",1,"2020-10-26_11h46.33.558","S1.4ConstantTotalFinal","2020.1.3",60,"THIRST",1150.235,"SNOT","Related",50.04500001,15,3,15,"Studied",NA,"NOSE"
"AS3",1,"2020-10-26_11h46.33.558","S1.4ConstantTotalFinal","2020.1.3",60,"BUTTER",1099.565,"THREAD","Identical",63.61000001,16,3,34,"Studied",NA,NA
"AS3",1,"2020-10-26_11h46.33.558","S1.4ConstantTotalFinal","2020.1.3",60,"THREAD",984.64,"TOUR","Identical",49.56000001,17,3,9,"Studied","Identical",NA
"AS3",1,"2020-10-26_11h46.33.558","S1.4ConstantTotalFinal","2020.1.3",60,"WAITER",1000.625,"CHURCH","Unrelated",50.44999998,18,3,38,"Studied",NA,NA
"AS3",1,"2020-10-26_11h46.33.558","S1.4ConstantTotalFinal","2020.1.3",60,"WINTER",3881.775,"ZEST","Related",50.82,19,3,1,"Studied",NA,"SOAP"
"AS3",1,"2020-10-26_11h46.33.558","S1.4ConstantTotalFinal","2020.1.3",60,"XXXXX",7999.89,"DINNER","Related",48.55499999,20,3,NA,NA,NA,"SUPPER"
"AS3",1,"2020-10-26_11h46.33.558","S1.4ConstantTotalFinal","2020.1.3",60,"XXXXX",8000.835,"LEND","Related",50.38500001,21,3,NA,NA,NA,"BORROW"
"AS3",1,"2020-10-26_11h46.33.558","S1.4ConstantTotalFinal","2020.1.3",60,"MIDDLE",4915.84,"KIDNAP","Identical",50.215,22,3,18,"Studied",NA,NA
"AS3",1,"2020-10-26_11h46.33.558","S1.4ConstantTotalFinal","2020.1.3",60,"XXXXX",8000.08,"NEWS","Identical",49.32999998,23,3,NA,NA,NA,NA
"AS3",1,"2020-10-26_11h46.33.558","S1.4ConstantTotalFinal","2020.1.3",60,"TOES",3148.895,"YEAR","Unrelated",49.96,24,3,20,"Studied","Identical",NA
"AS3",1,"2020-10-26_11h46.33.558","S1.4ConstantTotalFinal","2020.1.3",60,"SLOW",4932.775,"ARMY","Related",50.20999999,25,3,5,"Studied",NA,"NAVY"
"AS3",1,"2020-10-26_11h46.33.558","S1.4ConstantTotalFinal","2020.1.3",60,"XXXXX",7999.45,"RACKET","Related",49.28499999,26,3,NA,NA,NA,"TENNIS"
"AS3",1,"2020-10-26_11h46.33.558","S1.4ConstantTotalFinal","2020.1.3",60,"XXXXX",7998.945,"GAME","Unrelated",50.04999999,27,3,NA,NA,NA,NA
"AS3",1,"2020-10-26_11h46.33.558","S1.4ConstantTotalFinal","2020.1.3",60,"XXXXX",8000.825,"VERB","Identical",50.575,28,3,NA,NA,NA,NA
"AS3",1,"2020-10-26_11h46.33.558","S1.4ConstantTotalFinal","2020.1.3",60,"THREAD",5133.225,"BUCKET","Identical",48.31499999,29,3,9,"Studied","Identical",NA
"AS3",1,"2020-10-26_11h46.33.558","S1.4ConstantTotalFinal","2020.1.3",60,"XXXXX",8000.07,"LEAST","Related",49.41499999,30,3,NA,NA,NA,"MOST"
"AS3",1,"2020-10-26_11h46.33.558","S1.4ConstantTotalFinal","2020.1.3",60,"VERB",1316.29,"COBWEB","Related",49.13,31,3,22,"Studied","Identical","SPIDER"
"AS3",1,"2020-10-26_11h46.33.558","S1.4ConstantTotalFinal","2020.1.3",60,"MOST",6499.99,"CHAIN","Identical",50.55499999,32,3,24,"Studied",NA,NA
"AS3",1,"2020-10-26_11h46.33.558","S1.4ConstantTotalFinal","2020.1.3",60,"ALIVE",3599.085,"DEBATE","Related",47.98,33,3,11,"Studied",NA,"ARGUE"
"AS3",1,"2020-10-26_11h46.33.558","S1.4ConstantTotalFinal","2020.1.3",60,"XXXXX",7999.355,"HEAR","Unrelated",49.7,34,3,NA,NA,NA,NA
"AS3",1,"2020-10-26_11h46.33.558","S1.4ConstantTotalFinal","2020.1.3",60,"KIDNAP",7999.445,"SEEK","Identical",49.10999999,35,3,33,"Studied","Identical",NA
"AS3",1,"2020-10-26_11h46.33.558","S1.4ConstantTotalFinal","2020.1.3",60,"XXXXX",8000.305,"HINT","Related",50.30499998,36,3,NA,NA,NA,"CLUE"
"AS3",1,"2020-10-26_11h46.33.558","S1.4ConstantTotalFinal","2020.1.3",60,"XXXXX",1665.835,"BELL","Unrelated",48.53,37,3,NA,NA,NA,NA
"AS3",1,"2020-10-26_11h46.33.558","S1.4ConstantTotalFinal","2020.1.3",60,"XXXXX",8000.375,"SOUR","Unrelated",50.15,38,3,NA,NA,NA,NA
"AS3",1,"2020-10-26_11h46.33.558","S1.4ConstantTotalFinal","2020.1.3",60,"LOOK",3300.335,"SING","Unrelated",65.73499998,39,3,40,"Studied",NA,NA
"AS3",1,"2020-10-26_11h46.33.558","S1.4ConstantTotalFinal","2020.1.3",60,"XXXXX",7999.525,"LOVE","Unrelated",50.34000002,40,3,NA,NA,NA,NA
"AS3",1,"2020-10-26_11h46.33.558","S1.4ConstantTotalFinal","2020.1.3",60,"WHEAT",4765.88,"MUSIC","Unrelated",48.385,41,3,NA,NA,NA,NA
"AS3",1,"2020-10-26_11h46.33.558","S1.4ConstantTotalFinal","2020.1.3",60,"XXXXX",8000.24,"PROBLEM","Unrelated",48.80000002,42,3,NA,NA,NA,NA
"AS3",1,"2020-10-26_11h46.33.558","S1.4ConstantTotalFinal","2020.1.3",60,"MINUS",1131.52,"firstword","firstword",NA,1,4,32,"Studied",NA,NA
"AS3",1,"2020-10-26_11h46.33.558","S1.4ConstantTotalFinal","2020.1.3",60,"MINUTE",1283.905,"GRASS","Identical",48.56,2,4,42,"Studied",NA,NA
"AS3",1,"2020-10-26_11h46.33.558","S1.4ConstantTotalFinal","2020.1.3",60,"DOLLAR",1098.96,"GRANITE","Related",49.08,3,4,8,"Studied",NA,"ROCK"
"AS3",1,"2020-10-26_11h46.33.558","S1.4ConstantTotalFinal","2020.1.3",60,"OFFICE",1233,"HORSE","Identical",49.66999998,4,4,2,"Studied",NA,NA
"AS3",1,"2020-10-26_11h46.33.558","S1.4ConstantTotalFinal","2020.1.3",60,"WHERE",884.25,"TUMOR","Related",49.93000001,5,4,20,"Studied",NA,"CANCER"
"AS3",1,"2020-10-26_11h46.33.558","S1.4ConstantTotalFinal","2020.1.3",60,"ENTER",1416.4,"SALT","Related",50.30999999,6,4,9,"Studied",NA,"PEPPER"
"AS3",1,"2020-10-26_11h46.33.558","S1.4ConstantTotalFinal","2020.1.3",60,"THERE",1332.825,"FORK","Related",49.86,7,4,3,"Studied",NA,"SPOON"
"AS3",1,"2020-10-26_11h46.33.558","S1.4ConstantTotalFinal","2020.1.3",60,"SHORT",934.02,"SHORT","Identical",50.14499999,8,4,5,"Studied","Identical",NA
"AS3",1,"2020-10-26_11h46.33.558","S1.4ConstantTotalFinal","2020.1.3",60,"MOST",782.95,"LATE","Related",50.22000001,9,4,NA,NA,NA,"EARLY"
"AS3",1,"2020-10-26_11h46.33.558","S1.4ConstantTotalFinal","2020.1.3",60,"YOURS",1215.81,"REAL","Unrelated",48.60500002,10,4,38,"Studied",NA,NA
"AS3",1,"2020-10-26_11h46.33.558","S1.4ConstantTotalFinal","2020.1.3",60,"ANIMAL",1165.675,"PUSH","Related",50.38499998,11,4,39,"Studied",NA,"SHOVE"
"AS3",1,"2020-10-26_11h46.33.558","S1.4ConstantTotalFinal","2020.1.3",60,"HORSE",951.31,"ANNOY","Unrelated",49.57500001,12,4,17,"Studied","Identical",NA
"AS3",1,"2020-10-26_11h46.33.558","S1.4ConstantTotalFinal","2020.1.3",60,"SHARK",1715.08,"TOSS","Related",49.615,13,4,15,"Studied",NA,"THROW"
"AS3",1,"2020-10-26_11h46.33.558","S1.4ConstantTotalFinal","2020.1.3",60,"TIGER",883.67,"TEETH","Identical",49.895,14,4,36,"Studied",NA,NA
"AS3",1,"2020-10-26_11h46.33.558","S1.4ConstantTotalFinal","2020.1.3",60,"LEMON",802.4,"OPEN","Related",65.69999998,15,4,13,"Studied",NA,"CLOSE"
"AS3",1,"2020-10-26_11h46.33.558","S1.4ConstantTotalFinal","2020.1.3",60,"GRASS",1049.415,"FINGER","Identical",49.99,16,4,16,"Studied","Identical",NA
"AS3",1,"2020-10-26_11h46.33.558","S1.4ConstantTotalFinal","2020.1.3",60,"PEPPER",1167.045,"BEHIND","Identical",49.59500002,17,4,30,"Studied",NA,NA
"AS3",1,"2020-10-26_11h46.33.558","S1.4ConstantTotalFinal","2020.1.3",60,"OFFICE",1200.23,"DRAW","Unrelated",48.86500002,18,4,2,"Studied",NA,NA
"AS3",1,"2020-10-26_11h46.33.558","S1.4ConstantTotalFinal","2020.1.3",60,"BEST",1982.32,"HARSH","Related",49.41499999,19,4,NA,NA,"Related","MEAN"
"AS3",1,"2020-10-26_11h46.33.558","S1.4ConstantTotalFinal","2020.1.3",60,"DOLLAR",3849.81,"MARRY","Unrelated",49.88000001,20,4,8,"Studied",NA,NA
"AS3",1,"2020-10-26_11h46.33.558","S1.4ConstantTotalFinal","2020.1.3",60,"XXXXX",7998.11,"BEST","Related",48.85999998,21,4,NA,NA,NA,"WORST"
"AS3",1,"2020-10-26_11h46.33.558","S1.4ConstantTotalFinal","2020.1.3",60,"XXXXX",8000.45,"PLANE","Unrelated",49.34499998,22,4,NA,NA,NA,NA
"AS3",1,"2020-10-26_11h46.33.558","S1.4ConstantTotalFinal","2020.1.3",60,"UNCLE",1667.18,"AFTER","Related",50.58000001,23,4,37,"Studied",NA,"BEFORE"
"AS3",1,"2020-10-26_11h46.33.558","S1.4ConstantTotalFinal","2020.1.3",60,"SPOON",2348.94,"LOST","Related",49.635,24,4,18,"Studied",NA,"FOUND"
"AS3",1,"2020-10-26_11h46.33.558","S1.4ConstantTotalFinal","2020.1.3",60,"TEETH",1282.48,"PINT","Related",49.845,25,4,19,"Studied","Identical","QUART"
"AS3",1,"2020-10-26_11h46.33.558","S1.4ConstantTotalFinal","2020.1.3",60,"MOUTH",2315.495,"GIRLS","Identical",49.245,26,4,NA,NA,NA,NA
"AS3",1,"2020-10-26_11h46.33.558","S1.4ConstantTotalFinal","2020.1.3",60,"XXXXX",8002.485,"DIAL","Related",51.05000001,27,4,NA,NA,NA,"PHONE"
"AS3",1,"2020-10-26_11h46.33.558","S1.4ConstantTotalFinal","2020.1.3",60,"XXXXX",8001.215,"THIN","Unrelated",48.645,28,4,NA,NA,NA,NA
"AS3",1,"2020-10-26_11h46.33.558","S1.4ConstantTotalFinal","2020.1.3",60,"SHOVE",949.515,"SLIDE","Unrelated",48.95999999,29,4,1,"Studied",NA,NA
"AS3",1,"2020-10-26_11h46.33.558","S1.4ConstantTotalFinal","2020.1.3",60,"LEAVES",6566.695,"CLOCK","Identical",50.285,30,4,40,"Studied",NA,NA
"AS3",1,"2020-10-26_11h46.33.558","S1.4ConstantTotalFinal","2020.1.3",60,"FENCE",3509.035,"SEED","Related",49.14000002,31,4,25,"Studied",NA,"PLANT"
"AS3",1,"2020-10-26_11h46.33.558","S1.4ConstantTotalFinal","2020.1.3",60,"MINUTE",3432.505,"SCISSORS","Unrelated",48.86499999,32,4,42,"Studied",NA,NA
"AS3",1,"2020-10-26_11h46.33.558","S1.4ConstantTotalFinal","2020.1.3",60,"GHOST",7999.21,"FLEX","Related",49.91999999,33,4,NA,NA,"Identical","MUSCLE"
"AS3",1,"2020-10-26_11h46.33.558","S1.4ConstantTotalFinal","2020.1.3",60,"FEAR",6283.565,"WHOLE","Identical",48.65000001,34,4,NA,NA,NA,NA
"AS3",1,"2020-10-26_11h46.33.558","S1.4ConstantTotalFinal","2020.1.3",60,"XXXXX",8000.925,"QUEEN","Identical",48.31000001,35,4,NA,NA,NA,NA
"AS3",1,"2020-10-26_11h46.33.558","S1.4ConstantTotalFinal","2020.1.3",60,"WILD",3149.29,"BUSH","Unrelated",49.35000002,36,4,NA,NA,NA,NA
"AS3",1,"2020-10-26_11h46.33.558","S1.4ConstantTotalFinal","2020.1.3",60,"XXXXX",8000.265,"CORAL","Identical",48.90999998,37,4,NA,NA,NA,NA
"AS3",1,"2020-10-26_11h46.33.558","S1.4ConstantTotalFinal","2020.1.3",60,"SHARE",4165.39,"RAIN","Unrelated",49.715,38,4,NA,NA,NA,NA
"AS3",1,"2020-10-26_11h46.33.558","S1.4ConstantTotalFinal","2020.1.3",60,"BUCKET",2347.775,"SHERIFF","Unrelated",48.19500001,39,4,NA,NA,"Identical",NA
"AS3",1,"2020-10-26_11h46.33.558","S1.4ConstantTotalFinal","2020.1.3",60,"XXXXX",8020.2,"STRIPE","Unrelated",50.95,40,4,NA,NA,NA,NA
"AS3",1,"2020-10-26_11h46.33.558","S1.4ConstantTotalFinal","2020.1.3",60,"XXXXX",8001.2,"DISAGREE","Unrelated",49.875,41,4,NA,NA,NA,NA
"AS3",1,"2020-10-26_11h46.33.558","S1.4ConstantTotalFinal","2020.1.3",60,"CLEAR",982.565,"YOUNG","Unrelated",49.88999999,42,4,NA,NA,NA,NA
