"participant","session","date","expName","psychopyVersion","frameRate","RecalledWord","RT","Prime","PrimeCon","PrimeDuration","OutputPosition","Block","StudyPosition","Studied","PrimeRecalledCondition","PrimeFor"
"BH",1,"2020-10-06_13h53.16.789","S1.3ConstantTotalFinal","2020.1.3",60,"SHORT",1597.985,"firstword","firstword",NA,1,1,3,"Studied",NA,NA
"BH",1,"2020-10-06_13h53.16.789","S1.3ConstantTotalFinal","2020.1.3",60,"SHARK",1383.285,"QUEEN","Identical",48.85,2,1,1,"Studied",NA,NA
"BH",1,"2020-10-06_13h53.16.789","S1.3ConstantTotalFinal","2020.1.3",60,"GIRL",1416.86,"HARSH","Related",50.77,3,1,NA,NA,NA,"MEAN"
"BH",1,"2020-10-06_13h53.16.789","S1.3ConstantTotalFinal","2020.1.3",60,"PLANT",1516.475,"WEED","Related",49.855,4,1,33,"Studied",NA,"GRASS"
"BH",1,"2020-10-06_13h53.16.789","S1.3ConstantTotalFinal","2020.1.3",60,"LEAVES",2549.905,"THERE","Identical",50.22999999,5,1,29,"Studied",NA,NA
"BH",1,"2020-10-06_13h53.16.789","S1.3ConstantTotalFinal","2020.1.3",60,"GRASS",1882.035,"AHEAD","Related",49.215,6,1,30,"Studied",NA,"BEHIND"
"BH",1,"2020-10-06_13h53.16.789","S1.3ConstantTotalFinal","2020.1.3",60,"ANIMAL",1983.08,"TIGER","Identical",50.06,7,1,34,"Studied",NA,NA
"BH",1,"2020-10-06_13h53.16.789","S1.3ConstantTotalFinal","2020.1.3",60,"CORAL",1917.175,"CLOWN","Unrelated",49.905,8,1,41,"Studied",NA,NA
"BH",1,"2020-10-06_13h53.16.789","S1.3ConstantTotalFinal","2020.1.3",60,"OFFICE",1398.895,"LOST","Related",50.77,9,1,38,"Studied",NA,"FOUND"
"BH",1,"2020-10-06_13h53.16.789","S1.3ConstantTotalFinal","2020.1.3",60,"MINUS",1249.35,"EXACT","Unrelated",49.91,10,1,13,"Studied",NA,NA
"BH",1,"2020-10-06_13h53.16.789","S1.3ConstantTotalFinal","2020.1.3",60,"MEAN ",1182.74,"DRAW","Unrelated",49.40500001,11,1,NA,NA,NA,NA
"BH",1,"2020-10-06_13h53.16.789","S1.3ConstantTotalFinal","2020.1.3",60,"YOURS",1449.385,"PEPPER","Identical",49.39499999,12,1,9,"Studied",NA,NA
"BH",1,"2020-10-06_13h53.16.789","S1.3ConstantTotalFinal","2020.1.3",60,"QUEEN",1651.1,"GRANITE","Related",50.625,13,1,27,"Studied","Identical","ROCK"
"BH",1,"2020-10-06_13h53.16.789","S1.3ConstantTotalFinal","2020.1.3",60,"XXXXX",8001.675,"PIECE","Unrelated",50.09,14,1,NA,NA,NA,NA
"BH",1,"2020-10-06_13h53.16.789","S1.3ConstantTotalFinal","2020.1.3",60,"FENCE",1399.76,"GATE","Related",49.24,15,1,7,"Studied",NA,"FENCE"
"BH",1,"2020-10-06_13h53.16.789","S1.3ConstantTotalFinal","2020.1.3",60,"PENCIL",3883.67,"TEETH","Identical",49.88999999,16,1,NA,NA,"Unrelated",NA
"BH",1,"2020-10-06_13h53.16.789","S1.3ConstantTotalFinal","2020.1.3",60,"XXXXX",7999.83,"WHERE","Identical",51.14,17,1,NA,NA,NA,NA
"BH",1,"2020-10-06_13h53.16.789","S1.3ConstantTotalFinal","2020.1.3",60,"XXXXX",7999.92,"MUSCLE","Identical",48.78500001,18,1,NA,NA,NA,NA
"BH",1,"2020-10-06_13h53.16.789","S1.3ConstantTotalFinal","2020.1.3",60,"MINUTE",3634.545,"PUSH","Related",48.75,19,1,36,"Studied",NA,"SHOVE"
"BH",1,"2020-10-06_13h53.16.789","S1.3ConstantTotalFinal","2020.1.3",60,"PLANT",7715.755,"CLOCK","Identical",48.65,20,1,33,"Studied",NA,NA
"BH",1,"2020-10-06_13h53.16.789","S1.3ConstantTotalFinal","2020.1.3",60,"XXXXX",8001.755,"STRIPE","Unrelated",47.23,21,1,NA,NA,NA,NA
"BH",1,"2020-10-06_13h53.16.789","S1.3ConstantTotalFinal","2020.1.3",60,"GIRL",1415.005,"THIN","Unrelated",49.53,22,1,NA,NA,NA,NA
"BH",1,"2020-10-06_13h53.16.789","S1.3ConstantTotalFinal","2020.1.3",60,"XXXXX",8000.21,"ENTER","Identical",48.97,23,1,NA,NA,NA,NA
"BH",1,"2020-10-06_13h53.16.789","S1.3ConstantTotalFinal","2020.1.3",60,"OFFICE",1981.455,"TUMOR","Related",47.72,24,1,38,"Studied",NA,"CANCER"
"BH",1,"2020-10-06_13h53.16.789","S1.3ConstantTotalFinal","2020.1.3",60,"XXXXX",8000.12,"QUIET","Unrelated",50.335,25,1,NA,NA,NA,NA
"BH",1,"2020-10-06_13h53.16.789","S1.3ConstantTotalFinal","2020.1.3",60,"XXXXX",7999.655,"PACKAGE","Unrelated",49.065,26,1,NA,NA,NA,NA
"BH",1,"2020-10-06_13h53.16.789","S1.3ConstantTotalFinal","2020.1.3",60,"B",7999.955,"YOUNG","Unrelated",50.435,27,1,NA,NA,NA,NA
"BH",1,"2020-10-06_13h53.16.789","S1.3ConstantTotalFinal","2020.1.3",60,"BELOW",3233.27,"BEFORE","Identical",47.725,28,1,NA,NA,NA,NA
"BH",1,"2020-10-06_13h53.16.789","S1.3ConstantTotalFinal","2020.1.3",60,"XXXXX",8001.19,"RAIN","Unrelated",49.945,29,1,NA,NA,NA,NA
"BH",1,"2020-10-06_13h53.16.789","S1.3ConstantTotalFinal","2020.1.3",60,"XXXXX",7999.895,"THANKS","Unrelated",50.065,30,1,NA,NA,NA,NA
"BH",1,"2020-10-06_13h53.16.789","S1.3ConstantTotalFinal","2020.1.3",60,"XXXXX",8000.13,"UNCLE","Identical",47.2,31,1,NA,NA,NA,NA
"BH",1,"2020-10-06_13h53.16.789","S1.3ConstantTotalFinal","2020.1.3",60,"XXXXX",8000.44,"KNIFE","Unrelated",48.76000001,32,1,NA,NA,NA,NA
"BH",1,"2020-10-06_13h53.16.789","S1.3ConstantTotalFinal","2020.1.3",60,"XXXXX",7999.685,"GIRLS","Identical",47.96,33,1,NA,NA,NA,NA
"BH",1,"2020-10-06_13h53.16.789","S1.3ConstantTotalFinal","2020.1.3",60,"XXXXX",7999.485,"TOSS","Related",50.18,34,1,NA,NA,NA,"THROW"
"BH",1,"2020-10-06_13h53.16.789","S1.3ConstantTotalFinal","2020.1.3",60,"XXXXX",8000.155,"SHERIFF","Unrelated",47.15999999,35,1,NA,NA,NA,NA
"BH",1,"2020-10-06_13h53.16.789","S1.3ConstantTotalFinal","2020.1.3",60,"XXXXX",8000.19,"DOLLAR","Identical",48.6,36,1,NA,NA,NA,NA
"BH",1,"2020-10-06_13h53.16.789","S1.3ConstantTotalFinal","2020.1.3",60,"XXXXX",8000.06,"QUART","Identical",48.2,37,1,NA,NA,NA,NA
"BH",1,"2020-10-06_13h53.16.789","S1.3ConstantTotalFinal","2020.1.3",60,"XXXXX",2022.545,"FINGER","Identical",50.09,38,1,NA,NA,NA,NA
"BH",1,"2020-10-06_13h53.16.789","S1.3ConstantTotalFinal","2020.1.3",60,"XXXXX",766.845,"LIME","Related",49.995,39,1,NA,NA,NA,"LEMON"
"BH",1,"2020-10-06_13h53.16.789","S1.3ConstantTotalFinal","2020.1.3",60,"XXXXX",415.975,"MARRY","Unrelated",50.03000001,40,1,NA,NA,NA,NA
"BH",1,"2020-10-06_13h53.16.789","S1.3ConstantTotalFinal","2020.1.3",60,"XXXXX",633.5,"DIAL","Related",50.25,41,1,NA,NA,NA,"PHONE"
"BH",1,"2020-10-06_13h53.16.789","S1.3ConstantTotalFinal","2020.1.3",60,"XXXXX",366.42,"EARLY","Identical",48.565,42,1,NA,NA,NA,NA
"BH",1,"2020-10-06_13h53.16.789","S1.3ConstantTotalFinal","2020.1.3",60,"DREAM",1899.54,"firstword","firstword",NA,1,2,1,"Studied",NA,NA
"BH",1,"2020-10-06_13h53.16.789","S1.3ConstantTotalFinal","2020.1.3",60,"YELLOW",2800.725,"SALTINE","Related",49.525,2,2,2,"Studied",NA,"CRACKER"
"BH",1,"2020-10-06_13h53.16.789","S1.3ConstantTotalFinal","2020.1.3",60,"CHEESE",1615.1,"JAIL","Identical",49.38,3,2,4,"Studied",NA,NA
"BH",1,"2020-10-06_13h53.16.789","S1.3ConstantTotalFinal","2020.1.3",60,"FISH",1366.475,"ROSE","Unrelated",50.22,4,2,31,"Studied",NA,NA
"BH",1,"2020-10-06_13h53.16.789","S1.3ConstantTotalFinal","2020.1.3",60,"PICKLE",1750.895,"CLOAK","Related",51.21,5,2,12,"Studied",NA,"DAGGER"
"BH",1,"2020-10-06_13h53.16.789","S1.3ConstantTotalFinal","2020.1.3",60,"CLAM",1583.43,"CLAM","Identical",49.9,6,2,24,"Studied","Identical",NA
"BH",1,"2020-10-06_13h53.16.789","S1.3ConstantTotalFinal","2020.1.3",60,"CRACKER",1950.81,"INTAKE","Related",54.56,7,2,32,"Studied",NA,"OUTTAKE"
"BH",1,"2020-10-06_13h53.16.789","S1.3ConstantTotalFinal","2020.1.3",60,"BIRD",3167.51,"HOPE","Related",50.46,8,2,34,"Studied",NA,"GLORY"
"BH",1,"2020-10-06_13h53.16.789","S1.3ConstantTotalFinal","2020.1.3",60,"HC",8000.44,"SAND","Related",48.805,9,2,NA,NA,NA,"BEACH"
"BH",1,"2020-10-06_13h53.16.789","S1.3ConstantTotalFinal","2020.1.3",60,"CHAIR",3448.45,"SCARE","Related",48.65,10,2,14,"Studied",NA,"FRIGHT"
"BH",1,"2020-10-06_13h53.16.789","S1.3ConstantTotalFinal","2020.1.3",60,"STAIRS",2815.01,"TALE","Related",48.875,11,2,21,"Studied",NA,"STORY"
"BH",1,"2020-10-06_13h53.16.789","S1.3ConstantTotalFinal","2020.1.3",60,"XXXXX",7999.595,"TOUCH","Unrelated",48.96,12,2,NA,NA,NA,NA
"BH",1,"2020-10-06_13h53.16.789","S1.3ConstantTotalFinal","2020.1.3",60,"FRIGHT",2348.615,"UNDER","Unrelated",48.685,13,2,15,"Studied",NA,NA
"BH",1,"2020-10-06_13h53.16.789","S1.3ConstantTotalFinal","2020.1.3",60,"BEACH",1618.015,"LINEN","Related",47.8,14,2,18,"Studied",NA,"SHEETS"
"BH",1,"2020-10-06_13h53.16.789","S1.3ConstantTotalFinal","2020.1.3",60,"TREAM",2117.385,"WRITE","Unrelated",50.03,15,2,NA,NA,NA,NA
"BH",1,"2020-10-06_13h53.16.789","S1.3ConstantTotalFinal","2020.1.3",60,"STREAM",2483.53,"MATH","Unrelated",51.945,16,2,36,"Studied",NA,NA
"BH",1,"2020-10-06_13h53.16.789","S1.3ConstantTotalFinal","2020.1.3",60,"MONEY",4499,"WOOD","Unrelated",50.705,17,2,5,"Studied",NA,NA
"BH",1,"2020-10-06_13h53.16.789","S1.3ConstantTotalFinal","2020.1.3",60,"XXXXX",8000.1,"HALT","Related",47.76,18,2,NA,NA,NA,"STOP"
"BH",1,"2020-10-06_13h53.16.789","S1.3ConstantTotalFinal","2020.1.3",60,"STOP",5866.555,"WIDTH","Related",49.09499999,19,2,10,"Studied",NA,"LENGTH"
"BH",1,"2020-10-06_13h53.16.789","S1.3ConstantTotalFinal","2020.1.3",60,"JAIL",1983.87,"MILK","Unrelated",48.94,20,2,11,"Studied","Identical",NA
"BH",1,"2020-10-06_13h53.16.789","S1.3ConstantTotalFinal","2020.1.3",60,"TWELVE",3184.01,"JUDGE","Related",47.68500001,21,2,35,"Studied",NA,"LAWYER"
"BH",1,"2020-10-06_13h53.16.789","S1.3ConstantTotalFinal","2020.1.3",60,"XXXXX",7998.485,"SUBJECT","Unrelated",49.185,22,2,NA,NA,NA,NA
"BH",1,"2020-10-06_13h53.16.789","S1.3ConstantTotalFinal","2020.1.3",60,"XXXXX",7999.085,"DIME","Related",50.46000001,23,2,NA,NA,NA,"NICKEL"
"BH",1,"2020-10-06_13h53.16.789","S1.3ConstantTotalFinal","2020.1.3",60,"ORANGE",2198.405,"ORANGE","Identical",48.97,24,2,29,"Studied","Identical",NA
"BH",1,"2020-10-06_13h53.16.789","S1.3ConstantTotalFinal","2020.1.3",60,"XXXXX",8000.945,"NIECE","Related",49.97499999,25,2,NA,NA,NA,"NEPHEW"
"BH",1,"2020-10-06_13h53.16.789","S1.3ConstantTotalFinal","2020.1.3",60,"XXXXX",8000.375,"WORK","Identical",48.15,26,2,NA,NA,NA,NA
"BH",1,"2020-10-06_13h53.16.789","S1.3ConstantTotalFinal","2020.1.3",60,"XXXXX",7993.335,"SMOOTH","Identical",49.785,27,2,NA,NA,NA,NA
"BH",1,"2020-10-06_13h53.16.789","S1.3ConstantTotalFinal","2020.1.3",60,"XXXXX",7998.955,"CHANGE","Identical",50.695,28,2,NA,NA,NA,NA
"BH",1,"2020-10-06_13h53.16.789","S1.3ConstantTotalFinal","2020.1.3",60,"XXXXX",2231.73,"GUITAR","Identical",48.55,29,2,NA,NA,NA,NA
"BH",1,"2020-10-06_13h53.16.789","S1.3ConstantTotalFinal","2020.1.3",60,"XXXXX",944.405,"STRESS","Unrelated",49.755,30,2,NA,NA,NA,NA
"BH",1,"2020-10-06_13h53.16.789","S1.3ConstantTotalFinal","2020.1.3",60,"XXXXX",582.735,"SONG","Identical",50.01,31,2,NA,NA,NA,NA
"BH",1,"2020-10-06_13h53.16.789","S1.3ConstantTotalFinal","2020.1.3",60,"XXXXX",1583.18,"FLOWER","Identical",48.15,32,2,NA,NA,NA,NA
"BH",1,"2020-10-06_13h53.16.789","S1.3ConstantTotalFinal","2020.1.3",60,"XXXXX",8000.645,"RULE","Unrelated",50.295,33,2,NA,NA,NA,NA
"BH",1,"2020-10-06_13h53.16.789","S1.3ConstantTotalFinal","2020.1.3",60,"XXXXX",1266.165,"SELLER","Identical",47.675,34,2,NA,NA,NA,NA
"BH",1,"2020-10-06_13h53.16.789","S1.3ConstantTotalFinal","2020.1.3",60,"XXXXX",2532.69,"HONK","Related",49.13,35,2,NA,NA,NA,"HORN"
"BH",1,"2020-10-06_13h53.16.789","S1.3ConstantTotalFinal","2020.1.3",60,"XXXXX",1281.89,"BREAD","Unrelated",48.65500001,36,2,NA,NA,NA,NA
"BH",1,"2020-10-06_13h53.16.789","S1.3ConstantTotalFinal","2020.1.3",60,"XXXXX",582.925,"WEIGHT","Identical",49.505,37,2,NA,NA,NA,NA
"BH",1,"2020-10-06_13h53.16.789","S1.3ConstantTotalFinal","2020.1.3",60,"XXXXX",1517.735,"BOMB","Identical",49.075,38,2,NA,NA,NA,NA
"BH",1,"2020-10-06_13h53.16.789","S1.3ConstantTotalFinal","2020.1.3",60,"XXXXX",8001.705,"YUCK","Related",52.28,39,2,NA,NA,NA,"GROSS"
"BH",1,"2020-10-06_13h53.16.789","S1.3ConstantTotalFinal","2020.1.3",60,"XXXXX",7999.91,"DIGIT","Related",49.26499999,40,2,NA,NA,NA,"NUMBER"
"BH",1,"2020-10-06_13h53.16.789","S1.3ConstantTotalFinal","2020.1.3",60,"XXXXX",1149.45,"BABY","Unrelated",49.3,41,2,NA,NA,NA,NA
"BH",1,"2020-10-06_13h53.16.789","S1.3ConstantTotalFinal","2020.1.3",60,"XXXXX",1067.075,"STUPID","Unrelated",50.875,42,2,NA,NA,NA,NA
"BH",1,"2020-10-06_13h53.16.789","S1.3ConstantTotalFinal","2020.1.3",60,"DEVIL",2730.815,"firstword","firstword",NA,1,3,24,"Studied",NA,NA
"BH",1,"2020-10-06_13h53.16.789","S1.3ConstantTotalFinal","2020.1.3",60,"BELOW",1864.735,"SURE","Unrelated",49.29,2,3,26,"Studied",NA,NA
"BH",1,"2020-10-06_13h53.16.789","S1.3ConstantTotalFinal","2020.1.3",60,"BEACH",2432.47,"ITCH","Unrelated",51.03,3,3,NA,NA,NA,NA
"BH",1,"2020-10-06_13h53.16.789","S1.3ConstantTotalFinal","2020.1.3",60,"KISS",2332.18,"CIGAR","Related",48.6,4,3,8,"Studied",NA,"SMOKE"
"BH",1,"2020-10-06_13h53.16.789","S1.3ConstantTotalFinal","2020.1.3",60,"WIFE",1515.85,"MONKEY","Unrelated",49.97,5,3,NA,NA,NA,NA
"BH",1,"2020-10-06_13h53.16.789","S1.3ConstantTotalFinal","2020.1.3",60,"FROG",1151.15,"PENCIL","Unrelated",49.17,6,3,10,"Studied",NA,NA
"BH",1,"2020-10-06_13h53.16.789","S1.3ConstantTotalFinal","2020.1.3",60,"KILL",1582.375,"TRASH","Identical",49.76,7,3,27,"Studied",NA,NA
"BH",1,"2020-10-06_13h53.16.789","S1.3ConstantTotalFinal","2020.1.3",60,"DAGGER",3034.63,"MAD","Unrelated",50.09,8,3,NA,NA,NA,NA
"BH",1,"2020-10-06_13h53.16.789","S1.3ConstantTotalFinal","2020.1.3",60,"XXXXX",7992.2,"SOIL","Related",48.38499999,9,3,NA,NA,NA,"DIRT"
"BH",1,"2020-10-06_13h53.16.789","S1.3ConstantTotalFinal","2020.1.3",60,"XXXXX",8000.37,"BRIDE","Identical",49.135,10,3,NA,NA,NA,NA
"BH",1,"2020-10-06_13h53.16.789","S1.3ConstantTotalFinal","2020.1.3",60,"LAKE",1716.015,"LETTER","Unrelated",49.09,11,3,34,"Studied",NA,NA
"BH",1,"2020-10-06_13h53.16.789","S1.3ConstantTotalFinal","2020.1.3",60,"XXXXX",8002.185,"SORRY","Identical",48.4,12,3,NA,NA,NA,NA
"BH",1,"2020-10-06_13h53.16.789","S1.3ConstantTotalFinal","2020.1.3",60,"SWEET",1767.245,"HONEY","Related",48.065,13,3,29,"Studied",NA,"SWEET"
"BH",1,"2020-10-06_13h53.16.789","S1.3ConstantTotalFinal","2020.1.3",60,"TRAIN",2100.15,"TIGHT","Identical",51.03,14,3,37,"Studied",NA,NA
"BH",1,"2020-10-06_13h53.16.789","S1.3ConstantTotalFinal","2020.1.3",60,"NOISE",1911.88,"SILK","Unrelated",48.745,15,3,36,"Studied",NA,NA
"BH",1,"2020-10-06_13h53.16.789","S1.3ConstantTotalFinal","2020.1.3",60,"XXXXX",7988.72,"SKIP","Related",50.705,16,3,NA,NA,NA,"JUMP"
"BH",1,"2020-10-06_13h53.16.789","S1.3ConstantTotalFinal","2020.1.3",60,"XXXXX",8001.995,"NORTH","Related",48.905,17,3,NA,NA,NA,"SOUTH"
"BH",1,"2020-10-06_13h53.16.789","S1.3ConstantTotalFinal","2020.1.3",60,"XXXXX",8000.72,"STOMACH","Identical",49.7,18,3,NA,NA,NA,NA
"BH",1,"2020-10-06_13h53.16.789","S1.3ConstantTotalFinal","2020.1.3",60,"XXXXX",2750.59,"MINIMUM","Unrelated",47.445,19,3,NA,NA,NA,NA
"BH",1,"2020-10-06_13h53.16.789","S1.3ConstantTotalFinal","2020.1.3",60,"XXXXX",566.43,"HELLO","Unrelated",50.825,20,3,NA,NA,NA,NA
"BH",1,"2020-10-06_13h53.16.789","S1.3ConstantTotalFinal","2020.1.3",60,"XXXXX",465.205,"GRAIN","Related",50.16000001,21,3,NA,NA,NA,"WHEAT"
"BH",1,"2020-10-06_13h53.16.789","S1.3ConstantTotalFinal","2020.1.3",60,"XXXXX",869.055,"WORLD","Identical",50.01,22,3,NA,NA,NA,NA
"BH",1,"2020-10-06_13h53.16.789","S1.3ConstantTotalFinal","2020.1.3",60,"XXXXX",917.405,"DAWN","Related",50.785,23,3,NA,NA,NA,"DUSK"
"BH",1,"2020-10-06_13h53.16.789","S1.3ConstantTotalFinal","2020.1.3",60,"XXXXX",866.535,"COPY","Unrelated",48.96,24,3,NA,NA,NA,NA
"BH",1,"2020-10-06_13h53.16.789","S1.3ConstantTotalFinal","2020.1.3",60,"XXXXX",1149.7,"THIEF","Identical",49.16,25,3,NA,NA,NA,NA
"BH",1,"2020-10-06_13h53.16.789","S1.3ConstantTotalFinal","2020.1.3",60,"XXXXX",601.21,"EFFECT","Unrelated",50.39,26,3,NA,NA,NA,NA
"BH",1,"2020-10-06_13h53.16.789","S1.3ConstantTotalFinal","2020.1.3",60,"XXXXX",798.67,"JEANS","Unrelated",50.54,27,3,NA,NA,NA,NA
"BH",1,"2020-10-06_13h53.16.789","S1.3ConstantTotalFinal","2020.1.3",60,"XXXXX",1133.29,"PRESENT","Identical",50.20000001,28,3,NA,NA,NA,NA
"BH",1,"2020-10-06_13h53.16.789","S1.3ConstantTotalFinal","2020.1.3",60,"XXXXX",1599.94,"UNCLEAR","Unrelated",49.785,29,3,NA,NA,NA,NA
"BH",1,"2020-10-06_13h53.16.789","S1.3ConstantTotalFinal","2020.1.3",60,"HOOP",6217.14,"SOFT","Unrelated",49.78,30,3,31,"Studied",NA,NA
"BH",1,"2020-10-06_13h53.16.789","S1.3ConstantTotalFinal","2020.1.3",60,"XXXXX",8000.505,"BALL","Unrelated",47.99,31,3,NA,NA,NA,NA
"BH",1,"2020-10-06_13h53.16.789","S1.3ConstantTotalFinal","2020.1.3",60,"XXXXX",8000.95,"OUNCE","Related",50.56,32,3,NA,NA,NA,"POUND"
"BH",1,"2020-10-06_13h53.16.789","S1.3ConstantTotalFinal","2020.1.3",60,"XXXXX",7990.695,"CAMP","Identical",50.2,33,3,NA,NA,NA,NA
"BH",1,"2020-10-06_13h53.16.789","S1.3ConstantTotalFinal","2020.1.3",60,"XXXXX",5008.305,"MINOR","Identical",50.34,34,3,NA,NA,NA,NA
"BH",1,"2020-10-06_13h53.16.789","S1.3ConstantTotalFinal","2020.1.3",60,"XXXXX",1833.465,"SUITE","Related",48.795,35,3,NA,NA,NA,"HOTEL"
"BH",1,"2020-10-06_13h53.16.789","S1.3ConstantTotalFinal","2020.1.3",60,"XXXXX",949.45,"HINGE","Related",49.555,36,3,NA,NA,NA,"DOOR"
"BH",1,"2020-10-06_13h53.16.789","S1.3ConstantTotalFinal","2020.1.3",60,"XXXXX",582.61,"FROWN","Related",48.835,37,3,NA,NA,NA,"SMILE"
"BH",1,"2020-10-06_13h53.16.789","S1.3ConstantTotalFinal","2020.1.3",60,"XXXXX",666.375,"FRONT","Unrelated",49.055,38,3,NA,NA,NA,NA
"BH",1,"2020-10-06_13h53.16.789","S1.3ConstantTotalFinal","2020.1.3",60,"XXXXX",715.535,"LAND","Identical",50.425,39,3,NA,NA,NA,NA
"BH",1,"2020-10-06_13h53.16.789","S1.3ConstantTotalFinal","2020.1.3",60,"XXXXX",1248.81,"LEARN","Identical",49.53,40,3,NA,NA,NA,NA
"BH",1,"2020-10-06_13h53.16.789","S1.3ConstantTotalFinal","2020.1.3",60,"XXXXX",566.585,"SLEEP","Unrelated",50.94,41,3,NA,NA,NA,NA
"BH",1,"2020-10-06_13h53.16.789","S1.3ConstantTotalFinal","2020.1.3",60,"XXXXX",449.065,"HIGHWAY","Related",49.925,42,3,NA,NA,NA,"ROAD"
"BH",1,"2020-10-06_13h53.16.789","S1.3ConstantTotalFinal","2020.1.3",60,"HUNGER",2332.62,"firstword","firstword",NA,1,4,25,"Studied",NA,NA
"BH",1,"2020-10-06_13h53.16.789","S1.3ConstantTotalFinal","2020.1.3",60,"THIRST",1785.7,"COLLECT","Unrelated",49.605,2,4,17,"Studied",NA,NA
"BH",1,"2020-10-06_13h53.16.789","S1.3ConstantTotalFinal","2020.1.3",60,"PURPLE",2032.35,"STATES","Identical",50.95,3,4,38,"Studied",NA,NA
"BH",1,"2020-10-06_13h53.16.789","S1.3ConstantTotalFinal","2020.1.3",60,"SOAP",2668.745,"LOOK","Identical",49.11499999,4,4,5,"Studied",NA,NA
"BH",1,"2020-10-06_13h53.16.789","S1.3ConstantTotalFinal","2020.1.3",60,"CANDLE",2148.91,"TEST","Identical",48.24,5,4,39,"Studied",NA,NA
"BH",1,"2020-10-06_13h53.16.789","S1.3ConstantTotalFinal","2020.1.3",60,"SOAP",2284.54,"STRANGE","Unrelated",48.975,6,4,5,"Studied",NA,NA
"BH",1,"2020-10-06_13h53.16.789","S1.3ConstantTotalFinal","2020.1.3",60,"READ",1532.985,"FIRST","Identical",39.025,7,4,1,"Studied",NA,NA
"BH",1,"2020-10-06_13h53.16.789","S1.3ConstantTotalFinal","2020.1.3",60,"NEWS",1854.71,"LEAST","Related",51.25,8,4,21,"Studied",NA,"MOST"
"BH",1,"2020-10-06_13h53.16.789","S1.3ConstantTotalFinal","2020.1.3",60,"KIDNAP",3115.845,"DEBATE","Related",48,9,4,22,"Studied",NA,"ARGUE"
"BH",1,"2020-10-06_13h53.16.789","S1.3ConstantTotalFinal","2020.1.3",60,"PAIN",1935.015,"NAVY","Identical",48.61000001,10,4,23,"Studied",NA,NA
"BH",1,"2020-10-06_13h53.16.789","S1.3ConstantTotalFinal","2020.1.3",60,"BORROW",2099.795,"STORE","Unrelated",49.035,11,4,7,"Studied",NA,NA
"BH",1,"2020-10-06_13h53.16.789","S1.3ConstantTotalFinal","2020.1.3",60,"XXXXX",8001.865,"CLUE","Identical",49.515,12,4,NA,NA,NA,NA
"BH",1,"2020-10-06_13h53.16.789","S1.3ConstantTotalFinal","2020.1.3",60,"SUPPER",2197.185,"CHAIN","Identical",48.665,13,4,27,"Studied",NA,NA
"BH",1,"2020-10-06_13h53.16.789","S1.3ConstantTotalFinal","2020.1.3",60,"XXXXX",8000.74,"CIRCLE","Related",50.27499999,14,4,NA,NA,NA,"SQUARE"
"BH",1,"2020-10-06_13h53.16.789","S1.3ConstantTotalFinal","2020.1.3",60,"XXXXX",7998.305,"SERVER","Related",50.775,15,4,NA,NA,NA,"WAITER"
"BH",1,"2020-10-06_13h53.16.789","S1.3ConstantTotalFinal","2020.1.3",60,"XXXXX",8000.17,"NOUN","Related",50.175,16,4,NA,NA,NA,"VERB"
"BH",1,"2020-10-06_13h53.16.789","S1.3ConstantTotalFinal","2020.1.3",60,"XXXXX",8005.675,"VOLCANO","Unrelated",48.34,17,4,NA,NA,NA,NA
"BH",1,"2020-10-06_13h53.16.789","S1.3ConstantTotalFinal","2020.1.3",60,"XXXXX",7999.84,"BALLET","Identical",49.735,18,4,NA,NA,NA,NA
"BH",1,"2020-10-06_13h53.16.789","S1.3ConstantTotalFinal","2020.1.3",60,"XXXXX",8000.54,"SPIDER","Identical",48.66,19,4,NA,NA,NA,NA
"BH",1,"2020-10-06_13h53.16.789","S1.3ConstantTotalFinal","2020.1.3",60,"XXXXX",467.39,"LESS","Identical",47.02,20,4,NA,NA,NA,NA
"BH",1,"2020-10-06_13h53.16.789","S1.3ConstantTotalFinal","2020.1.3",60,"XXXXX",383.09,"FEET","Related",49.88,21,4,NA,NA,NA,"TOES"
"BH",1,"2020-10-06_13h53.16.789","S1.3ConstantTotalFinal","2020.1.3",60,"XXXXX",333.1,"BRANCH","Identical",49.53,22,4,NA,NA,NA,NA
"BH",1,"2020-10-06_13h53.16.789","S1.3ConstantTotalFinal","2020.1.3",60,"XXXXX",549.595,"MUSIC","Unrelated",49.525,23,4,NA,NA,NA,NA
"BH",1,"2020-10-06_13h53.16.789","S1.3ConstantTotalFinal","2020.1.3",60,"XXXXX",700.275,"GAME","Unrelated",49.74,24,4,NA,NA,NA,NA
"BH",1,"2020-10-06_13h53.16.789","S1.3ConstantTotalFinal","2020.1.3",60,"XXXXX",399.67,"WINTER","Identical",50.82,25,4,NA,NA,NA,NA
"BH",1,"2020-10-06_13h53.16.789","S1.3ConstantTotalFinal","2020.1.3",60,"XXXXX",466.075,"HEAR","Unrelated",49.375,26,4,NA,NA,NA,NA
"BH",1,"2020-10-06_13h53.16.789","S1.3ConstantTotalFinal","2020.1.3",60,"XXXXX",416.35,"ALIVE","Identical",51.19,27,4,NA,NA,NA,NA
"BH",1,"2020-10-06_13h53.16.789","S1.3ConstantTotalFinal","2020.1.3",60,"XXXXX",349.695,"TENNIS","Identical",50.23,28,4,NA,NA,NA,NA
"BH",1,"2020-10-06_13h53.16.789","S1.3ConstantTotalFinal","2020.1.3",60,"XXXXX",532.935,"TAKE","Unrelated",50.005,29,4,NA,NA,NA,NA
"BH",1,"2020-10-06_13h53.16.789","S1.3ConstantTotalFinal","2020.1.3",60,"XXXXX",448.655,"MIDDLE","Identical",51.045,30,4,NA,NA,NA,NA
"BH",1,"2020-10-06_13h53.16.789","S1.3ConstantTotalFinal","2020.1.3",60,"XXXXX",383.49,"HIDE","Related",49.425,31,4,NA,NA,NA,"SEEK"
"BH",1,"2020-10-06_13h53.16.789","S1.3ConstantTotalFinal","2020.1.3",60,"XXXXX",1152.305,"BUCKET","Identical",51.23,32,4,NA,NA,NA,NA
"BH",1,"2020-10-06_13h53.16.789","S1.3ConstantTotalFinal","2020.1.3",60,"XXXXX",700.71,"GUIDE","Related",50.015,33,4,NA,NA,NA,"TOUR"
"BH",1,"2020-10-06_13h53.16.789","S1.3ConstantTotalFinal","2020.1.3",60,"XXXXX",732.71,"FATHER","Related",50.055,34,4,NA,NA,NA,"MOTHER"
"BH",1,"2020-10-06_13h53.16.789","S1.3ConstantTotalFinal","2020.1.3",60,"XXXXX",715.935,"THREAD","Identical",51.48,35,4,NA,NA,NA,NA
"BH",1,"2020-10-06_13h53.16.789","S1.3ConstantTotalFinal","2020.1.3",60,"XXXXX",500.415,"INHALE","Identical",50.185,36,4,NA,NA,NA,NA
"BH",1,"2020-10-06_13h53.16.789","S1.3ConstantTotalFinal","2020.1.3",60,"XXXXX",533.235,"WILD","Identical",50.715,37,4,NA,NA,NA,NA
"BH",1,"2020-10-06_13h53.16.789","S1.3ConstantTotalFinal","2020.1.3",60,"XXXXX",551.355,"FIND","Unrelated",49.07,38,4,NA,NA,NA,NA
"BH",1,"2020-10-06_13h53.16.789","S1.3ConstantTotalFinal","2020.1.3",60,"XXXXX",384.285,"FAST","Related",49.87,39,4,NA,NA,NA,"SLOW"
"BH",1,"2020-10-06_13h53.16.789","S1.3ConstantTotalFinal","2020.1.3",60,"XXXXX",516.395,"NOSE","Identical",49.88000001,40,4,NA,NA,NA,NA
"BH",1,"2020-10-06_13h53.16.789","S1.3ConstantTotalFinal","2020.1.3",60,"XXXXX",633,"SICK","Unrelated",51.305,41,4,NA,NA,NA,NA
"BH",1,"2020-10-06_13h53.16.789","S1.3ConstantTotalFinal","2020.1.3",60,"XXXXX",532.8,"DRESS","Unrelated",49.785,42,4,NA,NA,NA,NA
