"participant","session","date","expName","psychopyVersion","frameRate","RecalledWord","RT","Prime","PrimeCon","PrimeDuration","OutputPosition","Block","StudyPosition","Studied","PrimeRecalledCondition","PrimeFor"
"CB",1,"2020-09-22_13h56.31.898","S2.4ConstantTotalFinal","2020.1.3",60,"SHEEP ",3882.685,"firstword","firstword",NA,1,1,NA,NA,NA,NA
"CB",1,"2020-09-22_13h56.31.898","S2.4ConstantTotalFinal","2020.1.3",60,"DOCTOR",8000.165,"PEDAL","Related",52.0250001,2,1,31,"Studied",NA,"BIKE"
"CB",1,"2020-09-22_13h56.31.898","S2.4ConstantTotalFinal","2020.1.3",60,"MONEY",1715.98,"FAKE","Identical",51.48500006,3,1,NA,NA,NA,NA
"CB",1,"2020-09-22_13h56.31.898","S2.4ConstantTotalFinal","2020.1.3",60,"SILK",1266.615,"CHEESE","Unrelated",49.99500001,4,1,NA,NA,NA,NA
"CB",1,"2020-09-22_13h56.31.898","S2.4ConstantTotalFinal","2020.1.3",60,"HEAD",1584.795,"YELLOW","Unrelated",37.77500009,5,1,32,"Studied",NA,NA
"CB",1,"2020-09-22_13h56.31.898","S2.4ConstantTotalFinal","2020.1.3",60,"XXXXX",7999.64,"LEGS","Related",36.22499993,6,1,NA,NA,NA,"ARMS"
"CB",1,"2020-09-22_13h56.31.898","S2.4ConstantTotalFinal","2020.1.3",60,"BREAD",8001.025,"SHIFT","Related",36.97500005,7,1,22,"Studied",NA,"MOVE"
"CB",1,"2020-09-22_13h56.31.898","S2.4ConstantTotalFinal","2020.1.3",60,"XXXXX",7999.75,"EGGS","Unrelated",48.99499996,8,1,NA,NA,NA,NA
"CB",1,"2020-09-22_13h56.31.898","S2.4ConstantTotalFinal","2020.1.3",60,"XXXXX",8000.625,"TIMBER","Related",49.95999997,9,1,NA,NA,NA,"WOOD"
"CB",1,"2020-09-22_13h56.31.898","S2.4ConstantTotalFinal","2020.1.3",60,"XXXXX",8001.78,"ESSAY","Related",48.80499991,10,1,NA,NA,NA,"WRITE"
"CB",1,"2020-09-22_13h56.31.898","S2.4ConstantTotalFinal","2020.1.3",60,"XXXXX",8000.39,"POLICY","Related",50.54999993,11,1,NA,NA,NA,"RULE"
"CB",1,"2020-09-22_13h56.31.898","S2.4ConstantTotalFinal","2020.1.3",60,"XXXXX",8001.96,"LAWYER","Unrelated",49.83000003,12,1,NA,NA,NA,NA
"CB",1,"2020-09-22_13h56.31.898","S2.4ConstantTotalFinal","2020.1.3",60,"ROAD",8000.15,"NEPHEW","Unrelated",47.98000003,13,1,NA,NA,NA,NA
"CB",1,"2020-09-22_13h56.31.898","S2.4ConstantTotalFinal","2020.1.3",60,"LIGHT",8000.185,"AGAIN","Related",50.085,14,1,29,"Studied",NA,"REPEAT"
"CB",1,"2020-09-22_13h56.31.898","S2.4ConstantTotalFinal","2020.1.3",60,"XXXXX",7999.485,"GUITAR","Unrelated",48.695,15,1,NA,NA,NA,NA
"CB",1,"2020-09-22_13h56.31.898","S2.4ConstantTotalFinal","2020.1.3",60,"    ",3933.85,"CRACKER","Unrelated",49.59499999,16,1,NA,NA,NA,NA
"CB",1,"2020-09-22_13h56.31.898","S2.4ConstantTotalFinal","2020.1.3",60,"SILK",6401.46,"SHIRT","Identical",49.09999995,17,1,NA,NA,NA,NA
"CB",1,"2020-09-22_13h56.31.898","S2.4ConstantTotalFinal","2020.1.3",60,"GRAVE",3283.7,"MIND","Related",49.22999989,18,1,12,"Studied",NA,"BRAIN"
"CB",1,"2020-09-22_13h56.31.898","S2.4ConstantTotalFinal","2020.1.3",60,"XXXXX",8003.625,"PICKLE","Unrelated",48.65500005,19,1,NA,NA,NA,NA
"CB",1,"2020-09-22_13h56.31.898","S2.4ConstantTotalFinal","2020.1.3",60,"DOCTOR",2632.675,"DUMB","Related",48.82999999,20,1,31,"Studied",NA,"STUPID"
"CB",1,"2020-09-22_13h56.31.898","S2.4ConstantTotalFinal","2020.1.3",60,"XXXXX",7999.985,"TOPIC","Related",50.70999998,21,1,NA,NA,NA,"SUBJECT"
"CB",1,"2020-09-22_13h56.31.898","S2.4ConstantTotalFinal","2020.1.3",60,"XXXXX",8001.14,"UNDER","Identical",48.10500005,22,1,NA,NA,NA,NA
"CB",1,"2020-09-22_13h56.31.898","S2.4ConstantTotalFinal","2020.1.3",60,"XXXXX",2311.32,"RIGHT","Unrelated",50.32499996,23,1,NA,NA,NA,NA
"CB",1,"2020-09-22_13h56.31.898","S2.4ConstantTotalFinal","2020.1.3",60,"XXXXX",281.81,"GUILT","Identical",49.72499993,24,1,NA,NA,NA,NA
"CB",1,"2020-09-22_13h56.31.898","S2.4ConstantTotalFinal","2020.1.3",60,"XXXXX",367.755,"SHEETS","Unrelated",50.51500001,25,1,NA,NA,NA,NA
"CB",1,"2020-09-22_13h56.31.898","S2.4ConstantTotalFinal","2020.1.3",60,"XXXXX",8001.295,"ROSE","Identical",51.01499998,26,1,NA,NA,NA,NA
"CB",1,"2020-09-22_13h56.31.898","S2.4ConstantTotalFinal","2020.1.3",60,"XXXXX",8004.39,"TENSION","Related",49.86000003,27,1,NA,NA,NA,"STRESS"
"CB",1,"2020-09-22_13h56.31.898","S2.4ConstantTotalFinal","2020.1.3",60,"XXXXX",8001.71,"KNIT","Identical",49.39000006,28,1,NA,NA,NA,NA
"CB",1,"2020-09-22_13h56.31.898","S2.4ConstantTotalFinal","2020.1.3",60,"XXXXX",7999.62,"PRIM","Related",48.19500004,29,1,NA,NA,NA,"PROPER"
"CB",1,"2020-09-22_13h56.31.898","S2.4ConstantTotalFinal","2020.1.3",60,"DEATH",2767.93,"CENT","Related",49.84500003,30,1,NA,NA,NA,NA
"CB",1,"2020-09-22_13h56.31.898","S2.4ConstantTotalFinal","2020.1.3",60,"CAR",683.1,"CLASS","Identical",50.26500009,31,1,NA,NA,NA,NA
"CB",1,"2020-09-22_13h56.31.898","S2.4ConstantTotalFinal","2020.1.3",60,"XXXXX",5183.64,"SMOOTH","Unrelated",50.15500006,32,1,NA,NA,NA,NA
"CB",1,"2020-09-22_13h56.31.898","S2.4ConstantTotalFinal","2020.1.3",60,"XXXXX",132.7600001,"STEAL","Identical",49.55,33,1,NA,NA,NA,NA
"CB",1,"2020-09-22_13h56.31.898","S2.4ConstantTotalFinal","2020.1.3",60,"XXXXX",100.705,"GALLON","Related",49.18999993,34,1,NA,NA,NA,"MILK"
"CB",1,"2020-09-22_13h56.31.898","S2.4ConstantTotalFinal","2020.1.3",60,"XXXXX",268.58,"CAVITY","Related",49.33499999,35,1,NA,NA,NA,"TOOTH"
"CB",1,"2020-09-22_13h56.31.898","S2.4ConstantTotalFinal","2020.1.3",60,"XXXXX",299.79,"INFANT","Related",50.49000005,36,1,NA,NA,NA,"BABY"
"CB",1,"2020-09-22_13h56.31.898","S2.4ConstantTotalFinal","2020.1.3",60,"XXXXX",315.68,"JAIL","Unrelated",49.89000002,37,1,NA,NA,NA,NA
"CB",1,"2020-09-22_13h56.31.898","S2.4ConstantTotalFinal","2020.1.3",60,"XXXXX",412.94,"SICKLE","Related",48.93499997,38,1,NA,NA,NA,"CELL"
"CB",1,"2020-09-22_13h56.31.898","S2.4ConstantTotalFinal","2020.1.3",60,"QUILT",2234.075,"SPOTS","Identical",49.31000003,39,1,NA,NA,NA,NA
"CB",1,"2020-09-22_13h56.31.898","S2.4ConstantTotalFinal","2020.1.3",60,"XXXXX",450.89,"TOUCH","Identical",49.78,40,1,NA,NA,NA,NA
"CB",1,"2020-09-22_13h56.31.898","S2.4ConstantTotalFinal","2020.1.3",60,"XXXXX",4567.695,"SELF","Identical",49.86999999,41,1,NA,NA,NA,NA
"CB",1,"2020-09-22_13h56.31.898","S2.4ConstantTotalFinal","2020.1.3",60,"XXXXX",8002.355,"CLIMB","Identical",48.79499995,42,1,NA,NA,NA,NA
"CB",1,"2020-09-22_13h56.31.898","S2.4ConstantTotalFinal","2020.1.3",60,"ALLOW",1374.96,"firstword","firstword",NA,1,2,1,"Studied",NA,NA
"CB",1,"2020-09-22_13h56.31.898","S2.4ConstantTotalFinal","2020.1.3",60,"JEANS",984.39,"CERTAIN","Related",50.69499998,2,2,2,"Studied",NA,"SURE"
"CB",1,"2020-09-22_13h56.31.898","S2.4ConstantTotalFinal","2020.1.3",60,"CARRY",1494.185,"ALLERGY","Related",49.58499991,3,2,3,"Studied",NA,"SNEEZE"
"CB",1,"2020-09-22_13h56.31.898","S2.4ConstantTotalFinal","2020.1.3",60,"MONKEY",1284.615,"FIRE","Identical",49.56000007,4,2,5,"Studied",NA,NA
"CB",1,"2020-09-22_13h56.31.898","S2.4ConstantTotalFinal","2020.1.3",60,"FIRE",1517.545,"SATIN","Related",49.32500003,5,2,15,"Studied","Identical","SILK"
"CB",1,"2020-09-22_13h56.31.898","S2.4ConstantTotalFinal","2020.1.3",60,"SPICE",1100.585,"TWICE","Related",49.19000005,6,2,18,"Studied",NA,"ONCE"
"CB",1,"2020-09-22_13h56.31.898","S2.4ConstantTotalFinal","2020.1.3",60,"BANK",1149.555,"BELOW","Unrelated",50.26499997,7,2,27,"Studied",NA,NA
"CB",1,"2020-09-22_13h56.31.898","S2.4ConstantTotalFinal","2020.1.3",60,"NINE",1833.57,"BAKE","Related",50.70999998,8,2,28,"Studied",NA,"CAKE"
"CB",1,"2020-09-22_13h56.31.898","S2.4ConstantTotalFinal","2020.1.3",60,"XXXXX",8001.06,"VAGUE","Related",49.93999994,9,2,NA,NA,NA,"UNCLEAR"
"CB",1,"2020-09-22_13h56.31.898","S2.4ConstantTotalFinal","2020.1.3",60,"PENCIL",4166.45,"HELLO","Identical",51.2150001,10,2,10,"Studied",NA,NA
"CB",1,"2020-09-22_13h56.31.898","S2.4ConstantTotalFinal","2020.1.3",60,"XXXXX",8002.38,"STARS","Unrelated",50.24000001,11,2,NA,NA,NA,NA
"CB",1,"2020-09-22_13h56.31.898","S2.4ConstantTotalFinal","2020.1.3",60,"XXXXX",8395.965,"SMILE","Unrelated",50.025,12,2,NA,NA,NA,NA
"CB",1,"2020-09-22_13h56.31.898","S2.4ConstantTotalFinal","2020.1.3",60,"XXXXX",8000.205,"WATER","Identical",49.56499999,13,2,NA,NA,NA,NA
"CB",1,"2020-09-22_13h56.31.898","S2.4ConstantTotalFinal","2020.1.3",60,"WW",1750.265,"FIVE","Unrelated",49.37500006,14,2,NA,NA,NA,NA
"CB",1,"2020-09-22_13h56.31.898","S2.4ConstantTotalFinal","2020.1.3",60,"WATER",2000.255,"BOUNCE","Related",49.60499995,15,2,26,"Studied","Identical","BALL "
"CB",1,"2020-09-22_13h56.31.898","S2.4ConstantTotalFinal","2020.1.3",60,"XXXXX",7997.02,"SMALL","Identical",49.79000008,16,2,NA,NA,NA,NA
"CB",1,"2020-09-22_13h56.31.898","S2.4ConstantTotalFinal","2020.1.3",60,"EAD",566.095,"LENS","Related",49.37499994,17,2,NA,NA,NA,"GLASSES"
"CB",1,"2020-09-22_13h56.31.898","S2.4ConstantTotalFinal","2020.1.3",60,"BREAD",2832.89,"WHEAT","Unrelated",34.03500002,18,2,NA,NA,NA,NA
"CB",1,"2020-09-22_13h56.31.898","S2.4ConstantTotalFinal","2020.1.3",60,"XXXXX",7998.43,"SERVANT","Related",46.89,19,2,NA,NA,NA,"MAID"
"CB",1,"2020-09-22_13h56.31.898","S2.4ConstantTotalFinal","2020.1.3",60,"XXXXX",8000.53,"CARBON","Related",49.12500002,20,2,NA,NA,NA,"COPY"
"CB",1,"2020-09-22_13h56.31.898","S2.4ConstantTotalFinal","2020.1.3",60,"XXXXX",6783.765,"LARGE","Identical",49.78499992,21,2,NA,NA,NA,NA
"CB",1,"2020-09-22_13h56.31.898","S2.4ConstantTotalFinal","2020.1.3",60,"XXXXX",934.275,"TIRED","Identical",49.14000002,22,2,NA,NA,NA,NA
"CB",1,"2020-09-22_13h56.31.898","S2.4ConstantTotalFinal","2020.1.3",60,"XXXXX",7998.665,"MANAGER","Related",51.08,23,2,NA,NA,NA,"BOSS"
"CB",1,"2020-09-22_13h56.31.898","S2.4ConstantTotalFinal","2020.1.3",60,"XXXXX",2552.68,"LETTER","Identical",49.40499994,24,2,NA,NA,NA,NA
"CB",1,"2020-09-22_13h56.31.898","S2.4ConstantTotalFinal","2020.1.3",60,"XXXXX",317.3,"DIGNITY","Related",50.88500003,25,2,NA,NA,NA,"PRIDE"
"CB",1,"2020-09-22_13h56.31.898","S2.4ConstantTotalFinal","2020.1.3",60,"XXXXX",317.6800001,"DESIRE","Related",50.9700001,26,2,NA,NA,NA,"WANT"
"CB",1,"2020-09-22_13h56.31.898","S2.4ConstantTotalFinal","2020.1.3",60,"ENGLISH",2932.935,"ENGLISH","Identical",50.04,27,2,9,"Studied","Identical",NA
"CB",1,"2020-09-22_13h56.31.898","S2.4ConstantTotalFinal","2020.1.3",60,"XXXXX",599.94,"SOFT","Identical",48.86500002,28,2,NA,NA,NA,NA
"CB",1,"2020-09-22_13h56.31.898","S2.4ConstantTotalFinal","2020.1.3",60,"XXXXX",2632.67,"PAPER","Identical",51.22999998,29,2,NA,NA,NA,NA
"CB",1,"2020-09-22_13h56.31.898","S2.4ConstantTotalFinal","2020.1.3",60,"XXXXX",582.555,"PRESENT","Unrelated",48.91499993,30,2,NA,NA,NA,NA
"CB",1,"2020-09-22_13h56.31.898","S2.4ConstantTotalFinal","2020.1.3",60,"XXXXX",634.3799999,"SCHEME","Related",50.85500004,31,2,NA,NA,NA,"PLAN"
"CB",1,"2020-09-22_13h56.31.898","S2.4ConstantTotalFinal","2020.1.3",60,"XXXXX",534.0649999,"TRAIN","Unrelated",48.82499995,32,2,NA,NA,NA,NA
"CB",1,"2020-09-22_13h56.31.898","S2.4ConstantTotalFinal","2020.1.3",60,"XXXXX",4816.23,"SORRY","Unrelated",51.45999999,33,2,NA,NA,NA,NA
"CB",1,"2020-09-22_13h56.31.898","S2.4ConstantTotalFinal","2020.1.3",60,"XXXXX",481.5349999,"BACK","Related",51.34000001,34,2,NA,NA,NA,"FRONT"
"CB",1,"2020-09-22_13h56.31.898","S2.4ConstantTotalFinal","2020.1.3",60,"XXXXX",583.5899999,"ANGER","Related",50.88,35,2,NA,NA,NA,"MAD"
"CB",1,"2020-09-22_13h56.31.898","S2.4ConstantTotalFinal","2020.1.3",60,"XXXXX",72.14499998,"CAMP","Unrelated",48.82000003,36,2,NA,NA,NA,NA
"CB",1,"2020-09-22_13h56.31.898","S2.4ConstantTotalFinal","2020.1.3",60,"XXXXX",647.355,"DONE","Related",48.68499993,37,2,NA,NA,NA,"FINISH"
"CB",1,"2020-09-22_13h56.31.898","S2.4ConstantTotalFinal","2020.1.3",60,"XXXXX",616.885,"EFFECT","Identical",50.055,38,2,NA,NA,NA,NA
"CB",1,"2020-09-22_13h56.31.898","S2.4ConstantTotalFinal","2020.1.3",60,"XXXXX",682.075,"MINIMUM","Identical",50.04500004,39,2,NA,NA,NA,NA
"CB",1,"2020-09-22_13h56.31.898","S2.4ConstantTotalFinal","2020.1.3",60,"XXXXX",34.21000007,"SMART","Identical",50.24500005,40,2,NA,NA,NA,NA
"CB",1,"2020-09-22_13h56.31.898","S2.4ConstantTotalFinal","2020.1.3",60,"XXXXX",751.15,"OVEN","Identical",51.16999999,41,2,NA,NA,NA,NA
"CB",1,"2020-09-22_13h56.31.898","S2.4ConstantTotalFinal","2020.1.3",60,"XXXXX",7384.945,"TIGHT","Unrelated",50.26000005,42,2,NA,NA,NA,NA
"CB",1,"2020-09-22_13h56.31.898","S2.4ConstantTotalFinal","2020.1.3",60,"STREET",1383.915,"firstword","firstword",NA,1,3,41,"Studied",NA,NA
"CB",1,"2020-09-22_13h56.31.898","S2.4ConstantTotalFinal","2020.1.3",60,"MAGIC",1182.34,"BUCKET","Unrelated",50.03500008,2,3,42,"Studied",NA,NA
"CB",1,"2020-09-22_13h56.31.898","S2.4ConstantTotalFinal","2020.1.3",60,"VOLCANO",1715.735,"DESERT","Identical",51.31999997,3,3,1,"Studied",NA,NA
"CB",1,"2020-09-22_13h56.31.898","S2.4ConstantTotalFinal","2020.1.3",60,"LOVE",1249.55,"SLOW","Unrelated",49.44500001,4,3,3,"Studied",NA,NA
"CB",1,"2020-09-22_13h56.31.898","S2.4ConstantTotalFinal","2020.1.3",60,"NONE",1115.96,"SOUR","Identical",49.44500001,5,3,24,"Studied",NA,NA
"CB",1,"2020-09-22_13h56.31.898","S2.4ConstantTotalFinal","2020.1.3",60,"ROOF",1033.2,"TAKE","Identical",49.77000004,6,3,16,"Studied",NA,NA
"CB",1,"2020-09-22_13h56.31.898","S2.4ConstantTotalFinal","2020.1.3",60,"SOUR",1232.525,"SEEK","Unrelated",50.55500008,7,3,28,"Studied","Identical",NA
"CB",1,"2020-09-22_13h56.31.898","S2.4ConstantTotalFinal","2020.1.3",60,"STREET",1750.045,"SUPPER","Unrelated",48.74500004,8,3,41,"Studied",NA,NA
"CB",1,"2020-09-22_13h56.31.898","S2.4ConstantTotalFinal","2020.1.3",60,"HEAR",1084.62,"SICK","Identical",49.69500005,9,3,15,"Studied",NA,NA
"CB",1,"2020-09-22_13h56.31.898","S2.4ConstantTotalFinal","2020.1.3",60,"TALK",1266.655,"NEWS","Unrelated",49.88499999,10,3,22,"Studied",NA,NA
"CB",1,"2020-09-22_13h56.31.898","S2.4ConstantTotalFinal","2020.1.3",60,"XXXXX",8000.3,"LETTUCE","Identical",49.81,11,3,NA,NA,NA,NA
"CB",1,"2020-09-22_13h56.31.898","S2.4ConstantTotalFinal","2020.1.3",60,"XXXXX",7999.295,"CLEAR","Identical",36.40500002,12,3,NA,NA,NA,NA
"CB",1,"2020-09-22_13h56.31.898","S2.4ConstantTotalFinal","2020.1.3",60,"XXXXX",7999.01,"TENNIS","Unrelated",49.35999995,13,3,NA,NA,NA,NA
"CB",1,"2020-09-22_13h56.31.898","S2.4ConstantTotalFinal","2020.1.3",60,"XXXXX",8000.145,"COLLECT","Identical",49.31999999,14,3,NA,NA,NA,NA
"CB",1,"2020-09-22_13h56.31.898","S2.4ConstantTotalFinal","2020.1.3",60,"TREE",5016.76,"LOOK","Unrelated",50.45500002,15,3,5,"Studied",NA,NA
"CB",1,"2020-09-22_13h56.31.898","S2.4ConstantTotalFinal","2020.1.3",60,"XXXXX",632.7800001,"STICKY","Identical",50.63000007,16,3,NA,NA,NA,NA
"CB",1,"2020-09-22_13h56.31.898","S2.4ConstantTotalFinal","2020.1.3",60,"XXXXX",450.6600001,"GAIN","Related",50.99000002,17,3,NA,NA,NA,"LOSE"
"CB",1,"2020-09-22_13h56.31.898","S2.4ConstantTotalFinal","2020.1.3",60,"XXXXX",534.92,"GIGGLE","Related",49.87500003,18,3,NA,NA,NA,"LAUGH"
"CB",1,"2020-09-22_13h56.31.898","S2.4ConstantTotalFinal","2020.1.3",60,"EARTHQUAKE",6417.26,"GOURMET","Related",51.39499996,19,3,NA,NA,NA,"FOOD"
"CB",1,"2020-09-22_13h56.31.898","S2.4ConstantTotalFinal","2020.1.3",60,"XXXXX",682.735,"CHALK","Related",48.62000002,20,3,NA,NA,NA,"BOARD"
"CB",1,"2020-09-22_13h56.31.898","S2.4ConstantTotalFinal","2020.1.3",60,"XXXXX",517.5749999,"GAME","Identical",49.70500001,21,3,NA,NA,NA,NA
"CB",1,"2020-09-22_13h56.31.898","S2.4ConstantTotalFinal","2020.1.3",60,"XXXXX",499.445,"LICE","Related",50.055,22,3,NA,NA,NA,"HAIR"
"CB",1,"2020-09-22_13h56.31.898","S2.4ConstantTotalFinal","2020.1.3",60,"XXXXX",183.2099999,"MUSIC","Identical",49.14500006,23,3,NA,NA,NA,NA
"CB",1,"2020-09-22_13h56.31.898","S2.4ConstantTotalFinal","2020.1.3",60,"XXXXX",400.99,"MAYBE","Identical",49.79000008,24,3,NA,NA,NA,NA
"CB",1,"2020-09-22_13h56.31.898","S2.4ConstantTotalFinal","2020.1.3",60,"XXXXX",665.9499999,"CAPTAIN","Related",50.92000007,25,3,NA,NA,NA,"SHIP"
"CB",1,"2020-09-22_13h56.31.898","S2.4ConstantTotalFinal","2020.1.3",60,"TASTE",4632.61,"LESS","Unrelated",50.53500005,26,3,NA,NA,NA,NA
"CB",1,"2020-09-22_13h56.31.898","S2.4ConstantTotalFinal","2020.1.3",60,"XXXXX",348.08,"PERFUME","Related",50.78000005,27,3,NA,NA,NA,"SMELL"
"CB",1,"2020-09-22_13h56.31.898","S2.4ConstantTotalFinal","2020.1.3",60,"XXXXX",675.5850001,"BREAK","Identical",48.465,28,3,NA,NA,NA,NA
"CB",1,"2020-09-22_13h56.31.898","S2.4ConstantTotalFinal","2020.1.3",60,"XXXXX",366.27,"ALIVE","Unrelated",49.14999998,29,3,NA,NA,NA,NA
"CB",1,"2020-09-22_13h56.31.898","S2.4ConstantTotalFinal","2020.1.3",60,"XXXXX",83.47500011,"DILEMMA","Related",49.91000006,30,3,NA,NA,NA,"PROBLEM"
"CB",1,"2020-09-22_13h56.31.898","S2.4ConstantTotalFinal","2020.1.3",60,"XXXXX",449.155,"INHALE","Unrelated",50.055,31,3,NA,NA,NA,NA
"CB",1,"2020-09-22_13h56.31.898","S2.4ConstantTotalFinal","2020.1.3",60,"XXXXX",451.095,"TEST","Unrelated",48.89500001,32,3,NA,NA,NA,NA
"CB",1,"2020-09-22_13h56.31.898","S2.4ConstantTotalFinal","2020.1.3",60,"XXXXX",499.735,"SEARCH","Related",50.17499998,33,3,NA,NA,NA,"FIND"
"CB",1,"2020-09-22_13h56.31.898","S2.4ConstantTotalFinal","2020.1.3",60,"XXXXX",532.3099999,"STRANGE","Identical",48.30999998,34,3,NA,NA,NA,NA
"CB",1,"2020-09-22_13h56.31.898","S2.4ConstantTotalFinal","2020.1.3",60,"XXXXX",1215.725,"CHOOSE","Identical",49.32500003,35,3,NA,NA,NA,NA
"CB",1,"2020-09-22_13h56.31.898","S2.4ConstantTotalFinal","2020.1.3",60,"XXXXX",531.715,"HUNGER","Unrelated",49.75000001,36,3,NA,NA,NA,NA
"CB",1,"2020-09-22_13h56.31.898","S2.4ConstantTotalFinal","2020.1.3",60,"XXXXX",599.4449999,"BELL","Identical",50.04499992,37,3,NA,NA,NA,NA
"CB",1,"2020-09-22_13h56.31.898","S2.4ConstantTotalFinal","2020.1.3",60,"XXXXX",616.2749999,"YEAR","Identical",48.50999999,38,3,NA,NA,NA,NA
"CB",1,"2020-09-22_13h56.31.898","S2.4ConstantTotalFinal","2020.1.3",60,"XXXXX",533.7449999,"READ","Unrelated",49.08999999,39,3,NA,NA,NA,NA
"CB",1,"2020-09-22_13h56.31.898","S2.4ConstantTotalFinal","2020.1.3",60,"XXXXX",350.4849999,"GOWN","Related",48.85999998,40,3,NA,NA,NA,"DRESS"
"CB",1,"2020-09-22_13h56.31.898","S2.4ConstantTotalFinal","2020.1.3",60,"XXXXX",17.20999996,"JACKET","Identical",49.45499997,41,3,NA,NA,NA,NA
"CB",1,"2020-09-22_13h56.31.898","S2.4ConstantTotalFinal","2020.1.3",60,"XXXXX",283.7799999,"WARM","Identical",49.30000007,42,3,NA,NA,NA,NA
"CB",1,"2020-09-22_13h56.31.898","S2.4ConstantTotalFinal","2020.1.3",60,"BUSH",1449.45,"firstword","firstword",NA,1,4,8,"Studied",NA,NA
"CB",1,"2020-09-22_13h56.31.898","S2.4ConstantTotalFinal","2020.1.3",60,"PLANE",1049.835,"ADULT","Related",52.2700001,2,4,NA,NA,NA,"CHILD"
"CB",1,"2020-09-22_13h56.31.898","S2.4ConstantTotalFinal","2020.1.3",60,"PACKAGE",1450.975,"RENT","Identical",50.15000002,3,4,1,"Studied",NA,NA
"CB",1,"2020-09-22_13h56.31.898","S2.4ConstantTotalFinal","2020.1.3",60,"REAL",1035.06,"MINUTE","Unrelated",50.46499998,4,4,37,"Studied",NA,NA
"CB",1,"2020-09-22_13h56.31.898","S2.4ConstantTotalFinal","2020.1.3",60,"PAINT",1800.27,"CIRCUS","Related",48.86999994,5,4,NA,NA,NA,"CLOWN"
"CB",1,"2020-09-22_13h56.31.898","S2.4ConstantTotalFinal","2020.1.3",60,"STAMP",1765.855,"EXCUSE","Identical",49.52999996,6,4,36,"Studied",NA,NA
"CB",1,"2020-09-22_13h56.31.898","S2.4ConstantTotalFinal","2020.1.3",60,"STRIPE",1550.61,"KNIFE","Identical",49.72000001,7,4,31,"Studied",NA,NA
"CB",1,"2020-09-22_13h56.31.898","S2.4ConstantTotalFinal","2020.1.3",60,"RENT",1283.695,"THICK","Related",50.10500003,8,4,35,"Studied","Identical","THIN"
"CB",1,"2020-09-22_13h56.31.898","S2.4ConstantTotalFinal","2020.1.3",60,"YOUNG",1350.135,"PIECE","Identical",50.15000002,9,4,34,"Studied",NA,NA
"CB",1,"2020-09-22_13h56.31.898","S2.4ConstantTotalFinal","2020.1.3",60,"REAL",1119.72,"SCISSORS","Identical",49.28500007,10,4,37,"Studied",NA,NA
"CB",1,"2020-09-22_13h56.31.898","S2.4ConstantTotalFinal","2020.1.3",60,"THANKS",1466.96,"DISLIKE","Related",50.68999995,11,4,19,"Studied",NA,"HATE"
"CB",1,"2020-09-22_13h56.31.898","S2.4ConstantTotalFinal","2020.1.3",60,"XXXXX",8000.67,"PRECISE","Related",50.32500008,12,4,NA,NA,NA,"EXACT"
"CB",1,"2020-09-22_13h56.31.898","S2.4ConstantTotalFinal","2020.1.3",60,"XXXXX",8000.755,"MARRY","Identical",49.49,13,4,NA,NA,NA,NA
"CB",1,"2020-09-22_13h56.31.898","S2.4ConstantTotalFinal","2020.1.3",60,"XXXXX",482.695,"TOOL","Identical",49.52,14,4,NA,NA,NA,NA
"CB",1,"2020-09-22_13h56.31.898","S2.4ConstantTotalFinal","2020.1.3",60,"XXXXX",8001.935,"TOCK","Identical",48.99500008,15,4,NA,NA,NA,NA
"CB",1,"2020-09-22_13h56.31.898","S2.4ConstantTotalFinal","2020.1.3",60,"XXXXX",7882.68,"DISAGREE","Identical",50.51500001,16,4,NA,NA,NA,NA
"CB",1,"2020-09-22_13h56.31.898","S2.4ConstantTotalFinal","2020.1.3",60,"XXXXX",382.3650001,"DRAW","Identical",36.0950001,17,4,NA,NA,NA,NA
"CB",1,"2020-09-22_13h56.31.898","S2.4ConstantTotalFinal","2020.1.3",60,"XXXXX",165.61,"SPIT","Identical",48.76999999,18,4,NA,NA,NA,NA
"CB",1,"2020-09-22_13h56.31.898","S2.4ConstantTotalFinal","2020.1.3",60,"XXXXX",384.245,"GLIDE","Related",49.9349999,19,4,NA,NA,NA,NA
"CB",1,"2020-09-22_13h56.31.898","S2.4ConstantTotalFinal","2020.1.3",60,"XXXXX",583.825,"SAME","Identical",49.86000003,20,4,NA,NA,NA,NA
"CB",1,"2020-09-22_13h56.31.898","S2.4ConstantTotalFinal","2020.1.3",60,"XXXXX",399.9749999,"QUEEN","Unrelated",49.80000004,21,4,NA,NA,NA,NA
"CB",1,"2020-09-22_13h56.31.898","S2.4ConstantTotalFinal","2020.1.3",60,"XXXXX",450.255,"BEFORE","Unrelated",49.88499999,22,4,NA,NA,NA,NA
"CB",1,"2020-09-22_13h56.31.898","S2.4ConstantTotalFinal","2020.1.3",60,"XXXXX",6668.205,"ANNOY","Identical",50.055,23,4,NA,NA,NA,NA
"CB",1,"2020-09-22_13h56.31.898","S2.4ConstantTotalFinal","2020.1.3",60,"XXXXX",4669.06,"ADDICT","Related",49.34499995,24,4,NA,NA,NA,"DRUGS"
"CB",1,"2020-09-22_13h56.31.898","S2.4ConstantTotalFinal","2020.1.3",60,"XXXXX",498.305,"SILVER","Identical",48.40500001,25,4,NA,NA,NA,NA
"CB",1,"2020-09-22_13h56.31.898","S2.4ConstantTotalFinal","2020.1.3",60,"XXXXX",533.35,"GRAVY","Related",48.36000002,26,4,NA,NA,NA,"POTATO"
"CB",1,"2020-09-22_13h56.31.898","S2.4ConstantTotalFinal","2020.1.3",60,"XXXXX",449.76,"PEPPER","Unrelated",49.765,27,4,NA,NA,NA,NA
"CB",1,"2020-09-22_13h56.31.898","S2.4ConstantTotalFinal","2020.1.3",60,"XXXXX",3249.55,"TEETH","Unrelated",50.23000005,28,4,NA,NA,NA,NA
"CB",1,"2020-09-22_13h56.31.898","S2.4ConstantTotalFinal","2020.1.3",60,"REAL",7638.06,"OFFICE","Unrelated",48.94999997,29,4,37,"Studied",NA,NA
"CB",1,"2020-09-22_13h56.31.898","S2.4ConstantTotalFinal","2020.1.3",60,"XXXXX",467.455,"TRACTOR","Related",48.45,30,4,NA,NA,NA,"TRAILER"
"CB",1,"2020-09-22_13h56.31.898","S2.4ConstantTotalFinal","2020.1.3",60,"XXXXX",350.0250001,"NECK","Identical",50.38499995,31,4,NA,NA,NA,NA
"CB",1,"2020-09-22_13h56.31.898","S2.4ConstantTotalFinal","2020.1.3",60,"XXXXX",116.085,"BIRTH","Related",49.98500005,32,4,NA,NA,NA,"DEATH"
"CB",1,"2020-09-22_13h56.31.898","S2.4ConstantTotalFinal","2020.1.3",60,"XXXXX",333.7650001,"IMMORAL","Related",49.87500003,33,4,NA,NA,NA,"WRONG"
"CB",1,"2020-09-22_13h56.31.898","S2.4ConstantTotalFinal","2020.1.3",60,"XXXXX",582.4249999,"CHARGE","Related",48.93000005,34,4,NA,NA,NA,"CARD"
"CB",1,"2020-09-22_13h56.31.898","S2.4ConstantTotalFinal","2020.1.3",60,"XXXXX",200.795,"HAIL","Related",51.99999991,35,4,NA,NA,NA,"RAIN"
"CB",1,"2020-09-22_13h56.31.898","S2.4ConstantTotalFinal","2020.1.3",60,"XXXXX",282.3150001,"CLOCK","Unrelated",49.92000002,36,4,NA,NA,NA,NA
"CB",1,"2020-09-22_13h56.31.898","S2.4ConstantTotalFinal","2020.1.3",60,"XXXXX",382.335,"QUIET","Identical",48.94500005,37,4,NA,NA,NA,NA
"CB",1,"2020-09-22_13h56.31.898","S2.4ConstantTotalFinal","2020.1.3",60,"XXXXX",332.99,"CORAL","Unrelated",49.9349999,38,4,NA,NA,NA,NA
"CB",1,"2020-09-22_13h56.31.898","S2.4ConstantTotalFinal","2020.1.3",60,"XXXXX",583.6649999,"INTENT","Related",49.3849999,39,4,NA,NA,NA,"PURPOSE"
"CB",1,"2020-09-22_13h56.31.898","S2.4ConstantTotalFinal","2020.1.3",60,"XXXXX",416.26,"GRASS","Unrelated",52.75999999,40,4,NA,NA,NA,NA
"CB",1,"2020-09-22_13h56.31.898","S2.4ConstantTotalFinal","2020.1.3",60,"XXXXX",298.7650001,"SHERIFF","Identical",49.12500002,41,4,NA,NA,NA,NA
"CB",1,"2020-09-22_13h56.31.898","S2.4ConstantTotalFinal","2020.1.3",60,"XXXXX",416.3,"SHALLOW","Identical",50.6950001,42,4,NA,NA,NA,NA
