"participant","session","date","expName","psychopyVersion","frameRate","RecalledWord","RT","Prime","PrimeCon","PrimeDuration","OutputPosition","Block","StudyPosition","Studied","PrimeRecalledCondition","PrimeFor"
"EC2",1,"2020-08-25_16h51.56.146","S2.3ConstantTotalFinal","2020.1.3",60,"SCISSORS",2880.36,"firstword","firstword",NA,1,1,39,"Studied",NA,NA
"EC2",1,"2020-08-25_16h51.56.146","S2.3ConstantTotalFinal","2020.1.3",60,"PLEAD",3381.59,"MEAN","Unrelated",50.46000006,2,1,NA,NA,NA,NA
"EC2",1,"2020-08-25_16h51.56.146","S2.3ConstantTotalFinal","2020.1.3",60,"RENT",2397.065,"SHARK","Unrelated",49.505,3,1,37,"Studied",NA,NA
"EC2",1,"2020-08-25_16h51.56.146","S2.3ConstantTotalFinal","2020.1.3",60,"REAL",1580.405,"AGREE","Related",50.64999999,4,1,38,"Studied",NA,"DISAGREE"
"EC2",1,"2020-08-25_16h51.56.146","S2.3ConstantTotalFinal","2020.1.3",60,"BUSH",1564.025,"DEEP","Related",50.70999998,5,1,40,"Studied",NA,"SHALLOW"
"EC2",1,"2020-08-25_16h51.56.146","S2.3ConstantTotalFinal","2020.1.3",60,"YOUNG",1154.28,"THROW","Unrelated",49.75000001,6,1,5,"Studied",NA,NA
"EC2",1,"2020-08-25_16h51.56.146","S2.3ConstantTotalFinal","2020.1.3",60,"RENT",7795.1,"SKETCH","Related",50.55499997,7,1,37,"Studied",NA,"DRAW"
"EC2",1,"2020-08-25_16h51.56.146","S2.3ConstantTotalFinal","2020.1.3",60,"WRONG",6861.105,"UNCLE","Unrelated",48.73000004,8,1,32,"Studied",NA,NA
"EC2",1,"2020-08-25_16h51.56.146","S2.3ConstantTotalFinal","2020.1.3",60,"MANY",7995.72,"LEMON","Unrelated",51.35999992,9,1,4,"Studied",NA,NA
"EC2",1,"2020-08-25_16h51.56.146","S2.3ConstantTotalFinal","2020.1.3",60,"POOR",7994.18,"TOCK","Identical",48.59000002,10,1,NA,NA,NA,NA
"EC2",1,"2020-08-25_16h51.56.146","S2.3ConstantTotalFinal","2020.1.3",60,"SILVER",7996.75,"TEETH","Unrelated",48.09499998,11,1,13,"Studied",NA,NA
"EC2",1,"2020-08-25_16h51.56.146","S2.3ConstantTotalFinal","2020.1.3",60,"SHERRIF",7993.87,"CHILD","Identical",49.40499994,12,1,NA,NA,NA,NA
"EC2",1,"2020-08-25_16h51.56.146","S2.3ConstantTotalFinal","2020.1.3",60,"MARRY",8012.605,"PURPOSE","Identical",50.96000002,13,1,12,"Studied",NA,NA
"EC2",1,"2020-08-25_16h51.56.146","S2.3ConstantTotalFinal","2020.1.3",60,"RATE",7996.605,"DISLIKE","Related",47.89000005,14,1,NA,NA,NA,"HATE"
"EC2",1,"2020-08-25_16h51.56.146","S2.3ConstantTotalFinal","2020.1.3",60,"VOTE",7988.88,"PLIERS","Related",49.95999997,15,1,8,"Studied",NA,"TOOL"
"EC2",1,"2020-08-25_16h51.56.146","S2.3ConstantTotalFinal","2020.1.3",60,"SPIT",7996.185,"PLEASE","Related",49.95000002,16,1,7,"Studied",NA,"THANKS"
"EC2",1,"2020-08-25_16h51.56.146","S2.3ConstantTotalFinal","2020.1.3",60,"DISAGREE",7995.385,"OFFICE","Unrelated",49.32999995,17,1,6,"Studied",NA,NA
"EC2",1,"2020-08-25_16h51.56.146","S2.3ConstantTotalFinal","2020.1.3",60,"XXXXX",1546.64,"GIRLS","Unrelated",53.62499994,18,1,NA,NA,NA,NA
"EC2",1,"2020-08-25_16h51.56.146","S2.3ConstantTotalFinal","2020.1.3",60,"XXXXX",516.585,"YOURS","Unrelated",50.46499998,19,1,NA,NA,NA,NA
"EC2",1,"2020-08-25_16h51.56.146","S2.3ConstantTotalFinal","2020.1.3",60,"XXXXX",132.58,"CORAL","Unrelated",50.09499996,20,1,NA,NA,NA,NA
"EC2",1,"2020-08-25_16h51.56.146","S2.3ConstantTotalFinal","2020.1.3",60,"XXXXX",68.71000002,"SHORT","Unrelated",50.28000008,21,1,NA,NA,NA,NA
"EC2",1,"2020-08-25_16h51.56.146","S2.3ConstantTotalFinal","2020.1.3",60,"XXXXX",416.215,"BEHIND","Unrelated",50.64500007,22,1,NA,NA,NA,NA
"EC2",1,"2020-08-25_16h51.56.146","S2.3ConstantTotalFinal","2020.1.3",60,"XXXXX",582.375,"TIGER","Unrelated",50.61999999,23,1,NA,NA,NA,NA
"EC2",1,"2020-08-25_16h51.56.146","S2.3ConstantTotalFinal","2020.1.3",60,"XXXXX",232.74,"STRIPE","Identical",51.08,24,1,NA,NA,NA,NA
"EC2",1,"2020-08-25_16h51.56.146","S2.3ConstantTotalFinal","2020.1.3",60,"SEAL",1297.89,"TRACTOR","Related",49.56999992,25,1,NA,NA,NA,"TRAILER"
"EC2",1,"2020-08-25_16h51.56.146","S2.3ConstantTotalFinal","2020.1.3",60,"XXXXX",149.45,"PEPPER","Unrelated",49.69999997,26,1,NA,NA,NA,NA
"EC2",1,"2020-08-25_16h51.56.146","S2.3ConstantTotalFinal","2020.1.3",60,"XXXXX",598.5000001,"THERE","Unrelated",49.05000003,27,1,NA,NA,NA,NA
"EC2",1,"2020-08-25_16h51.56.146","S2.3ConstantTotalFinal","2020.1.3",60,"XXXXX",764.4,"DEATH","Identical",50.06499996,28,1,NA,NA,NA,NA
"EC2",1,"2020-08-25_16h51.56.146","S2.3ConstantTotalFinal","2020.1.3",60,"XXXXX",282.9,"CLOSE","Unrelated",50.03000004,29,1,NA,NA,NA,NA
"EC2",1,"2020-08-25_16h51.56.146","S2.3ConstantTotalFinal","2020.1.3",60,"XXXXX",64.95500007,"EXCUSE","Identical",52.77000007,30,1,NA,NA,NA,NA
"EC2",1,"2020-08-25_16h51.56.146","S2.3ConstantTotalFinal","2020.1.3",60,"XXXXX",347.545,"PIECE","Identical",49.535,31,1,NA,NA,NA,NA
"EC2",1,"2020-08-25_16h51.56.146","S2.3ConstantTotalFinal","2020.1.3",60,"XXXXX",298.31,"SILENCE","Related",50.575,32,1,NA,NA,NA,"QUIET"
"EC2",1,"2020-08-25_16h51.56.146","S2.3ConstantTotalFinal","2020.1.3",60,"XXXXX",200.44,"CLOCK","Unrelated",52.715,33,1,NA,NA,NA,NA
"EC2",1,"2020-08-25_16h51.56.146","S2.3ConstantTotalFinal","2020.1.3",60,"XXXXX",615.685,"CLOWN","Identical",50.39999995,34,1,NA,NA,NA,NA
"EC2",1,"2020-08-25_16h51.56.146","S2.3ConstantTotalFinal","2020.1.3",60,"XXXXX",282.03,"DEPUTY","Related",50.48500001,35,1,NA,NA,NA,"SHERIFF"
"EC2",1,"2020-08-25_16h51.56.146","S2.3ConstantTotalFinal","2020.1.3",60,"XXXXX",315.165,"THIN","Identical",50.07499992,36,1,NA,NA,NA,NA
"EC2",1,"2020-08-25_16h51.56.146","S2.3ConstantTotalFinal","2020.1.3",60,"XXXXX",65.50999999,"WHERE","Unrelated",50.13500003,37,1,NA,NA,NA,NA
"EC2",1,"2020-08-25_16h51.56.146","S2.3ConstantTotalFinal","2020.1.3",60,"XXXXX",381.5250001,"MUSCLE","Unrelated",50.08000007,38,1,NA,NA,NA,NA
"EC2",1,"2020-08-25_16h51.56.146","S2.3ConstantTotalFinal","2020.1.3",60,"XXXXX",1082.29,"EXACT","Identical",49.82499999,39,1,NA,NA,NA,NA
"EC2",1,"2020-08-25_16h51.56.146","S2.3ConstantTotalFinal","2020.1.3",60,"XXXXX",399.41,"MINUS","Unrelated",50.56500004,40,1,NA,NA,NA,NA
"EC2",1,"2020-08-25_16h51.56.146","S2.3ConstantTotalFinal","2020.1.3",60,"XXXXX",65.93000004,"HAIL","Related",49.87499991,41,1,NA,NA,NA,"RAIN"
"EC2",1,"2020-08-25_16h51.56.146","S2.3ConstantTotalFinal","2020.1.3",60,"XXXXX",265.695,"CANCER","Unrelated",50.33,42,1,NA,NA,NA,NA
"EC2",1,"2020-08-25_16h51.56.146","S2.3ConstantTotalFinal","2020.1.3",60,"PROPER",3264.16,"firstword","firstword",NA,1,2,32,"Studied",NA,NA
"EC2",1,"2020-08-25_16h51.56.146","S2.3ConstantTotalFinal","2020.1.3",60,"MILK",1716.065,"RULE","Identical",47.38,2,2,37,"Studied",NA,NA
"EC2",1,"2020-08-25_16h51.56.146","S2.3ConstantTotalFinal","2020.1.3",60,"STUPID",2514.61,"TIMBER","Related",50.22500001,3,2,4,"Studied",NA,"WOOD"
"EC2",1,"2020-08-25_16h51.56.146","S2.3ConstantTotalFinal","2020.1.3",60,"SHIRT",1065.73,"YARN","Related",50.89499999,4,2,7,"Studied",NA,"KNIT"
"EC2",1,"2020-08-25_16h51.56.146","S2.3ConstantTotalFinal","2020.1.3",60,"STRESS",1365.185,"TENSION","Related",50.12999999,5,2,34,"Studied",NA,"STRESS"
"EC2",1,"2020-08-25_16h51.56.146","S2.3ConstantTotalFinal","2020.1.3",60,"WOOD",965.52,"SUBJECT","Identical",49.98499993,6,2,3,"Studied",NA,NA
"EC2",1,"2020-08-25_16h51.56.146","S2.3ConstantTotalFinal","2020.1.3",60,"DOCTOR",3313.495,"CLIMB","Identical",50.33,7,2,40,"Studied",NA,NA
"EC2",1,"2020-08-25_16h51.56.146","S2.3ConstantTotalFinal","2020.1.3",60,"ROSE",1116.335,"DAGGER","Unrelated",50.46000006,8,2,24,"Studied",NA,NA
"EC2",1,"2020-08-25_16h51.56.146","S2.3ConstantTotalFinal","2020.1.3",60,"MATH",1449.515,"WASP","Related",49.31999999,9,2,36,"Studied",NA,"STING"
"EC2",1,"2020-08-25_16h51.56.146","S2.3ConstantTotalFinal","2020.1.3",60,"PENNY",1082.355,"SHIFT","Related",49.78500004,10,2,23,"Studied",NA,"MOVE"
"EC2",1,"2020-08-25_16h51.56.146","S2.3ConstantTotalFinal","2020.1.3",60,"PROPER",2566.215,"OUTTAKE","Unrelated",50.76500005,11,2,32,"Studied",NA,NA
"EC2",1,"2020-08-25_16h51.56.146","S2.3ConstantTotalFinal","2020.1.3",60,"GRAVE",7996.19,"NIGHTS","Identical",50.52499997,12,2,8,"Studied",NA,NA
"EC2",1,"2020-08-25_16h51.56.146","S2.3ConstantTotalFinal","2020.1.3",60,"ARMS",7996.015,"CHANGE","Unrelated",48.94499993,13,2,29,"Studied",NA,NA
"EC2",1,"2020-08-25_16h51.56.146","S2.3ConstantTotalFinal","2020.1.3",60,"BUSH",7997.195,"CLASS","Identical",49.70000009,14,2,NA,NA,NA,NA
"EC2",1,"2020-08-25_16h51.56.146","S2.3ConstantTotalFinal","2020.1.3",60,"KNIT",7995.49,"JAIL","Unrelated",49.66499994,15,2,26,"Studied",NA,NA
"EC2",1,"2020-08-25_16h51.56.146","S2.3ConstantTotalFinal","2020.1.3",60,"LIGHT",7995.835,"LAMB","Related",51.00500002,16,2,27,"Studied",NA,"SHEEP"
"EC2",1,"2020-08-25_16h51.56.146","S2.3ConstantTotalFinal","2020.1.3",60,"REPEAT",7997.175,"REPEAT","Identical",48.32499998,17,2,5,"Studied","Identical",NA
"EC2",1,"2020-08-25_16h51.56.146","S2.3ConstantTotalFinal","2020.1.3",60,"XXXXX",7995.53,"SELF","Identical",50.77500001,18,2,NA,NA,NA,NA
"EC2",1,"2020-08-25_16h51.56.146","S2.3ConstantTotalFinal","2020.1.3",60,"CUT",7994.805,"GRAND","Identical",51.7999999,19,2,NA,NA,NA,NA
"EC2",1,"2020-08-25_16h51.56.146","S2.3ConstantTotalFinal","2020.1.3",60,"CLIMB",4863.685,"CELL","Identical",50.56999996,20,2,20,"Studied","Identical",NA
"EC2",1,"2020-08-25_16h51.56.146","S2.3ConstantTotalFinal","2020.1.3",60,"CELL",6129,"BEACH","Unrelated",50.315,21,2,21,"Studied","Identical",NA
"EC2",1,"2020-08-25_16h51.56.146","S2.3ConstantTotalFinal","2020.1.3",60,"XXXXX",1432.395,"INFANT","Related",48.39999997,22,2,NA,NA,NA,"BABY"
"EC2",1,"2020-08-25_16h51.56.146","S2.3ConstantTotalFinal","2020.1.3",60,"XXXXX",298.41,"GROSS","Unrelated",50.47000002,23,2,NA,NA,NA,NA
"EC2",1,"2020-08-25_16h51.56.146","S2.3ConstantTotalFinal","2020.1.3",60,"XXXXX",748.535,"IMPLODE","Related",48.96000004,24,2,NA,NA,NA,"EXPLODE"
"EC2",1,"2020-08-25_16h51.56.146","S2.3ConstantTotalFinal","2020.1.3",60,"XXXXX",132.8500001,"SMOOTH","Unrelated",50.79500005,25,2,NA,NA,NA,NA
"EC2",1,"2020-08-25_16h51.56.146","S2.3ConstantTotalFinal","2020.1.3",60,"XXXXX",316.19,"LOAF","Related",50.06000004,26,2,NA,NA,NA,"BREAD"
"EC2",1,"2020-08-25_16h51.56.146","S2.3ConstantTotalFinal","2020.1.3",60,"XXXXX",322.12,"EGGS","Unrelated",49.84999995,27,2,NA,NA,NA,NA
"EC2",1,"2020-08-25_16h51.56.146","S2.3ConstantTotalFinal","2020.1.3",60,"XXXXX",515.505,"BRAIN","Identical",49.95999997,28,2,NA,NA,NA,NA
"EC2",1,"2020-08-25_16h51.56.146","S2.3ConstantTotalFinal","2020.1.3",60,"XXXXX",399.025,"CARESS","Related",49.98999997,29,2,NA,NA,NA,"TOUCH"
"EC2",1,"2020-08-25_16h51.56.146","S2.3ConstantTotalFinal","2020.1.3",60,"XXXXX",283.775,"PHONY","Related",38.07000001,30,2,NA,NA,NA,"FAKE"
"EC2",1,"2020-08-25_16h51.56.146","S2.3ConstantTotalFinal","2020.1.3",60,"XXXXX",233.2350001,"FISH","Unrelated",50.29500008,31,2,NA,NA,NA,NA
"EC2",1,"2020-08-25_16h51.56.146","S2.3ConstantTotalFinal","2020.1.3",60,"XXXXX",299.1650001,"SHEETS","Unrelated",49.81,32,2,NA,NA,NA,NA
"EC2",1,"2020-08-25_16h51.56.146","S2.3ConstantTotalFinal","2020.1.3",60,"XXXXX",315.9449999,"TOWN","Identical",38.72499999,33,2,NA,NA,NA,NA
"EC2",1,"2020-08-25_16h51.56.146","S2.3ConstantTotalFinal","2020.1.3",60,"XXXXX",331.225,"STEAL","Identical",49.95000002,34,2,NA,NA,NA,NA
"EC2",1,"2020-08-25_16h51.56.146","S2.3ConstantTotalFinal","2020.1.3",60,"XXXXX",233.775,"UNDER","Identical",49.84499991,35,2,NA,NA,NA,NA
"EC2",1,"2020-08-25_16h51.56.146","S2.3ConstantTotalFinal","2020.1.3",60,"XXXXX",365.815,"SKIN","Identical",38.71500003,36,2,NA,NA,NA,NA
"EC2",1,"2020-08-25_16h51.56.146","S2.3ConstantTotalFinal","2020.1.3",60,"XXXXX",331.58,"SKULL","Related",50.01500004,37,2,NA,NA,NA,"HEAD"
"EC2",1,"2020-08-25_16h51.56.146","S2.3ConstantTotalFinal","2020.1.3",60,"XXXXX",332.38,"CAVITY","Related",49.89499995,38,2,NA,NA,NA,"TOOTH"
"EC2",1,"2020-08-25_16h51.56.146","S2.3ConstantTotalFinal","2020.1.3",60,"XXXXX",715.815,"SHAME","Related",49.16499997,39,2,NA,NA,NA,"GUILT"
"EC2",1,"2020-08-25_16h51.56.146","S2.3ConstantTotalFinal","2020.1.3",60,"SILK",2114.085,"ESSAY","Related",50.40000007,40,2,NA,NA,NA,"WRITE"
"EC2",1,"2020-08-25_16h51.56.146","S2.3ConstantTotalFinal","2020.1.3",60,"XXXXX",199.185,"RIGHT","Unrelated",50.53000001,41,2,NA,NA,NA,NA
"EC2",1,"2020-08-25_16h51.56.146","S2.3ConstantTotalFinal","2020.1.3",60,"XXXXX",231.745,"SPOTS","Identical",49.95499994,42,2,NA,NA,NA,NA
"EC2",1,"2020-08-25_16h51.56.146","S2.3ConstantTotalFinal","2020.1.3",60,"UNCLEAR",2831.285,"firstword","firstword",NA,1,3,42,"Studied",NA,NA
"EC2",1,"2020-08-25_16h51.56.146","S2.3ConstantTotalFinal","2020.1.3",60,"MINIMUM",2448.63,"CERTAIN","Related",49.73500001,2,3,2,"Studied",NA,"SURE"
"EC2",1,"2020-08-25_16h51.56.146","S2.3ConstantTotalFinal","2020.1.3",60,"MAID",1615.375,"DEVIL","Unrelated",50.58000004,3,3,4,"Studied",NA,NA
"EC2",1,"2020-08-25_16h51.56.146","S2.3ConstantTotalFinal","2020.1.3",60,"NINE",1165.505,"TIGHT","Unrelated",48.33000002,4,3,1,"Studied",NA,NA
"EC2",1,"2020-08-25_16h51.56.146","S2.3ConstantTotalFinal","2020.1.3",60,"BOSS",1481.245,"GORILLA","Related",50.02000008,5,3,3,"Studied",NA,"MONKEY"
"EC2",1,"2020-08-25_16h51.56.146","S2.3ConstantTotalFinal","2020.1.3",60,"BANK",7996.425,"CARRY","Identical",50.52499997,6,3,9,"Studied",NA,NA
"EC2",1,"2020-08-25_16h51.56.146","S2.3ConstantTotalFinal","2020.1.3",60,"ALLOW",1780.865,"CAUSE","Related",50.91999995,7,3,14,"Studied",NA,"EFFECT"
"EC2",1,"2020-08-25_16h51.56.146","S2.3ConstantTotalFinal","2020.1.3",60,"SILK",2214.745,"SNEEZE","Identical",49.91499998,8,3,34,"Studied",NA,NA
"EC2",1,"2020-08-25_16h51.56.146","S2.3ConstantTotalFinal","2020.1.3",60,"PENCIL",5745.575,"BAKE","Related",49.47999993,9,3,5,"Studied",NA,"CAKE"
"EC2",1,"2020-08-25_16h51.56.146","S2.3ConstantTotalFinal","2020.1.3",60,"PAPER",2097.535,"MEDIUM","Related",49.87500003,10,3,6,"Studied",NA,"LARGE"
"EC2",1,"2020-08-25_16h51.56.146","S2.3ConstantTotalFinal","2020.1.3",60,"PLAN",1132.455,"SWEET","Unrelated",51.57000001,11,3,21,"Studied",NA,NA
"EC2",1,"2020-08-25_16h51.56.146","S2.3ConstantTotalFinal","2020.1.3",60,"EVEN",7995.23,"DIRT","Unrelated",49.17999997,12,3,NA,NA,NA,NA
"EC2",1,"2020-08-25_16h51.56.146","S2.3ConstantTotalFinal","2020.1.3",60,"FIRE",7995.75,"PRIDE","Identical",48.67000005,13,3,23,"Studied",NA,NA
"EC2",1,"2020-08-25_16h51.56.146","S2.3ConstantTotalFinal","2020.1.3",60,"XXXXX",7995.43,"FROG","Unrelated",47.00500006,14,3,NA,NA,NA,NA
"EC2",1,"2020-08-25_16h51.56.146","S2.3ConstantTotalFinal","2020.1.3",60,"XXXXX",7994.02,"TWICE","Related",48.68499993,15,3,NA,NA,NA,"ONCE"
"EC2",1,"2020-08-25_16h51.56.146","S2.3ConstantTotalFinal","2020.1.3",60,"ONCE",7996.685,"ROAD","Unrelated",50.36500003,16,3,8,"Studied",NA,NA
"EC2",1,"2020-08-25_16h51.56.146","S2.3ConstantTotalFinal","2020.1.3",60,"CAKE",5146.56,"HARD","Related",50.36500003,17,3,41,"Studied",NA,"SOFT"
"EC2",1,"2020-08-25_16h51.56.146","S2.3ConstantTotalFinal","2020.1.3",60,"CRADLE",1781.06,"COPY","Identical",50.67000003,18,3,NA,NA,NA,NA
"EC2",1,"2020-08-25_16h51.56.146","S2.3ConstantTotalFinal","2020.1.3",60,"CUDDLE",1515.335,"SMALL","Identical",50.36999995,19,3,NA,NA,NA,NA
"EC2",1,"2020-08-25_16h51.56.146","S2.3ConstantTotalFinal","2020.1.3",60,"CUBE",1415.835,"CASTLE","Identical",48.25499991,20,3,NA,NA,NA,NA
"EC2",1,"2020-08-25_16h51.56.146","S2.3ConstantTotalFinal","2020.1.3",60,"XXXXX",382.765,"BLACK","Unrelated",49.31499995,21,3,NA,NA,NA,NA
"EC2",1,"2020-08-25_16h51.56.146","S2.3ConstantTotalFinal","2020.1.3",60,"XXXXX",446.495,"JUMP","Unrelated",49.9150001,22,3,NA,NA,NA,NA
"EC2",1,"2020-08-25_16h51.56.146","S2.3ConstantTotalFinal","2020.1.3",60,"XXXXX",2281.495,"BOAT","Related",50.345,23,3,NA,NA,NA,"WATER"
"EC2",1,"2020-08-25_16h51.56.146","S2.3ConstantTotalFinal","2020.1.3",60,"XXXXX",448.6049999,"LENS","Related",49.275,24,3,NA,NA,NA,"GLASSES"
"EC2",1,"2020-08-25_16h51.56.146","S2.3ConstantTotalFinal","2020.1.3",60,"XXXXX",234.095,"HELLO","Identical",49.98499993,25,3,NA,NA,NA,NA
"EC2",1,"2020-08-25_16h51.56.146","S2.3ConstantTotalFinal","2020.1.3",60,"XXXXX",432.3100001,"KILL","Unrelated",49.34000003,26,3,NA,NA,NA,NA
"EC2",1,"2020-08-25_16h51.56.146","S2.3ConstantTotalFinal","2020.1.3",60,"XXXXX",148.7500001,"LAND","Unrelated",50.43499998,27,3,NA,NA,NA,NA
"EC2",1,"2020-08-25_16h51.56.146","S2.3ConstantTotalFinal","2020.1.3",60,"XXXXX",15.9,"BALL","Identical",50.40499999,28,3,NA,NA,NA,NA
"EC2",1,"2020-08-25_16h51.56.146","S2.3ConstantTotalFinal","2020.1.3",60,"XXXXX",282.0649999,"WANT","Identical",49.83000003,29,3,NA,NA,NA,NA
"EC2",1,"2020-08-25_16h51.56.146","S2.3ConstantTotalFinal","2020.1.3",60,"XXXXX",365.6949999,"DOZE","Related",51.07000005,30,3,NA,NA,NA,"SLEEP"
"EC2",1,"2020-08-25_16h51.56.146","S2.3ConstantTotalFinal","2020.1.3",60,"XXXXX",431.7950001,"SWAMP","Unrelated",49.90500002,31,3,NA,NA,NA,NA
"EC2",1,"2020-08-25_16h51.56.146","S2.3ConstantTotalFinal","2020.1.3",60,"XXXXX",299.22,"SPICE","Identical",51.00000009,32,3,NA,NA,NA,NA
"EC2",1,"2020-08-25_16h51.56.146","S2.3ConstantTotalFinal","2020.1.3",60,"XXXXX",348.595,"KISS","Unrelated",50.07999996,33,3,NA,NA,NA,NA
"EC2",1,"2020-08-25_16h51.56.146","S2.3ConstantTotalFinal","2020.1.3",60,"XXXXX",464.825,"BRIDE","Unrelated",50.07,34,3,NA,NA,NA,NA
"EC2",1,"2020-08-25_16h51.56.146","S2.3ConstantTotalFinal","2020.1.3",60,"XXXXX",365.715,"DENIM","Related",50.15500006,35,3,NA,NA,NA,"JEANS"
"EC2",1,"2020-08-25_16h51.56.146","S2.3ConstantTotalFinal","2020.1.3",60,"XXXXX",447.7850001,"ANGER","Related",49.245,36,3,NA,NA,NA,"MAD"
"EC2",1,"2020-08-25_16h51.56.146","S2.3ConstantTotalFinal","2020.1.3",60,"XXXXX",282.36,"ENGLISH","Identical",49.97500009,37,3,NA,NA,NA,NA
"EC2",1,"2020-08-25_16h51.56.146","S2.3ConstantTotalFinal","2020.1.3",60,"XXXXX",449.04,"BORED","Related",50.56500004,38,3,NA,NA,NA,"TIRED"
"EC2",1,"2020-08-25_16h51.56.146","S2.3ConstantTotalFinal","2020.1.3",60,"XXXXX",414.9849999,"FINISH","Identical",50.36500003,39,3,NA,NA,NA,NA
"EC2",1,"2020-08-25_16h51.56.146","S2.3ConstantTotalFinal","2020.1.3",60,"XXXXX",565.15,"SCRATCH","Related",50.52499997,40,3,NA,NA,NA,"ITCH"
"EC2",1,"2020-08-25_16h51.56.146","S2.3ConstantTotalFinal","2020.1.3",60,"XXXXX",265.34,"THIEF","Unrelated",50.10499991,41,3,NA,NA,NA,NA
"EC2",1,"2020-08-25_16h51.56.146","S2.3ConstantTotalFinal","2020.1.3",60,"XXXXX",316.075,"CAMP","Unrelated",51.52500002,42,3,NA,NA,NA,NA
"EC2",1,"2020-08-25_16h51.56.146","S2.3ConstantTotalFinal","2020.1.3",60,"GAME",1148.87,"firstword","firstword",NA,1,4,41,"Studied",NA,NA
"EC2",1,"2020-08-25_16h51.56.146","S2.3ConstantTotalFinal","2020.1.3",60,"HAIR",1748.755,"CLARIFY","Related",36.51499993,2,4,7,"Studied",NA,"CLEAR"
"EC2",1,"2020-08-25_16h51.56.146","S2.3ConstantTotalFinal","2020.1.3",60,"JACKET",7997.29,"LETTUCE","Identical",49.87499991,3,4,8,"Studied",NA,NA
"EC2",1,"2020-08-25_16h51.56.146","S2.3ConstantTotalFinal","2020.1.3",60,"NONE",2846.335,"MOST","Unrelated",48.01499995,4,4,5,"Studied",NA,NA
"EC2",1,"2020-08-25_16h51.56.146","S2.3ConstantTotalFinal","2020.1.3",60,"MAGICAL",1948.24,"ADORE","Related",49.99500001,5,4,NA,NA,NA,"LOVE"
"EC2",1,"2020-08-25_16h51.56.146","S2.3ConstantTotalFinal","2020.1.3",60,"LIGHT",1348.99,"MAIN","Related",51.24499998,6,4,NA,NA,NA,"STREET"
"EC2",1,"2020-08-25_16h51.56.146","S2.3ConstantTotalFinal","2020.1.3",60,"VOLCANO",1598.76,"TEST","Unrelated",50.86999992,7,4,22,"Studied",NA,NA
"EC2",1,"2020-08-25_16h51.56.146","S2.3ConstantTotalFinal","2020.1.3",60,"COLLECT",2963.835,"HAPPY","Identical",50.72499998,8,4,1,"Studied",NA,NA
"EC2",1,"2020-08-25_16h51.56.146","S2.3ConstantTotalFinal","2020.1.3",60,"STREET",1581.02,"SHIP","Identical",50.41000003,9,4,2,"Studied",NA,NA
"EC2",1,"2020-08-25_16h51.56.146","S2.3ConstantTotalFinal","2020.1.3",60,"SICK",1414.725,"CHURCH","Identical",50.99499994,10,4,3,"Studied",NA,NA
"EC2",1,"2020-08-25_16h51.56.146","S2.3ConstantTotalFinal","2020.1.3",60,"SOUR",881.355,"CHIME","Related",50.27500005,11,4,6,"Studied",NA,"BELL"
"EC2",1,"2020-08-25_16h51.56.146","S2.3ConstantTotalFinal","2020.1.3",60,"STRANGE",1448.75,"SEARCH","Related",50.52000005,12,4,10,"Studied",NA,"FIND"
"EC2",1,"2020-08-25_16h51.56.146","S2.3ConstantTotalFinal","2020.1.3",60,"SOUR",4512.58,"ACORN","Related",49.23,13,4,6,"Studied",NA,"TREE"
"EC2",1,"2020-08-25_16h51.56.146","S2.3ConstantTotalFinal","2020.1.3",60,"SMELL",1182.245,"NOSE","Unrelated",50.43499998,14,4,26,"Studied",NA,NA
"EC2",1,"2020-08-25_16h51.56.146","S2.3ConstantTotalFinal","2020.1.3",60,"STORE",1003.7,"DESERT","Identical",49.75499993,15,4,23,"Studied",NA,NA
"EC2",1,"2020-08-25_16h51.56.146","S2.3ConstantTotalFinal","2020.1.3",60,"STICKY",2002.59,"LAUGH","Identical",37.58999996,16,4,33,"Studied",NA,NA
"EC2",1,"2020-08-25_16h51.56.146","S2.3ConstantTotalFinal","2020.1.3",60,"SHIP",1097.8,"MIDDLE","Unrelated",36.97500005,17,4,27,"Studied","Identical",NA
"EC2",1,"2020-08-25_16h51.56.146","S2.3ConstantTotalFinal","2020.1.3",60,"SWORD",1416.21,"SEEK","Unrelated",49.96000009,18,4,39,"Studied",NA,NA
"EC2",1,"2020-08-25_16h51.56.146","S2.3ConstantTotalFinal","2020.1.3",60,"CHURCH",7997.595,"TALK","Identical",50.33999996,19,4,24,"Studied","Identical",NA
"EC2",1,"2020-08-25_16h51.56.146","S2.3ConstantTotalFinal","2020.1.3",60,"MAYBE",7996.39,"WAND","Related",49.31000003,20,4,16,"Studied",NA,"MAGIC"
"EC2",1,"2020-08-25_16h51.56.146","S2.3ConstantTotalFinal","2020.1.3",60,"XXXXX",7995.605,"CHOOSE","Identical",49.51000004,21,4,NA,NA,NA,NA
"EC2",1,"2020-08-25_16h51.56.146","S2.3ConstantTotalFinal","2020.1.3",60,"DOOR",7996.82,"SOAP","Unrelated",49.51499996,22,4,NA,NA,NA,NA
"EC2",1,"2020-08-25_16h51.56.146","S2.3ConstantTotalFinal","2020.1.3",60,"LOVE",4528.705,"DECADE","Related",49.23499993,23,4,38,"Studied",NA,"YEAR"
"EC2",1,"2020-08-25_16h51.56.146","S2.3ConstantTotalFinal","2020.1.3",60,"GAME",7177.945,"CHALK","Related",49.84500003,24,4,41,"Studied",NA,"BOARD"
"EC2",1,"2020-08-25_16h51.56.146","S2.3ConstantTotalFinal","2020.1.3",60,"HOUR",983.02,"READ","Unrelated",48.79000003,25,4,NA,NA,NA,NA
"EC2",1,"2020-08-25_16h51.56.146","S2.3ConstantTotalFinal","2020.1.3",60,"XXXXX",32.94499998,"FOOD","Identical",50.64500007,26,4,NA,NA,NA,NA
"EC2",1,"2020-08-25_16h51.56.146","S2.3ConstantTotalFinal","2020.1.3",60,"XXXXX",31.93000006,"GAIN","Related",49.29,27,4,NA,NA,NA,"LOSE"
"EC2",1,"2020-08-25_16h51.56.146","S2.3ConstantTotalFinal","2020.1.3",60,"XXXXX",48.92500001,"TAKE","Identical",49.91499998,28,4,NA,NA,NA,NA
"EC2",1,"2020-08-25_16h51.56.146","S2.3ConstantTotalFinal","2020.1.3",60,"XXXXX",548.73,"BRANCH","Unrelated",37.60499996,29,4,NA,NA,NA,NA
"EC2",1,"2020-08-25_16h51.56.146","S2.3ConstantTotalFinal","2020.1.3",60,"XXXXX",483.305,"LISTEN","Related",49.78999996,30,4,NA,NA,NA,"HEAR"
"EC2",1,"2020-08-25_16h51.56.146","S2.3ConstantTotalFinal","2020.1.3",60,"XXXXX",381.9500001,"GOWN","Related",50.00000005,31,4,NA,NA,NA,"DRESS"
"EC2",1,"2020-08-25_16h51.56.146","S2.3ConstantTotalFinal","2020.1.3",60,"XXXXX",332.0099999,"ROOF","Identical",50.33,32,4,NA,NA,NA,NA
"EC2",1,"2020-08-25_16h51.56.146","S2.3ConstantTotalFinal","2020.1.3",60,"XXXXX",349.585,"SING","Identical",49.81500003,33,4,NA,NA,NA,NA
"EC2",1,"2020-08-25_16h51.56.146","S2.3ConstantTotalFinal","2020.1.3",60,"XXXXX",99.71500002,"WARM","Identical",50.025,34,4,NA,NA,NA,NA
"EC2",1,"2020-08-25_16h51.56.146","S2.3ConstantTotalFinal","2020.1.3",60,"XXXXX",81.55500004,"MUSIC","Identical",51.14999996,35,4,NA,NA,NA,NA
"EC2",1,"2020-08-25_16h51.56.146","S2.3ConstantTotalFinal","2020.1.3",60,"XXXXX",298.51,"PROBLEM","Identical",49.89000002,36,4,NA,NA,NA,NA
"EC2",1,"2020-08-25_16h51.56.146","S2.3ConstantTotalFinal","2020.1.3",60,"XXXXX",281.345,"WILD","Unrelated",50.28000008,37,4,NA,NA,NA,NA
"EC2",1,"2020-08-25_16h51.56.146","S2.3ConstantTotalFinal","2020.1.3",60,"XXXXX",631.32,"SHATTER","Related",39.84999994,38,4,NA,NA,NA,"BREAK"
"EC2",1,"2020-08-25_16h51.56.146","S2.3ConstantTotalFinal","2020.1.3",60,"XXXXX",132.8350001,"TOES","Unrelated",50.20500009,39,4,NA,NA,NA,NA
"EC2",1,"2020-08-25_16h51.56.146","S2.3ConstantTotalFinal","2020.1.3",60,"XXXXX",498.305,"FIRST","Unrelated",50.00500008,40,4,NA,NA,NA,NA
"EC2",1,"2020-08-25_16h51.56.146","S2.3ConstantTotalFinal","2020.1.3",60,"XXXXX",349.4800001,"CLUE","Unrelated",50.12500007,41,4,NA,NA,NA,NA
"EC2",1,"2020-08-25_16h51.56.146","S2.3ConstantTotalFinal","2020.1.3",60,"XXXXX",466.745,"SLOW","Unrelated",50.06000004,42,4,NA,NA,NA,NA
