"DelayedWord","DelayedRT","Studied","StudyPosition","Block","ReportedPrimeFromDay1","Day1OutputPosition","Day1PrimeCondition","Day1Prime","Day1PrimeFor","RelatedPrimePresentedonDay1"
"SHERIFF",3683.75,"Studied",21,2,NA,"14","Unrelated","QUEEN",NA,NA
"BOARD",4055.235,"Studied",1,1,NA,"2","Unrelated","NAVY",NA,NA
"HAPPY",2500.985,"Studied",17,1,NA,"20","Identical","CHURCH",NA,NA
"DESERT",1563.555,"Studied",2,1,NA,"1","firstword","firstword",NA,NA
"WARM",1121.79,"Studied",10,1,NA,"3","Unrelated","BRANCH",NA,NA
"ROOF",2750.41,"Studied",15,1,"Identical",NA,NA,NA,NA,NA
"TREE",2708.57,"Studied",12,1,NA,"8","Identical","HAIR",NA,NA
"BREAK",1349.745,"Studied",11,1,NA,"7","Related","VIRUS","SICK",NA
"",8000.155,NA,NA,NA,NA,NA,NA,NA,NA,NA
"STREET",2219.06,"Studied",34,1,NA,"17","Identical","FIND",NA,"MAIN"
"SHIP",2801.235,"Studied",30,1,"Identical","16","Identical","VOLCANO",NA,NA
"SWORD",1684.1,"Studied",33,1,NA,"15","Identical","STRANGE",NA,NA
"ANGRY",2683.53,NA,NA,NA,NA,NA,NA,NA,NA,NA
"GUILT",1183.515,"Studied",24,3,NA,"14","Related","GRAFT","SKIN",NA
"ANNOY",1399.98,"Studied",15,2,NA,"13","Unrelated","HORSE",NA,NA
"CLOWN",5251.655,"Studied",19,2,NA,"9","Related","BIRTH","DEATH",NA
"PURPOE",2498.785,NA,NA,NA,NA,NA,NA,NA,NA,NA
"PURPOSE",1317.33,"Studied",2,2,NA,"5","Unrelated","PEPPER",NA,NA
"RAIN",1216.515,"Studied",1,2,NA,"4","Unrelated","MEAN",NA,NA
"SHALLOW",3753.04,"Studied",24,2,NA,"11","Related","BLADE","KNIFE",NA
"KNIFE",1882.96,"Studied",22,2,NA,"16","Related","PART","PIECE","BLADE"
"KIDS",5634.44,NA,NA,NA,NA,NA,NA,NA,NA,NA
"",7999.4,NA,NA,NA,NA,NA,NA,NA,NA,NA
"",8001.565,NA,NA,NA,NA,NA,NA,NA,NA,NA
"TOOTH",1316.565,"Studied",1,3,NA,"2","Unrelated","CLAM",NA,NA
"HEAD",1118.875,"Studied",4,3,NA,"4","Related","PEDAL","BIKE",NA
"BRAIN",1617.54,"Studied",16,3,NA,"9","Related","SHIFT","MOVE",NA
"ARMS",1717.58,"Studied",23,3,NA,"13","Related","POLICY","RULE",NA
"",8000.38,NA,NA,NA,NA,NA,NA,NA,NA,NA
"",8000.57,NA,NA,NA,NA,NA,NA,NA,NA,NA
"",8001.33,NA,NA,NA,NA,NA,NA,NA,NA,NA
"TOWN",2598.655,"Studied",13,3,NA,"8","Identical","SHEEP",NA,NA
"CLASS",2135.11,"Studied",10,3,NA,"5","Related","WASP","STING",NA
"CITY",1184.43,NA,NA,NA,NA,NA,NA,NA,NA,NA
"PENNY",5767.575,"Studied",2,3,NA,"3","Unrelated","LENGTH",NA,NA
"",7998.47,NA,NA,NA,NA,NA,NA,NA,NA,NA
"CELL",2733.84,"Studied",3,3,NA,"1","firstword","firstword",NA,NA
"",8000.51,NA,NA,NA,NA,NA,NA,NA,NA,NA
"",7999.32,NA,NA,NA,NA,NA,NA,NA,NA,NA
"GUN",1176.9,NA,NA,NA,NA,NA,NA,NA,NA,NA
"",8002.44,NA,NA,NA,NA,NA,NA,NA,NA,NA
"PANTS",4454.94,NA,NA,NA,NA,NA,NA,NA,NA,NA
"",7999.24,NA,NA,NA,NA,NA,NA,NA,NA,NA
"",8001.185,NA,NA,NA,NA,NA,NA,NA,NA,NA
"",8000.655,NA,NA,NA,NA,NA,NA,NA,NA,NA
"",8000.275,NA,NA,NA,NA,NA,NA,NA,NA,NA
"",8004.45,NA,NA,NA,NA,NA,NA,NA,NA,NA
"",8000.14,NA,NA,NA,NA,NA,NA,NA,NA,NA
"",8003.255,NA,NA,NA,NA,NA,NA,NA,NA,NA
"",7999.21,NA,NA,NA,NA,NA,NA,NA,NA,NA
"",8000.435,NA,NA,NA,NA,NA,NA,NA,NA,NA
"ROOF",2119.35,"Studied",15,1,"Identical",NA,NA,NA,NA,NA
"",8002.265,NA,NA,NA,NA,NA,NA,NA,NA,NA
"",8039.1,NA,NA,NA,NA,NA,NA,NA,NA,NA
"BILL",7683.585,NA,NA,NA,NA,NA,NA,NA,NA,NA
"",8000.715,NA,NA,NA,NA,NA,NA,NA,NA,NA
"",8638.67,NA,NA,NA,NA,NA,NA,NA,NA,NA
"",7993.435,NA,NA,NA,NA,NA,NA,NA,NA,NA
"",8017.345,NA,NA,NA,NA,NA,NA,NA,NA,NA
"",7999.775,NA,NA,NA,NA,NA,NA,NA,NA,NA
"",8001.25,NA,NA,NA,NA,NA,NA,NA,NA,NA
"",8005.46,NA,NA,NA,NA,NA,NA,NA,NA,NA
"",8000.585,NA,NA,NA,NA,NA,NA,NA,NA,NA
"",8000.975,NA,NA,NA,NA,NA,NA,NA,NA,NA
"",8001.045,NA,NA,NA,NA,NA,NA,NA,NA,NA
"",8000.03,NA,NA,NA,NA,NA,NA,NA,NA,NA
"",8002.08,NA,NA,NA,NA,NA,NA,NA,NA,NA
"",8001.19,NA,NA,NA,NA,NA,NA,NA,NA,NA
"",7999.91,NA,NA,NA,NA,NA,NA,NA,NA,NA
"",8000.42,NA,NA,NA,NA,NA,NA,NA,NA,NA
"",8001.575,NA,NA,NA,NA,NA,NA,NA,NA,NA
"",8008.36,NA,NA,NA,NA,NA,NA,NA,NA,NA
"",8001.455,NA,NA,NA,NA,NA,NA,NA,NA,NA
"",8002.02,NA,NA,NA,NA,NA,NA,NA,NA,NA
"",8005.32,NA,NA,NA,NA,NA,NA,NA,NA,NA
"WINDOW",3471.44,NA,NA,NA,NA,NA,NA,NA,NA,NA
"",8008.34,NA,NA,NA,NA,NA,NA,NA,NA,NA
"",8000.11,NA,NA,NA,NA,NA,NA,NA,NA,NA
"",7999.865,NA,NA,NA,NA,NA,NA,NA,NA,NA
"",7997.775,NA,NA,NA,NA,NA,NA,NA,NA,NA
"",8000.615,NA,NA,NA,NA,NA,NA,NA,NA,NA
"",8000.525,NA,NA,NA,NA,NA,NA,NA,NA,NA
"",8000.26,NA,NA,NA,NA,NA,NA,NA,NA,NA
"",8004.145,NA,NA,NA,NA,NA,NA,NA,NA,NA
"",8002.475,NA,NA,NA,NA,NA,NA,NA,NA,NA
"",8002.385,NA,NA,NA,NA,NA,NA,NA,NA,NA
"",8000.03,NA,NA,NA,NA,NA,NA,NA,NA,NA
"",8002.175,NA,NA,NA,NA,NA,NA,NA,NA,NA
"",8000.22,NA,NA,NA,NA,NA,NA,NA,NA,NA
"",8000.235,NA,NA,NA,NA,NA,NA,NA,NA,NA
"",7999.9,NA,NA,NA,NA,NA,NA,NA,NA,NA
"",4336.415,NA,NA,NA,NA,NA,NA,NA,NA,NA
