"participant","session","date","expName","psychopyVersion","frameRate","RecalledWord","RT","Prime","PrimeCon","PrimeDuration","OutputPosition","Block","StudyPosition","Studied","PrimeRecalledCondition","PrimeFor"
"EC",1,"2020-08-24_13h51.34.704","S2.2ConstantTotalFinal","2020.1.3",60,"DESERT",2781.945,"firstword","firstword",NA,1,1,2,"Studied",NA,NA
"EC",1,"2020-08-24_13h51.34.704","S2.2ConstantTotalFinal","2020.1.3",60,"BOARD",1432.705,"NAVY","Unrelated",49.47,2,1,1,"Studied",NA,NA
"EC",1,"2020-08-24_13h51.34.704","S2.2ConstantTotalFinal","2020.1.3",60,"WARM",1383.355,"BRANCH","Unrelated",47.935,3,1,10,"Studied",NA,NA
"EC",1,"2020-08-24_13h51.34.704","S2.2ConstantTotalFinal","2020.1.3",60,"JACKET",1419.19,"SING","Identical",49.415,4,1,5,"Studied",NA,NA
"EC",1,"2020-08-24_13h51.34.704","S2.2ConstantTotalFinal","2020.1.3",60,"BELL",1334.4,"GOURMET","Related",48.865,5,1,8,"Studied",NA,"FOOD"
"EC",1,"2020-08-24_13h51.34.704","S2.2ConstantTotalFinal","2020.1.3",60,"STICKY",1732.775,"LOSE","Identical",50.71,6,1,9,"Studied",NA,NA
"EC",1,"2020-08-24_13h51.34.704","S2.2ConstantTotalFinal","2020.1.3",60,"BREAK",1402.255,"VIRUS","Related",49.90999999,7,1,11,"Studied",NA,"SICK"
"EC",1,"2020-08-24_13h51.34.704","S2.2ConstantTotalFinal","2020.1.3",60,"TREE",1438.04,"HAIR","Identical",48.905,8,1,12,"Studied",NA,NA
"EC",1,"2020-08-24_13h51.34.704","S2.2ConstantTotalFinal","2020.1.3",60,"SING",7033.645,"SHIP","Identical",50.305,9,1,20,"Studied","Identical",NA
"EC",1,"2020-08-24_13h51.34.704","S2.2ConstantTotalFinal","2020.1.3",60,"DRESS",1599.445,"TOES","Unrelated",49.33,10,1,27,"Studied",NA,NA
"EC",1,"2020-08-24_13h51.34.704","S2.2ConstantTotalFinal","2020.1.3",60,"COLLECT",2451.405,"BORROW","Unrelated",50.31,11,1,38,"Studied",NA,NA
"EC",1,"2020-08-24_13h51.34.704","S2.2ConstantTotalFinal","2020.1.3",60,"LETTUCE",2067.19,"MAIN","Related",49.21,12,1,19,"Studied",NA,"STREET"
"EC",1,"2020-08-24_13h51.34.704","S2.2ConstantTotalFinal","2020.1.3",60,"FOOD",1384.03,"WINTER","Unrelated",49.325,13,1,28,"Studied",NA,NA
"EC",1,"2020-08-24_13h51.34.704","S2.2ConstantTotalFinal","2020.1.3",60,"MAYBE",1589.82,"CLUE","Unrelated",49.75999999,14,1,35,"Studied",NA,NA
"EC",1,"2020-08-24_13h51.34.704","S2.2ConstantTotalFinal","2020.1.3",60,"SWORD",1954.28,"STRANGE","Identical",49.61,15,1,33,"Studied",NA,NA
"EC",1,"2020-08-24_13h51.34.704","S2.2ConstantTotalFinal","2020.1.3",60,"SHIP",1666.865,"VOLCANO","Identical",49.775,16,1,30,"Studied","Identical",NA
"EC",1,"2020-08-24_13h51.34.704","S2.2ConstantTotalFinal","2020.1.3",60,"STREET",7999.92,"FIND","Identical",50.24500001,17,1,34,"Studied",NA,NA
"EC",1,"2020-08-24_13h51.34.704","S2.2ConstantTotalFinal","2020.1.3",60,"STORE",8000.26,"ZERO","Related",49.675,18,1,42,"Studied",NA,"NONE"
"EC",1,"2020-08-24_13h51.34.704","S2.2ConstantTotalFinal","2020.1.3",60,"FOOD",8001.055,"HEAR","Identical",49.815,19,1,28,"Studied",NA,NA
"EC",1,"2020-08-24_13h51.34.704","S2.2ConstantTotalFinal","2020.1.3",60,"HAPPY",8001.215,"CHURCH","Identical",48.335,20,1,17,"Studied",NA,NA
"EC",1,"2020-08-24_13h51.34.704","S2.2ConstantTotalFinal","2020.1.3",60,"PICK",8000.24,"NEWS","Unrelated",48.95500001,21,1,NA,NA,NA,NA
"EC",1,"2020-08-24_13h51.34.704","S2.2ConstantTotalFinal","2020.1.3",60,"XXXXX",8004.065,"WAND","Related",48.39,22,1,NA,NA,NA,"MAGIC"
"EC",1,"2020-08-24_13h51.34.704","S2.2ConstantTotalFinal","2020.1.3",60,"XXXXX",7999.94,"CLEAR","Identical",50.145,23,1,NA,NA,NA,NA
"EC",1,"2020-08-24_13h51.34.704","S2.2ConstantTotalFinal","2020.1.3",60,"XXXXX",8002.15,"MUSIC","Identical",50.075,24,1,NA,NA,NA,NA
"EC",1,"2020-08-24_13h51.34.704","S2.2ConstantTotalFinal","2020.1.3",60,"XXXXX",8001.125,"ADORE","Related",49.535,25,1,NA,NA,NA,"LOVE"
"EC",1,"2020-08-24_13h51.34.704","S2.2ConstantTotalFinal","2020.1.3",60,"XXXXX",8001.495,"SOUR","Identical",51.54499999,26,1,NA,NA,NA,NA
"EC",1,"2020-08-24_13h51.34.704","S2.2ConstantTotalFinal","2020.1.3",60,"XXXXX",8000.245,"SQUARE","Unrelated",49.375,27,1,NA,NA,NA,NA
"EC",1,"2020-08-24_13h51.34.704","S2.2ConstantTotalFinal","2020.1.3",60,"XXXXX",8007.375,"YEAR","Identical",48.795,28,1,NA,NA,NA,NA
"EC",1,"2020-08-24_13h51.34.704","S2.2ConstantTotalFinal","2020.1.3",60,"XXXXX",7993.375,"PERFUME","Related",48.375,29,1,NA,NA,NA,"SMELL"
"EC",1,"2020-08-24_13h51.34.704","S2.2ConstantTotalFinal","2020.1.3",60,"XXXXX",8000.875,"LAUGH","Identical",49.01,30,1,NA,NA,NA,NA
"EC",1,"2020-08-24_13h51.34.704","S2.2ConstantTotalFinal","2020.1.3",60,"XXXXX",8000.71,"DISCUSS","Related",49.475,31,1,NA,NA,NA,"TALK"
"EC",1,"2020-08-24_13h51.34.704","S2.2ConstantTotalFinal","2020.1.3",60,"XXXXX",8000.615,"PROBLEM","Identical",52.915,32,1,NA,NA,NA,NA
"EC",1,"2020-08-24_13h51.34.704","S2.2ConstantTotalFinal","2020.1.3",60,"XXXXX",8001.16,"TAKE","Identical",50.305,33,1,NA,NA,NA,NA
"EC",1,"2020-08-24_13h51.34.704","S2.2ConstantTotalFinal","2020.1.3",60,"XXXXX",8001,"CHESS","Related",50.44,34,1,NA,NA,NA,"GAME"
"EC",1,"2020-08-24_13h51.34.704","S2.2ConstantTotalFinal","2020.1.3",60,"XXXXX",8000.775,"VERB","Unrelated",49.395,35,1,NA,NA,NA,NA
"EC",1,"2020-08-24_13h51.34.704","S2.2ConstantTotalFinal","2020.1.3",60,"XXXXX",8000.125,"MIDDLE","Unrelated",49.545,36,1,NA,NA,NA,NA
"EC",1,"2020-08-24_13h51.34.704","S2.2ConstantTotalFinal","2020.1.3",60,"XXXXX",7999.265,"CHOOSE","Identical",49.68,37,1,NA,NA,NA,NA
"EC",1,"2020-08-24_13h51.34.704","S2.2ConstantTotalFinal","2020.1.3",60,"XXXXX",8000.445,"LESS","Unrelated",49.66999999,38,1,NA,NA,NA,NA
"EC",1,"2020-08-24_13h51.34.704","S2.2ConstantTotalFinal","2020.1.3",60,"XXXXX",8000.57,"BALLET","Unrelated",38.44,39,1,NA,NA,NA,NA
"EC",1,"2020-08-24_13h51.34.704","S2.2ConstantTotalFinal","2020.1.3",60,"XXXXX",8000.57,"PURPLE","Unrelated",50.205,40,1,NA,NA,NA,NA
"EC",1,"2020-08-24_13h51.34.704","S2.2ConstantTotalFinal","2020.1.3",60,"XXXXX",9207.07,"ROOF","Identical",48.22,41,1,NA,NA,NA,NA
"EC",1,"2020-08-24_13h51.34.704","S2.2ConstantTotalFinal","2020.1.3",60,"XXXXX",7989.63,"TEST","Unrelated",43.11999999,42,1,NA,NA,NA,NA
"EC",1,"2020-08-24_13h51.34.704","S2.2ConstantTotalFinal","2020.1.3",60,"TRAILER",3150.675,"firstword","firstword",NA,1,2,42,"Studied",NA,NA
"EC",1,"2020-08-24_13h51.34.704","S2.2ConstantTotalFinal","2020.1.3",60,"EXACT",1450.74,"PLANE","Identical",48.61999999,2,2,40,"Studied",NA,NA
"EC",1,"2020-08-24_13h51.34.704","S2.2ConstantTotalFinal","2020.1.3",60,"PACKAGE",1624.495,"FOUND","Unrelated",50.58,3,2,41,"Studied",NA,NA
"EC",1,"2020-08-24_13h51.34.704","S2.2ConstantTotalFinal","2020.1.3",60,"RAIN",2951.18,"MEAN","Unrelated",50.565,4,2,1,"Studied",NA,NA
"EC",1,"2020-08-24_13h51.34.704","S2.2ConstantTotalFinal","2020.1.3",60,"PURPOSE",2339,"PEPPER","Unrelated",49.615,5,2,2,"Studied",NA,NA
"EC",1,"2020-08-24_13h51.34.704","S2.2ConstantTotalFinal","2020.1.3",60,"SCISSORS",3136.31,"CHILD","Identical",51.025,6,2,4,"Studied",NA,NA
"EC",1,"2020-08-24_13h51.34.704","S2.2ConstantTotalFinal","2020.1.3",60,"HATE",1449.375,"SALIVA","Related",49.165,7,2,5,"Studied",NA,"SPIT"
"EC",1,"2020-08-24_13h51.34.704","S2.2ConstantTotalFinal","2020.1.3",60,"PLANE",2284.525,"DISAGREE","Identical",49.00000001,8,2,NA,NA,"Identical",NA
"EC",1,"2020-08-24_13h51.34.704","S2.2ConstantTotalFinal","2020.1.3",60,"CLOWN",1401.005,"BIRTH","Related",49.755,9,2,19,"Studied",NA,"DEATH"
"EC",1,"2020-08-24_13h51.34.704","S2.2ConstantTotalFinal","2020.1.3",60,"POTATO",2299.35,"SILVER","Identical",51.255,10,2,17,"Studied",NA,NA
"EC",1,"2020-08-24_13h51.34.704","S2.2ConstantTotalFinal","2020.1.3",60,"SHALLOW",1599.755,"BLADE","Related",49.1,11,2,24,"Studied",NA,"KNIFE"
"EC",1,"2020-08-24_13h51.34.704","S2.2ConstantTotalFinal","2020.1.3",60,"CARD",2571.9,"ENGAGE","Related",50.59000001,12,2,20,"Studied",NA,"MARRY"
"EC",1,"2020-08-24_13h51.34.704","S2.2ConstantTotalFinal","2020.1.3",60,"ANNOY",1886.02,"HORSE","Unrelated",49.39,13,2,15,"Studied",NA,NA
"EC",1,"2020-08-24_13h51.34.704","S2.2ConstantTotalFinal","2020.1.3",60,"SHERIFF",3901.62,"QUEEN","Unrelated",49.275,14,2,21,"Studied",NA,NA
"EC",1,"2020-08-24_13h51.34.704","S2.2ConstantTotalFinal","2020.1.3",60,"TOOL",4866.67,"PLANT","Unrelated",48.985,15,2,23,"Studied",NA,NA
"EC",1,"2020-08-24_13h51.34.704","S2.2ConstantTotalFinal","2020.1.3",60,"KNIFE",1317.145,"PART","Related",50.21,16,2,22,"Studied",NA,"PIECE"
"EC",1,"2020-08-24_13h51.34.704","S2.2ConstantTotalFinal","2020.1.3",60,"CHILD",2168.965,"STAMP","Identical",50.615,17,2,29,"Studied","Identical",NA
"EC",1,"2020-08-24_13h51.34.704","S2.2ConstantTotalFinal","2020.1.3",60,"TROUBLE",4601.925,"RENT","Identical",50.065,18,2,NA,NA,NA,NA
"EC",1,"2020-08-24_13h51.34.704","S2.2ConstantTotalFinal","2020.1.3",60,"SILVER",2186.87,"CLOSE","Unrelated",49.34000001,19,2,35,"Studied","Identical",NA
"EC",1,"2020-08-24_13h51.34.704","S2.2ConstantTotalFinal","2020.1.3",60,"THIN",1384.62,"UNCLE","Unrelated",49.96500001,20,2,36,"Studied",NA,NA
"EC",1,"2020-08-24_13h51.34.704","S2.2ConstantTotalFinal","2020.1.3",60,"BUSH",1434.825,"PLEASE","Related",49.865,21,2,37,"Studied",NA,"THANKS"
"EC",1,"2020-08-24_13h51.34.704","S2.2ConstantTotalFinal","2020.1.3",60,"DRUGS",2441.15,"QUART","Unrelated",50.605,22,2,33,"Studied",NA,NA
"EC",1,"2020-08-24_13h51.34.704","S2.2ConstantTotalFinal","2020.1.3",60,"XXXXX",8001.77,"WRONG","Identical",48.57,23,2,NA,NA,NA,NA
"EC",1,"2020-08-24_13h51.34.704","S2.2ConstantTotalFinal","2020.1.3",60,"TOCK",5566.655,"WHERE","Unrelated",49.125,24,2,27,"Studied",NA,NA
"EC",1,"2020-08-24_13h51.34.704","S2.2ConstantTotalFinal","2020.1.3",60,"XXXXX",8002.375,"VOTE","Identical",49.355,25,2,NA,NA,NA,NA
"EC",1,"2020-08-24_13h51.34.704","S2.2ConstantTotalFinal","2020.1.3",60,"XXXXX",7994.815,"STRIPE","Identical",49.825,26,2,NA,NA,NA,NA
"EC",1,"2020-08-24_13h51.34.704","S2.2ConstantTotalFinal","2020.1.3",60,"XXXXX",8001.91,"THROAT","Related",49.91,27,2,NA,NA,NA,"NECK"
"EC",1,"2020-08-24_13h51.34.704","S2.2ConstantTotalFinal","2020.1.3",60,"XXXXX",8001.325,"SAME","Identical",50.1,28,2,NA,NA,NA,NA
"EC",1,"2020-08-24_13h51.34.704","S2.2ConstantTotalFinal","2020.1.3",60,"XXXXX",8001.85,"PARDON","Related",48.84,29,2,NA,NA,NA,"EXCUSE"
"EC",1,"2020-08-24_13h51.34.704","S2.2ConstantTotalFinal","2020.1.3",60,"XXXXX",8000.51,"ROCK","Unrelated",50.2,30,2,NA,NA,NA,NA
"EC",1,"2020-08-24_13h51.34.704","S2.2ConstantTotalFinal","2020.1.3",60,"XXXXX",7999.485,"REAL","Identical",59.815,31,2,NA,NA,NA,NA
"EC",1,"2020-08-24_13h51.34.704","S2.2ConstantTotalFinal","2020.1.3",60,"XXXXX",7999.27,"MINUTE","Unrelated",49.6,32,2,NA,NA,NA,NA
"EC",1,"2020-08-24_13h51.34.704","S2.2ConstantTotalFinal","2020.1.3",60,"XXXXX",8003.245,"BEFORE","Unrelated",49.505,33,2,NA,NA,NA,NA
"EC",1,"2020-08-24_13h51.34.704","S2.2ConstantTotalFinal","2020.1.3",60,"XXXXX",8002.66,"SILENCE","Related",49.44,34,2,NA,NA,NA,"QUIET"
"EC",1,"2020-08-24_13h51.34.704","S2.2ConstantTotalFinal","2020.1.3",60,"XXXXX",8006.585,"SLIDE","Identical",50.465,35,2,NA,NA,NA,NA
"EC",1,"2020-08-24_13h51.34.704","S2.2ConstantTotalFinal","2020.1.3",60,"XXXXX",7995.67,"CORAL","Unrelated",49.91,36,2,NA,NA,NA,NA
"EC",1,"2020-08-24_13h51.34.704","S2.2ConstantTotalFinal","2020.1.3",60,"XXXXX",8001.36,"DRAW","Identical",50.145,37,2,NA,NA,NA,NA
"EC",1,"2020-08-24_13h51.34.704","S2.2ConstantTotalFinal","2020.1.3",60,"XXXXX",8002.465,"YOUNG","Identical",48.665,38,2,NA,NA,NA,NA
"EC",1,"2020-08-24_13h51.34.704","S2.2ConstantTotalFinal","2020.1.3",60,"XXXXX",8002.665,"WORST","Unrelated",49.71,39,2,NA,NA,NA,NA
"EC",1,"2020-08-24_13h51.34.704","S2.2ConstantTotalFinal","2020.1.3",60,"XXXXX",8001.19,"SEVERAL","Related",47.22499999,40,2,NA,NA,NA,"MANY"
"EC",1,"2020-08-24_13h51.34.704","S2.2ConstantTotalFinal","2020.1.3",60,"XXXXX",7999.345,"SHORT","Unrelated",49.325,41,2,NA,NA,NA,NA
"EC",1,"2020-08-24_13h51.34.704","S2.2ConstantTotalFinal","2020.1.3",60,"XXXXX",7996.57,"FENCE","Unrelated",48.255,42,2,NA,NA,NA,NA
"EC",1,"2020-08-24_13h51.34.704","S2.2ConstantTotalFinal","2020.1.3",60,"CELL",2238.5,"firstword","firstword",NA,1,3,3,"Studied",NA,NA
"EC",1,"2020-08-24_13h51.34.704","S2.2ConstantTotalFinal","2020.1.3",60,"TOOTH",1801.225,"CLAM","Unrelated",49.84499999,2,3,1,"Studied",NA,NA
"EC",1,"2020-08-24_13h51.34.704","S2.2ConstantTotalFinal","2020.1.3",60,"PENNY",1683.53,"LENGTH","Unrelated",51.37,3,3,2,"Studied",NA,NA
"EC",1,"2020-08-24_13h51.34.704","S2.2ConstantTotalFinal","2020.1.3",60,"HEAD",1549.735,"PEDAL","Related",50.95,4,3,4,"Studied",NA,"BIKE"
"EC",1,"2020-08-24_13h51.34.704","S2.2ConstantTotalFinal","2020.1.3",60,"CLASS",1319.905,"WASP","Related",51.72,5,3,10,"Studied",NA,"STING"
"EC",1,"2020-08-24_13h51.34.704","S2.2ConstantTotalFinal","2020.1.3",60,"LIGHT",1292.835,"FISH","Unrelated",50.33,6,3,9,"Studied",NA,NA
"EC",1,"2020-08-24_13h51.34.704","S2.2ConstantTotalFinal","2020.1.3",60,"STING",1551.31,"IMPLODE","Related",49.745,7,3,11,"Studied",NA,"EXPLODE"
"EC",1,"2020-08-24_13h51.34.704","S2.2ConstantTotalFinal","2020.1.3",60,"TOWN",1202.32,"SHEEP","Identical",49.89,8,3,13,"Studied",NA,NA
"EC",1,"2020-08-24_13h51.34.704","S2.2ConstantTotalFinal","2020.1.3",60,"BRAIN",1549.61,"SHIFT","Related",49.455,9,3,16,"Studied",NA,"MOVE"
"EC",1,"2020-08-24_13h51.34.704","S2.2ConstantTotalFinal","2020.1.3",60,"SHEEP",1517.575,"TWELVE","Unrelated",50.03,10,3,19,"Studied","Identical",NA
"EC",1,"2020-08-24_13h51.34.704","S2.2ConstantTotalFinal","2020.1.3",60,"SHIRT",1065.005,"NICKEL","Unrelated",49.38500001,11,3,25,"Studied",NA,NA
"EC",1,"2020-08-24_13h51.34.704","S2.2ConstantTotalFinal","2020.1.3",60,"KNIT",2852.55,"PRIM","Related",51.585,12,3,21,"Studied",NA,"PROPER"
"EC",1,"2020-08-24_13h51.34.704","S2.2ConstantTotalFinal","2020.1.3",60,"ARMS",1684.41,"POLICY","Related",50.57,13,3,23,"Studied",NA,"RULE"
"EC",1,"2020-08-24_13h51.34.704","S2.2ConstantTotalFinal","2020.1.3",60,"GUILT",1457.495,"GRAFT","Related",50.725,14,3,24,"Studied",NA,"SKIN"
"EC",1,"2020-08-24_13h51.34.704","S2.2ConstantTotalFinal","2020.1.3",60,"WRITE",1305.815,"SELF","Identical",49.795,15,3,26,"Studied",NA,NA
"EC",1,"2020-08-24_13h51.34.704","S2.2ConstantTotalFinal","2020.1.3",60,"WOOD",1567.655,"SHEETS","Unrelated",49.615,16,3,27,"Studied",NA,NA
"EC",1,"2020-08-24_13h51.34.704","S2.2ConstantTotalFinal","2020.1.3",60,"STEAL",1849.005,"GLORY","Unrelated",50.24,17,3,30,"Studied",NA,NA
"EC",1,"2020-08-24_13h51.34.704","S2.2ConstantTotalFinal","2020.1.3",60,"GRAVE",1418.645,"LEOPARD","Related",35.46,18,3,29,"Studied",NA,"SPOTS"
"EC",1,"2020-08-24_13h51.34.704","S2.2ConstantTotalFinal","2020.1.3",60,"XXXXX",7993.66,"DOCTOR","Identical",49.22,19,3,NA,NA,NA,NA
"EC",1,"2020-08-24_13h51.34.704","S2.2ConstantTotalFinal","2020.1.3",60,"SPOTS",5334.955,"GRAND","Identical",49.23500001,20,3,34,"Studied",NA,NA
"EC",1,"2020-08-24_13h51.34.704","S2.2ConstantTotalFinal","2020.1.3",60,"XXXXX",7998.71,"PHONY","Related",49.11,21,3,NA,NA,NA,"FAKE"
"EC",1,"2020-08-24_13h51.34.704","S2.2ConstantTotalFinal","2020.1.3",60,"TOUCH",1849.54,"TOPIC","Related",48.995,22,3,36,"Studied",NA,"SUBJECT"
"EC",1,"2020-08-24_13h51.34.704","S2.2ConstantTotalFinal","2020.1.3",60,"XXXXX",7991.73,"TENSION","Related",48.39,23,3,NA,NA,NA,"STRESS"
"EC",1,"2020-08-24_13h51.34.704","S2.2ConstantTotalFinal","2020.1.3",60,"NIGHTS",7596.885,"MILK","Identical",49.09,24,3,40,"Studied",NA,NA
"EC",1,"2020-08-24_13h51.34.704","S2.2ConstantTotalFinal","2020.1.3",60,"ROSE",7188.205,"INFANT","Related",48.565,25,3,37,"Studied",NA,"BABY"
"EC",1,"2020-08-24_13h51.34.704","S2.2ConstantTotalFinal","2020.1.3",60,"DOCTOR",1732.38,"BENEATH","Related",49.25,26,3,35,"Studied","Identical","UNDER"
"EC",1,"2020-08-24_13h51.34.704","S2.2ConstantTotalFinal","2020.1.3",60,"FAKE",3520.82,"WEST","Unrelated",51.31,27,3,39,"Studied",NA,NA
"EC",1,"2020-08-24_13h51.34.704","S2.2ConstantTotalFinal","2020.1.3",60,"XXXXX",8000.395,"NUMBER","Unrelated",50.305,28,3,NA,NA,NA,NA
"EC",1,"2020-08-24_13h51.34.704","S2.2ConstantTotalFinal","2020.1.3",60,"XXXXX",8005.28,"AGAIN","Related",49.51,29,3,NA,NA,NA,"REPEAT"
"EC",1,"2020-08-24_13h51.34.704","S2.2ConstantTotalFinal","2020.1.3",60,"XXXXX",8000.725,"STUPID","Identical",49.29,30,3,NA,NA,NA,NA
"EC",1,"2020-08-24_13h51.34.704","S2.2ConstantTotalFinal","2020.1.3",60,"XXXXX",8000.115,"STORY","Unrelated",49.655,31,3,NA,NA,NA,NA
"EC",1,"2020-08-24_13h51.34.704","S2.2ConstantTotalFinal","2020.1.3",60,"XXXXX",8000.485,"LADDER","Related",50.12,32,3,NA,NA,NA,"CLIMB"
"EC",1,"2020-08-24_13h51.34.704","S2.2ConstantTotalFinal","2020.1.3",60,"XXXXX",8002.335,"ALGEBRA","Related",50.385,33,3,NA,NA,NA,"MATH"
"EC",1,"2020-08-24_13h51.34.704","S2.2ConstantTotalFinal","2020.1.3",60,"XXXXX",7999.73,"LOAF","Related",49.175,34,3,NA,NA,NA,"BREAD"
"EC",1,"2020-08-24_13h51.34.704","S2.2ConstantTotalFinal","2020.1.3",60,"XXXXX",8001.655,"EGGS","Unrelated",49.68,35,3,NA,NA,NA,NA
"EC",1,"2020-08-24_13h51.34.704","S2.2ConstantTotalFinal","2020.1.3",60,"XXXXX",7990.015,"LAWYER","Unrelated",49.385,36,3,NA,NA,NA,NA
"EC",1,"2020-08-24_13h51.34.704","S2.2ConstantTotalFinal","2020.1.3",60,"XXXXX",8016.22,"DREAM","Unrelated",49.05,37,3,NA,NA,NA,NA
"EC",1,"2020-08-24_13h51.34.704","S2.2ConstantTotalFinal","2020.1.3",60,"XXXXX",7990.66,"CHAIR","Unrelated",48.305,38,3,NA,NA,NA,NA
"EC",1,"2020-08-24_13h51.34.704","S2.2ConstantTotalFinal","2020.1.3",60,"XXXXX",7998.205,"BOMB","Unrelated",49.10500001,39,3,NA,NA,NA,NA
"EC",1,"2020-08-24_13h51.34.704","S2.2ConstantTotalFinal","2020.1.3",60,"XXXXX",8000.915,"NEPHEW","Unrelated",50.2,40,3,NA,NA,NA,NA
"EC",1,"2020-08-24_13h51.34.704","S2.2ConstantTotalFinal","2020.1.3",60,"XXXXX",8002.05,"FLOWER","Unrelated",50.38,41,3,NA,NA,NA,NA
"EC",1,"2020-08-24_13h51.34.704","S2.2ConstantTotalFinal","2020.1.3",60,"XXXXX",8001.555,"STREAM","Unrelated",49.45,42,3,NA,NA,NA,NA
"EC",1,"2020-08-24_13h51.34.704","S2.2ConstantTotalFinal","2020.1.3",60,"JEANS",2207.855,"firstword","firstword",NA,1,4,3,"Studied",NA,NA
"EC",1,"2020-08-24_13h51.34.704","S2.2ConstantTotalFinal","2020.1.3",60,"MAID",2321.46,"GREET","Related",48.465,2,4,19,"Studied",NA,"HELLO"
"EC",1,"2020-08-24_13h51.34.704","S2.2ConstantTotalFinal","2020.1.3",60,"MINIMUM",2624.725,"HAUL","Related",51.41,3,4,1,"Studied",NA,"CARRY"
"EC",1,"2020-08-24_13h51.34.704","S2.2ConstantTotalFinal","2020.1.3",60,"COPY",2193.715,"SPICE","Identical",48.845,4,4,2,"Studied",NA,NA
"EC",1,"2020-08-24_13h51.34.704","S2.2ConstantTotalFinal","2020.1.3",60,"LARGE",3449.13,"MAIL","Related",49.275,5,4,9,"Studied",NA,"LETTER"
"EC",1,"2020-08-24_13h51.34.704","S2.2ConstantTotalFinal","2020.1.3",60,"PENCIL",1668.575,"UNCLEAR","Identical",49.335,6,4,10,"Studied",NA,NA
"EC",1,"2020-08-24_13h51.34.704","S2.2ConstantTotalFinal","2020.1.3",60,"SMALL",1566.635,"TIRED","Identical",50.125,7,4,11,"Studied",NA,NA
"EC",1,"2020-08-24_13h51.34.704","S2.2ConstantTotalFinal","2020.1.3",60,"HELLO",2865.915,"PLAN","Identical",50.445,8,4,23,"Studied",NA,NA
"EC",1,"2020-08-24_13h51.34.704","S2.2ConstantTotalFinal","2020.1.3",60,"SPEAK",2947.735,"THIEF","Unrelated",49.69,9,4,NA,NA,NA,NA
"EC",1,"2020-08-24_13h51.34.704","S2.2ConstantTotalFinal","2020.1.3",60,"BOSS",1176.27,"ENGLISH","Identical",35.795,10,4,24,"Studied",NA,NA
"EC",1,"2020-08-24_13h51.34.704","S2.2ConstantTotalFinal","2020.1.3",60,"WRITE",1385.065,"TWICE","Related",49.135,11,4,NA,NA,NA,"ONCE"
"EC",1,"2020-08-24_13h51.34.704","S2.2ConstantTotalFinal","2020.1.3",60,"PAPER",1917.81,"PERMIT","Related",49.515,12,4,40,"Studied",NA,"ALLOW"
"EC",1,"2020-08-24_13h51.34.704","S2.2ConstantTotalFinal","2020.1.3",60,"ONCE",1381.07,"FRONT","Identical",51.42,13,4,41,"Studied",NA,NA
"EC",1,"2020-08-24_13h51.34.704","S2.2ConstantTotalFinal","2020.1.3",60,"CASTLE",1984.535,"MONKEY","Identical",50.03,14,4,36,"Studied",NA,NA
"EC",1,"2020-08-24_13h51.34.704","S2.2ConstantTotalFinal","2020.1.3",60,"MAD",1136.465,"TIGHT","Unrelated",50.74999999,15,4,37,"Studied",NA,NA
"EC",1,"2020-08-24_13h51.34.704","S2.2ConstantTotalFinal","2020.1.3",60,"NINE",1783.72,"PICTURE","Unrelated",49.615,16,4,26,"Studied",NA,NA
"EC",1,"2020-08-24_13h51.34.704","S2.2ConstantTotalFinal","2020.1.3",60,"GLASSES",2086.61,"SNEEZE","Identical",50.08,17,4,16,"Studied",NA,NA
"EC",1,"2020-08-24_13h51.34.704","S2.2ConstantTotalFinal","2020.1.3",60,"OVEN",1485.78,"DIGNITY","Related",50.17,18,4,15,"Studied",NA,"PRIDE"
"EC",1,"2020-08-24_13h51.34.704","S2.2ConstantTotalFinal","2020.1.3",60,"BANK",1568.09,"STOMACH","Unrelated",50.635,19,4,17,"Studied",NA,NA
"EC",1,"2020-08-24_13h51.34.704","S2.2ConstantTotalFinal","2020.1.3",60,"NINE",2872.28,"FINISH","Identical",50.31,20,4,26,"Studied",NA,NA
"EC",1,"2020-08-24_13h51.34.704","S2.2ConstantTotalFinal","2020.1.3",60,"PLA",1439.435,"SURE","Identical",49.755,21,4,NA,NA,NA,NA
"EC",1,"2020-08-24_13h51.34.704","S2.2ConstantTotalFinal","2020.1.3",60,"PLAN",2032.775,"PRESENT","Unrelated",49.24,22,4,39,"Studied","Identical",NA
"EC",1,"2020-08-24_13h51.34.704","S2.2ConstantTotalFinal","2020.1.3",60,"ENGLISH",6349.995,"DESIRE","Related",50.58,23,4,20,"Studied","Identical","WANT"
"EC",1,"2020-08-24_13h51.34.704","S2.2ConstantTotalFinal","2020.1.3",60,"XXXXX",8000.25,"BOUNCE","Related",48.315,24,4,NA,NA,NA,"BALL "
"EC",1,"2020-08-24_13h51.34.704","S2.2ConstantTotalFinal","2020.1.3",60,"SLEEP",2520.55,"SMART","Identical",50.81,25,4,27,"Studied",NA,NA
"EC",1,"2020-08-24_13h51.34.704","S2.2ConstantTotalFinal","2020.1.3",60,"FRONT",1489.22,"SCRATCH","Related",50.78500001,26,4,31,"Studied","Identical","ITCH"
"EC",1,"2020-08-24_13h51.34.704","S2.2ConstantTotalFinal","2020.1.3",60,"SNEEZE",1418.64,"ROAD","Unrelated",50.725,27,4,32,"Studied","Identical",NA
"EC",1,"2020-08-24_13h51.34.704","S2.2ConstantTotalFinal","2020.1.3",60,"ITCH",1867.52,"SILK","Identical",50.71,28,4,38,"Studied",NA,NA
"EC",1,"2020-08-24_13h51.34.704","S2.2ConstantTotalFinal","2020.1.3",60,"CASTLE",1837.595,"GEEK","Unrelated",50.59,29,4,36,"Studied",NA,NA
"EC",1,"2020-08-24_13h51.34.704","S2.2ConstantTotalFinal","2020.1.3",60,"XXXXX",7988.46,"TRAIN","Unrelated",50.305,30,4,NA,NA,NA,NA
"EC",1,"2020-08-24_13h51.34.704","S2.2ConstantTotalFinal","2020.1.3",60,"XXXXX",7998.37,"BAKE","Related",89.465,31,4,NA,NA,NA,"CAKE"
"EC",1,"2020-08-24_13h51.34.704","S2.2ConstantTotalFinal","2020.1.3",60,"XXXXX",8001.73,"BRIDE","Unrelated",51.76,32,4,NA,NA,NA,NA
"EC",1,"2020-08-24_13h51.34.704","S2.2ConstantTotalFinal","2020.1.3",60,"XXXXX",8004.735,"BLAZE","Related",49.1,33,4,NA,NA,NA,"FIRE"
"EC",1,"2020-08-24_13h51.34.704","S2.2ConstantTotalFinal","2020.1.3",60,"XXXXX",8001.165,"DUSK","Unrelated",50.055,34,4,NA,NA,NA,NA
"EC",1,"2020-08-24_13h51.34.704","S2.2ConstantTotalFinal","2020.1.3",60,"XXXXX",7996.095,"WATER","Identical",50.89,35,4,NA,NA,NA,NA
"EC",1,"2020-08-24_13h51.34.704","S2.2ConstantTotalFinal","2020.1.3",60,"XXXXX",8000.615,"CAMP","Unrelated",43.665,36,4,NA,NA,NA,NA
"EC",1,"2020-08-24_13h51.34.704","S2.2ConstantTotalFinal","2020.1.3",60,"XXXXX",7992.885,"EFFECT","Identical",49.67,37,4,NA,NA,NA,NA
"EC",1,"2020-08-24_13h51.34.704","S2.2ConstantTotalFinal","2020.1.3",60,"XXXXX",7990.845,"HARD","Related",48.86,38,4,NA,NA,NA,"SOFT"
"EC",1,"2020-08-24_13h51.34.704","S2.2ConstantTotalFinal","2020.1.3",60,"XXXXX",7997.695,"FROG","Unrelated",49.095,39,4,NA,NA,NA,NA
"EC",1,"2020-08-24_13h51.34.704","S2.2ConstantTotalFinal","2020.1.3",60,"XXXXX",8004.57,"DEAF","Unrelated",49.69499999,40,4,NA,NA,NA,NA
"EC",1,"2020-08-24_13h51.34.704","S2.2ConstantTotalFinal","2020.1.3",60,"XXXXX",8000.405,"SHOES","Unrelated",50.495,41,4,NA,NA,NA,NA
"EC",1,"2020-08-24_13h51.34.704","S2.2ConstantTotalFinal","2020.1.3",60,"XXXXX",7993.385,"GHOST","Unrelated",49.295,42,4,NA,NA,NA,NA
