"participant","session","date","expName","psychopyVersion","frameRate","RecalledWord","RT","Prime","PrimeCon","PrimeDuration","OutputPosition","Block","StudyPosition","Studied","PrimeRecalledCondition","PrimeFor"
"EF",1,"2020-09-21_13h59.59.005","S2.4ConstantTotalFinal","2020.1.3",60,"WOOD",2446.72,"firstword","firstword",NA,1,1,1,"Studied",NA,NA
"EF",1,"2020-09-21_13h59.59.005","S2.4ConstantTotalFinal","2020.1.3",60,"GRAVE",4016.24,"ORANGE","Unrelated",49.68,2,1,2,"Studied",NA,NA
"EF",1,"2020-09-21_13h59.59.005","S2.4ConstantTotalFinal","2020.1.3",60,"STEAL",2380.485,"STAIRS","Unrelated",50.00499997,3,1,3,"Studied",NA,NA
"EF",1,"2020-09-21_13h59.59.005","S2.4ConstantTotalFinal","2020.1.3",60,"SHIRT",1901.56,"KNIT","Identical",49.95999997,4,1,5,"Studied",NA,NA
"EF",1,"2020-09-21_13h59.59.005","S2.4ConstantTotalFinal","2020.1.3",60,"PENNY",1431.405,"SELF","Identical",49.75999997,5,1,12,"Studied",NA,NA
"EF",1,"2020-09-21_13h59.59.005","S2.4ConstantTotalFinal","2020.1.3",60,"EXPLODE",1597.925,"TWELVE","Unrelated",49.795,6,1,17,"Studied",NA,NA
"EF",1,"2020-09-21_13h59.59.005","S2.4ConstantTotalFinal","2020.1.3",60,"DOCTOR",4181.785,"GLORY","Unrelated",49.81500003,7,1,7,"Studied",NA,NA
"EF",1,"2020-09-21_13h59.59.005","S2.4ConstantTotalFinal","2020.1.3",60,"MATH",1467.75,"SKIN","Identical",49.65500004,8,1,42,"Studied",NA,NA
"EF",1,"2020-09-21_13h59.59.005","S2.4ConstantTotalFinal","2020.1.3",60,"XXXXX",7992.505,"CARESS","Related",49.26,9,1,NA,NA,NA,"TOUCH"
"EF",1,"2020-09-21_13h59.59.005","S2.4ConstantTotalFinal","2020.1.3",60,"PENNY",5097.605,"PICKLE","Unrelated",49.83999999,10,1,12,"Studied",NA,NA
"EF",1,"2020-09-21_13h59.59.005","S2.4ConstantTotalFinal","2020.1.3",60,"RULER",4211.805,"POLICY","Related",49.89000002,11,1,NA,NA,NA,"RULE"
"EF",1,"2020-09-21_13h59.59.005","S2.4ConstantTotalFinal","2020.1.3",60,"XXXXX",7992.03,"ROSE","Identical",50.01499999,12,1,NA,NA,NA,NA
"EF",1,"2020-09-21_13h59.59.005","S2.4ConstantTotalFinal","2020.1.3",60,"CHECK",3129.665,"MIND","Related",49.99499995,13,1,NA,NA,NA,"BRAIN"
"EF",1,"2020-09-21_13h59.59.005","S2.4ConstantTotalFinal","2020.1.3",60,"XXXXX",7992.32,"BABY","Identical",49.84499997,14,1,NA,NA,NA,NA
"EF",1,"2020-09-21_13h59.59.005","S2.4ConstantTotalFinal","2020.1.3",60,"XXXXX",7992.075,"NEPHEW","Unrelated",49.87499997,15,1,NA,NA,NA,NA
"EF",1,"2020-09-21_13h59.59.005","S2.4ConstantTotalFinal","2020.1.3",60,"XXXXX",7992.21,"CELL","Identical",49.90000004,16,1,NA,NA,NA,NA
"EF",1,"2020-09-21_13h59.59.005","S2.4ConstantTotalFinal","2020.1.3",60,"XXXXX",7991.465,"LEGS","Related",49.91500004,17,1,NA,NA,NA,"ARMS"
"EF",1,"2020-09-21_13h59.59.005","S2.4ConstantTotalFinal","2020.1.3",60,"XXXXX",7991.945,"WASP","Related",49.95499999,18,1,NA,NA,NA,"STING"
"EF",1,"2020-09-21_13h59.59.005","S2.4ConstantTotalFinal","2020.1.3",60,"XXXXX",7992.21,"WORK","Unrelated",49.82499999,19,1,NA,NA,NA,NA
"EF",1,"2020-09-21_13h59.59.005","S2.4ConstantTotalFinal","2020.1.3",60,"XXXXX",7991.86,"DUMB","Related",49.98000001,20,1,NA,NA,NA,"STUPID"
"EF",1,"2020-09-21_13h59.59.005","S2.4ConstantTotalFinal","2020.1.3",60,"XXXXX",7991.995,"CLIMB","Identical",49.73000003,21,1,NA,NA,NA,NA
"EF",1,"2020-09-21_13h59.59.005","S2.4ConstantTotalFinal","2020.1.3",60,"XXXXX",7992.215,"SPOTS","Identical",49.87999995,22,1,NA,NA,NA,NA
"EF",1,"2020-09-21_13h59.59.005","S2.4ConstantTotalFinal","2020.1.3",60,"XXXXX",7992.095,"LAWYER","Unrelated",49.925,23,1,NA,NA,NA,NA
"EF",1,"2020-09-21_13h59.59.005","S2.4ConstantTotalFinal","2020.1.3",60,"XXXXX",7996.775,"MILK","Identical",38.18500001,24,1,NA,NA,NA,NA
"EF",1,"2020-09-21_13h59.59.005","S2.4ConstantTotalFinal","2020.1.3",60,"BROOK",1698.31,"FISH","Unrelated",49.78,25,1,NA,NA,NA,NA
"EF",1,"2020-09-21_13h59.59.005","S2.4ConstantTotalFinal","2020.1.3",60,"XXXXX",7996.275,"YELLOW","Unrelated",49.78,26,1,NA,NA,NA,NA
"EF",1,"2020-09-21_13h59.59.005","S2.4ConstantTotalFinal","2020.1.3",60,"XXXXX",7991.88,"BOMB","Unrelated",50.43500004,27,1,NA,NA,NA,NA
"EF",1,"2020-09-21_13h59.59.005","S2.4ConstantTotalFinal","2020.1.3",60,"XXXXX",7992.135,"BIKE","Identical",49.73500001,28,1,NA,NA,NA,NA
"EF",1,"2020-09-21_13h59.59.005","S2.4ConstantTotalFinal","2020.1.3",60,"XXXXX",7991.73,"MOVE","Identical",49.95000002,29,1,NA,NA,NA,NA
"EF",1,"2020-09-21_13h59.59.005","S2.4ConstantTotalFinal","2020.1.3",60,"XXXXX",7992.25,"SESSION","Related",50.07,30,1,NA,NA,NA,"CLASS"
"EF",1,"2020-09-21_13h59.59.005","S2.4ConstantTotalFinal","2020.1.3",60,"XXXXX",7993.115,"CLAM","Unrelated",49.92000002,31,1,NA,NA,NA,NA
"EF",1,"2020-09-21_13h59.59.005","S2.4ConstantTotalFinal","2020.1.3",60,"XXXXX",7992.035,"GUILT","Identical",50.20499998,32,1,NA,NA,NA,NA
"EF",1,"2020-09-21_13h59.59.005","S2.4ConstantTotalFinal","2020.1.3",60,"XXXXX",7991.27,"STRESS","Identical",49.93500002,33,1,NA,NA,NA,NA
"EF",1,"2020-09-21_13h59.59.005","S2.4ConstantTotalFinal","2020.1.3",60,"XXXXX",7992.33,"TOPIC","Related",50.01499999,34,1,NA,NA,NA,"SUBJECT"
"EF",1,"2020-09-21_13h59.59.005","S2.4ConstantTotalFinal","2020.1.3",60,"XXXXX",7991.555,"BEAM","Related",49.86999999,35,1,NA,NA,NA,"LIGHT"
"EF",1,"2020-09-21_13h59.59.005","S2.4ConstantTotalFinal","2020.1.3",60,"XXXXX",7991.73,"SKULL","Related",49.77500002,36,1,NA,NA,NA,"HEAD"
"EF",1,"2020-09-21_13h59.59.005","S2.4ConstantTotalFinal","2020.1.3",60,"XXXXX",7992.71,"TOWN","Identical",49.925,37,1,NA,NA,NA,NA
"EF",1,"2020-09-21_13h59.59.005","S2.4ConstantTotalFinal","2020.1.3",60,"XXXXX",7992.085,"UNDER","Identical",49.91,38,1,NA,NA,NA,NA
"EF",1,"2020-09-21_13h59.59.005","S2.4ConstantTotalFinal","2020.1.3",60,"XXXXX",7992.02,"AGAIN","Related",49.73999999,39,1,NA,NA,NA,"REPEAT"
"EF",1,"2020-09-21_13h59.59.005","S2.4ConstantTotalFinal","2020.1.3",60,"XXXXX",7991.065,"PRIM","Related",49.90500002,40,1,NA,NA,NA,"PROPER"
"EF",1,"2020-09-21_13h59.59.005","S2.4ConstantTotalFinal","2020.1.3",60,"XXXXX",7992.19,"WRITE","Identical",49.895,41,1,NA,NA,NA,NA
"EF",1,"2020-09-21_13h59.59.005","S2.4ConstantTotalFinal","2020.1.3",60,"XXXXX",2979.725,"CAVITY","Related",49.99999999,42,1,NA,NA,NA,"TOOTH"
"EF",1,"2020-09-21_13h59.59.005","S2.4ConstantTotalFinal","2020.1.3",60,"CASTLE",1613.64,"firstword","firstword",NA,1,2,1,"Studied",NA,NA
"EF",1,"2020-09-21_13h59.59.005","S2.4ConstantTotalFinal","2020.1.3",60,"LARGE",1035.19,"PRIDE","Identical",49.42499998,2,2,2,"Studied",NA,NA
"EF",1,"2020-09-21_13h59.59.005","S2.4ConstantTotalFinal","2020.1.3",60,"PAPER",1214.815,"DENIM","Related",49.84499997,3,2,4,"Studied",NA,"JEANS"
"EF",1,"2020-09-21_13h59.59.005","S2.4ConstantTotalFinal","2020.1.3",60,"MONKEY",2161.07,"SNEEZE","Identical",49.94,4,2,12,"Studied",NA,NA
"EF",1,"2020-09-21_13h59.59.005","S2.4ConstantTotalFinal","2020.1.3",60,"FIRE",698.51,"SWEET","Unrelated",50.56,5,2,7,"Studied",NA,NA
"EF",1,"2020-09-21_13h59.59.005","S2.4ConstantTotalFinal","2020.1.3",60,"BALL",932.295,"BOAT","Related",49.94999996,6,2,NA,NA,NA,"WATER"
"EF",1,"2020-09-21_13h59.59.005","S2.4ConstantTotalFinal","2020.1.3",60,"MINIMUM",2064.51,"TRASH","Unrelated",50.26499997,7,2,14,"Studied",NA,NA
"EF",1,"2020-09-21_13h59.59.005","S2.4ConstantTotalFinal","2020.1.3",60,"MONEY",1014.755,"KILL","Unrelated",49.79999998,8,2,NA,NA,NA,NA
"EF",1,"2020-09-21_13h59.59.005","S2.4ConstantTotalFinal","2020.1.3",60,"PAPER",1015.025,"ALLOW","Identical",49.98000001,9,2,4,"Studied",NA,NA
"EF",1,"2020-09-21_13h59.59.005","S2.4ConstantTotalFinal","2020.1.3",60,"ITCH",1147.965,"SHRINK","Related",49.97499997,10,2,40,"Studied",NA,"SMALL"
"EF",1,"2020-09-21_13h59.59.005","S2.4ConstantTotalFinal","2020.1.3",60,"MONEY",3845.43,"BANK","Identical",50.16000004,11,2,NA,NA,NA,NA
"EF",1,"2020-09-21_13h59.59.005","S2.4ConstantTotalFinal","2020.1.3",60,"TREE",4711.085,"SILK","Identical",50.06500002,12,2,NA,NA,NA,NA
"EF",1,"2020-09-21_13h59.59.005","S2.4ConstantTotalFinal","2020.1.3",60,"EFEC",7991.985,"OVEN","Identical",49.925,13,2,NA,NA,NA,NA
"EF",1,"2020-09-21_13h59.59.005","S2.4ConstantTotalFinal","2020.1.3",60,"EFFECT",1780.875,"GLASSES","Identical",50.27499999,14,2,42,"Studied",NA,NA
"EF",1,"2020-09-21_13h59.59.005","S2.4ConstantTotalFinal","2020.1.3",60,"XXXXX",7990.985,"GRAMMAR","Related",49.895,15,2,NA,NA,NA,"ENGLISH"
"EF",1,"2020-09-21_13h59.59.005","S2.4ConstantTotalFinal","2020.1.3",60,"XXXXX",7992.075,"FROG","Unrelated",50.02999998,16,2,NA,NA,NA,NA
"EF",1,"2020-09-21_13h59.59.005","S2.4ConstantTotalFinal","2020.1.3",60,"XXXXX",7992.02,"DOZE","Related",49.95499999,17,2,NA,NA,NA,"SLEEP"
"EF",1,"2020-09-21_13h59.59.005","S2.4ConstantTotalFinal","2020.1.3",60,"XXXXX",6313.695,"SMOKE","Unrelated",49.92999998,18,2,NA,NA,NA,NA
"EF",1,"2020-09-21_13h59.59.005","S2.4ConstantTotalFinal","2020.1.3",60,"XXXXX",1231.59,"ONCE","Identical",49.98499999,19,2,NA,NA,NA,NA
"EF",1,"2020-09-21_13h59.59.005","S2.4ConstantTotalFinal","2020.1.3",60,"SPACE",2613.185,"SOUTH","Unrelated",50.025,20,2,NA,NA,NA,NA
"EF",1,"2020-09-21_13h59.59.005","S2.4ConstantTotalFinal","2020.1.3",60,"XXXXX",2696.635,"CERTAIN","Related",49.96500001,21,2,NA,NA,NA,"SURE"
"EF",1,"2020-09-21_13h59.59.005","S2.4ConstantTotalFinal","2020.1.3",60,"NINE",832.215,"DESIRE","Related",50.05000002,22,2,26,"Studied",NA,"WANT"
"EF",1,"2020-09-21_13h59.59.005","S2.4ConstantTotalFinal","2020.1.3",60,"CHURCH",7308.925,"MANAGER","Related",50.14000001,23,2,NA,NA,NA,"BOSS"
"EF",1,"2020-09-21_13h59.59.005","S2.4ConstantTotalFinal","2020.1.3",60,"XXXXX",449.41,"POUND","Unrelated",49,24,2,NA,NA,NA,NA
"EF",1,"2020-09-21_13h59.59.005","S2.4ConstantTotalFinal","2020.1.3",60,"XXXXX",82.44000003,"SCHEME","Related",49.80000004,25,2,NA,NA,NA,"PLAN"
"EF",1,"2020-09-21_13h59.59.005","S2.4ConstantTotalFinal","2020.1.3",60,"  ",865.555,"TIRED","Identical",50.89000001,26,2,NA,NA,NA,NA
"EF",1,"2020-09-21_13h59.59.005","S2.4ConstantTotalFinal","2020.1.3",60,"XXXXX",7992.405,"ANGER","Related",49.99000003,27,2,NA,NA,NA,"MAD"
"EF",1,"2020-09-21_13h59.59.005","S2.4ConstantTotalFinal","2020.1.3",60,"XXXXX",7992.35,"HAUL","Related",49.87999995,28,2,NA,NA,NA,"CARRY"
"EF",1,"2020-09-21_13h59.59.005","S2.4ConstantTotalFinal","2020.1.3",60,"XXXXX",7991.915,"CLEVER","Related",49.96999999,29,2,NA,NA,NA,"SMART"
"EF",1,"2020-09-21_13h59.59.005","S2.4ConstantTotalFinal","2020.1.3",60,"XXXXX",3862.105,"FINISH","Identical",49.98999997,30,2,NA,NA,NA,NA
"EF",1,"2020-09-21_13h59.59.005","S2.4ConstantTotalFinal","2020.1.3",60,"XXXXX",898.385,"BACK","Related",49.17000001,31,2,NA,NA,NA,"FRONT"
"EF",1,"2020-09-21_13h59.59.005","S2.4ConstantTotalFinal","2020.1.3",60,"XXXXX",432.905,"ERASER","Related",50.56499998,32,2,NA,NA,NA,"PENCIL"
"EF",1,"2020-09-21_13h59.59.005","S2.4ConstantTotalFinal","2020.1.3",60,"XXXXX",132.86,"LAKE","Unrelated",49.69000001,33,2,NA,NA,NA,NA
"EF",1,"2020-09-21_13h59.59.005","S2.4ConstantTotalFinal","2020.1.3",60,"XXXXX",298.965,"DEAF","Unrelated",49.96999999,34,2,NA,NA,NA,NA
"EF",1,"2020-09-21_13h59.59.005","S2.4ConstantTotalFinal","2020.1.3",60,"XXXXX",7992.015,"SWAMP","Unrelated",49.75000001,35,2,NA,NA,NA,NA
"EF",1,"2020-09-21_13h59.59.005","S2.4ConstantTotalFinal","2020.1.3",60,"XXXXX",6143.19,"LETTER","Identical",49.87499997,36,2,NA,NA,NA,NA
"EF",1,"2020-09-21_13h59.59.005","S2.4ConstantTotalFinal","2020.1.3",60,"XXXXX",283.03,"TRAIN","Unrelated",50.12999999,37,2,NA,NA,NA,NA
"EF",1,"2020-09-21_13h59.59.005","S2.4ConstantTotalFinal","2020.1.3",60,"XXXXX",115.83,"HELLO","Identical",49.80500002,38,2,NA,NA,NA,NA
"EF",1,"2020-09-21_13h59.59.005","S2.4ConstantTotalFinal","2020.1.3",60,"XXXXX",233.3,"SPICE","Identical",50.085,39,2,NA,NA,NA,NA
"EF",1,"2020-09-21_13h59.59.005","S2.4ConstantTotalFinal","2020.1.3",60,"XXXXX",132.445,"SERVANT","Related",50.11000001,40,2,NA,NA,NA,"MAID"
"EF",1,"2020-09-21_13h59.59.005","S2.4ConstantTotalFinal","2020.1.3",60,"XXXXX",432.39,"CARBON","Related",50.445,41,2,NA,NA,NA,"COPY"
"EF",1,"2020-09-21_13h59.59.005","S2.4ConstantTotalFinal","2020.1.3",60,"XXXXX",16.06499997,"BAKE","Related",49.85499999,42,2,NA,NA,NA,"CAKE"
"EF",1,"2020-09-21_13h59.59.005","S2.4ConstantTotalFinal","2020.1.3",60,"LETTUCE",1814.19,"firstword","firstword",NA,1,3,42,"Studied",NA,NA
"EF",1,"2020-09-21_13h59.59.005","S2.4ConstantTotalFinal","2020.1.3",60,"TREE",948.225,"CAMEL","Related",49.35000004,2,3,41,"Studied",NA,"DESERT"
"EF",1,"2020-09-21_13h59.59.005","S2.4ConstantTotalFinal","2020.1.3",60,"HAPPY",1231.34,"TOES","Unrelated",50.04,3,3,36,"Studied",NA,NA
"EF",1,"2020-09-21_13h59.59.005","S2.4ConstantTotalFinal","2020.1.3",60,"MUSIC",1231.465,"KIDNAP","Unrelated",50.72,4,3,NA,NA,NA,NA
"EF",1,"2020-09-21_13h59.59.005","S2.4ConstantTotalFinal","2020.1.3",60,"SING",765.1500001,"SEEK","Unrelated",49.98000001,5,3,1,"Studied",NA,NA
"EF",1,"2020-09-21_13h59.59.005","S2.4ConstantTotalFinal","2020.1.3",60,"CHURCH",2480.01,"WINTER","Unrelated",49.98000001,6,3,27,"Studied",NA,NA
"EF",1,"2020-09-21_13h59.59.005","S2.4ConstantTotalFinal","2020.1.3",60,"LOSE",765.15,"STRANGE","Identical",49.94,7,3,3,"Studied",NA,NA
"EF",1,"2020-09-21_13h59.59.005","S2.4ConstantTotalFinal","2020.1.3",60,"NONE",798.495,"PROBLEM","Identical",49.93500002,8,3,5,"Studied",NA,NA
"EF",1,"2020-09-21_13h59.59.005","S2.4ConstantTotalFinal","2020.1.3",60,"SOUR",965.07,"VOLCANO","Identical",49.96000003,9,3,6,"Studied",NA,NA
"EF",1,"2020-09-21_13h59.59.005","S2.4ConstantTotalFinal","2020.1.3",60,"VOLCANOE",1432.02,"LISTEN","Related",51.17999995,10,3,NA,NA,NA,"HEAR"
"EF",1,"2020-09-21_13h59.59.005","S2.4ConstantTotalFinal","2020.1.3",60,"DESERT",1514.3,"SUPPER","Unrelated",49.96000003,11,3,4,"Studied",NA,NA
"EF",1,"2020-09-21_13h59.59.005","S2.4ConstantTotalFinal","2020.1.3",60,"FOOD",1148.07,"ROOF","Identical",49.12500002,12,3,7,"Studied",NA,NA
"EF",1,"2020-09-21_13h59.59.005","S2.4ConstantTotalFinal","2020.1.3",60,"STORE",1114.635,"SABER","Related",50.13500003,13,3,8,"Studied",NA,"SWORD"
"EF",1,"2020-09-21_13h59.59.005","S2.4ConstantTotalFinal","2020.1.3",60,"STRANGER",1564.22,"INHALE","Unrelated",49.73500001,14,3,NA,NA,NA,NA
"EF",1,"2020-09-21_13h59.59.005","S2.4ConstantTotalFinal","2020.1.3",60,"SHIRT",1029.27,"CAPTAIN","Related",50.02499995,15,3,NA,NA,NA,"SHIP"
"EF",1,"2020-09-21_13h59.59.005","S2.4ConstantTotalFinal","2020.1.3",60,"MONEY",1499.845,"YEAR","Identical",49.94,16,3,NA,NA,NA,NA
"EF",1,"2020-09-21_13h59.59.005","S2.4ConstantTotalFinal","2020.1.3",60,"SOUR",5211.025,"SLOW","Unrelated",49.92000002,17,3,6,"Studied",NA,NA
"EF",1,"2020-09-21_13h59.59.005","S2.4ConstantTotalFinal","2020.1.3",60,"STRIP",4328.57,"WAND","Related",49.925,18,3,NA,NA,NA,"MAGIC"
"EF",1,"2020-09-21_13h59.59.005","S2.4ConstantTotalFinal","2020.1.3",60,"XXXXX",7993.055,"VEST","Related",49.73000003,19,3,NA,NA,NA,"JACKET"
"EF",1,"2020-09-21_13h59.59.005","S2.4ConstantTotalFinal","2020.1.3",60,"LOVE",981.585,"STREET","Identical",49.82000001,20,3,11,"Studied",NA,NA
"EF",1,"2020-09-21_13h59.59.005","S2.4ConstantTotalFinal","2020.1.3",60,"XXXXX",7991.875,"LAUGH","Identical",49.95999997,21,3,NA,NA,NA,NA
"EF",1,"2020-09-21_13h59.59.005","S2.4ConstantTotalFinal","2020.1.3",60,"SHORT",2646.585,"SQUARE","Unrelated",49.1,22,3,NA,NA,NA,NA
"EF",1,"2020-09-21_13h59.59.005","S2.4ConstantTotalFinal","2020.1.3",60,"XXXXX",7991.95,"MIGHT","Related",50.01499999,23,3,NA,NA,NA,"MAYBE"
"EF",1,"2020-09-21_13h59.59.005","S2.4ConstantTotalFinal","2020.1.3",60,"XXXXX",7991.91,"HEATER","Related",49.925,24,3,NA,NA,NA,"WARM"
"EF",1,"2020-09-21_13h59.59.005","S2.4ConstantTotalFinal","2020.1.3",60,"XXXXX",5177.495,"THREAD","Unrelated",49.88499999,25,3,NA,NA,NA,NA
"EF",1,"2020-09-21_13h59.59.005","S2.4ConstantTotalFinal","2020.1.3",60,"XXXXX",315.62,"LICE","Related",50.01499999,26,3,NA,NA,NA,"HAIR"
"EF",1,"2020-09-21_13h59.59.005","S2.4ConstantTotalFinal","2020.1.3",60,"XXXXX",7991.915,"VIRUS","Related",49.82499999,27,3,NA,NA,NA,"SICK"
"EF",1,"2020-09-21_13h59.59.005","S2.4ConstantTotalFinal","2020.1.3",60,"XXXXX",1581.115,"BREAK","Identical",50.10500003,28,3,NA,NA,NA,NA
"EF",1,"2020-09-21_13h59.59.005","S2.4ConstantTotalFinal","2020.1.3",60,"XXXXX",498.905,"BUCKET","Unrelated",50.49499997,29,3,NA,NA,NA,NA
"EF",1,"2020-09-21_13h59.59.005","S2.4ConstantTotalFinal","2020.1.3",60,"XXXXX",332.285,"TAKE","Identical",50.01999997,30,3,NA,NA,NA,NA
"EF",1,"2020-09-21_13h59.59.005","S2.4ConstantTotalFinal","2020.1.3",60,"XXXXX",2031.495,"GLUE","Related",50.18999998,31,3,NA,NA,NA,"STICKY"
"EF",1,"2020-09-21_13h59.59.005","S2.4ConstantTotalFinal","2020.1.3",60,"XXXXX",332.895,"BELL","Identical",49.92999998,32,3,NA,NA,NA,NA
"EF",1,"2020-09-21_13h59.59.005","S2.4ConstantTotalFinal","2020.1.3",60,"XXXXX",249.025,"CHESS","Related",50.05000002,33,3,NA,NA,NA,"GAME"
"EF",1,"2020-09-21_13h59.59.005","S2.4ConstantTotalFinal","2020.1.3",60,"CHILD",5061.525,"GOWN","Related",50.04999996,34,3,NA,NA,NA,"DRESS"
"EF",1,"2020-09-21_13h59.59.005","S2.4ConstantTotalFinal","2020.1.3",60,"XXXXX",2063.945,"CHOOSE","Identical",35.61999998,35,3,NA,NA,NA,NA
"EF",1,"2020-09-21_13h59.59.005","S2.4ConstantTotalFinal","2020.1.3",60,"XXXXX",315.595,"CLARIFY","Related",49.795,36,3,NA,NA,NA,"CLEAR"
"EF",1,"2020-09-21_13h59.59.005","S2.4ConstantTotalFinal","2020.1.3",60,"XXXXX",598.78,"CHALK","Related",49.94500004,37,3,NA,NA,NA,"BOARD"
"EF",1,"2020-09-21_13h59.59.005","S2.4ConstantTotalFinal","2020.1.3",60,"XXXXX",34.09500001,"BRANCH","Unrelated",49.75499999,38,3,NA,NA,NA,NA
"EF",1,"2020-09-21_13h59.59.005","S2.4ConstantTotalFinal","2020.1.3",60,"XXXXX",282.395,"PERFUME","Related",50.04499998,39,3,NA,NA,NA,"SMELL"
"EF",1,"2020-09-21_13h59.59.005","S2.4ConstantTotalFinal","2020.1.3",60,"XXXXX",332.38,"COLLECT","Identical",49.84500003,40,3,NA,NA,NA,NA
"EF",1,"2020-09-21_13h59.59.005","S2.4ConstantTotalFinal","2020.1.3",60,"XXXXX",432.18,"SEARCH","Related",50.07999996,41,3,NA,NA,NA,"FIND"
"EF",1,"2020-09-21_13h59.59.005","S2.4ConstantTotalFinal","2020.1.3",60,"XXXXX",482.15,"READ","Unrelated",49.99499995,42,3,NA,NA,NA,NA
"EF",1,"2020-09-21_13h59.59.005","S2.4ConstantTotalFinal","2020.1.3",60,"WRONG",3079.21,"firstword","firstword",NA,1,4,2,"Studied",NA,NA
"EF",1,"2020-09-21_13h59.59.005","S2.4ConstantTotalFinal","2020.1.3",60,"PURPOSE",1481.43,"TOOL","Identical",36.48999997,2,4,1,"Studied",NA,NA
"EF",1,"2020-09-21_13h59.59.005","S2.4ConstantTotalFinal","2020.1.3",60,"CHILD",1013.89,"MARRY","Identical",50.055,3,4,5,"Studied",NA,NA
"EF",1,"2020-09-21_13h59.59.005","S2.4ConstantTotalFinal","2020.1.3",60,"PURPOSE",1331.41,"MEAN","Unrelated",49.96500001,4,4,1,"Studied",NA,NA
"EF",1,"2020-09-21_13h59.59.005","S2.4ConstantTotalFinal","2020.1.3",60,"QUIET",5111,"RENT","Identical",49.93500002,5,4,3,"Studied",NA,NA
"EF",1,"2020-09-21_13h59.59.005","S2.4ConstantTotalFinal","2020.1.3",60,"HATE",931.715,"YOUTH","Related",49.79999998,6,4,23,"Studied",NA,"YOUNG"
"EF",1,"2020-09-21_13h59.59.005","S2.4ConstantTotalFinal","2020.1.3",60,"VOTE",798.48,"PLANE","Identical",49.83000003,7,4,21,"Studied",NA,NA
"EF",1,"2020-09-21_13h59.59.005","S2.4ConstantTotalFinal","2020.1.3",60,"DISAGREE",1813.995,"SHERIFF","Identical",49.85999997,8,4,20,"Studied",NA,NA
"EF",1,"2020-09-21_13h59.59.005","S2.4ConstantTotalFinal","2020.1.3",60,"SCISSORS",1547.715,"PARDON","Related",49.85499999,9,4,31,"Studied",NA,"EXCUSE"
"EF",1,"2020-09-21_13h59.59.005","S2.4ConstantTotalFinal","2020.1.3",60,"TOOL",1617.64,"WHOLE","Unrelated",49.93500002,10,4,32,"Studied","Identical",NA
"EF",1,"2020-09-21_13h59.59.005","S2.4ConstantTotalFinal","2020.1.3",60,"RENT",1131.535,"REAL","Identical",49.92000002,11,4,30,"Studied","Identical",NA
"EF",1,"2020-09-21_13h59.59.005","S2.4ConstantTotalFinal","2020.1.3",60,"DEATH",1181.5,"LEAVES","Unrelated",49.81000006,12,4,27,"Studied",NA,NA
"EF",1,"2020-09-21_13h59.59.005","S2.4ConstantTotalFinal","2020.1.3",60,"SHALLOW",3429.22,"HORSE","Unrelated",49,13,4,15,"Studied",NA,NA
"EF",1,"2020-09-21_13h59.59.005","S2.4ConstantTotalFinal","2020.1.3",60,"SILVER",1564.435,"CARD","Identical",49.85500005,14,4,40,"Studied",NA,NA
"EF",1,"2020-09-21_13h59.59.005","S2.4ConstantTotalFinal","2020.1.3",60,"SHIRT",1048.415,"SKETCH","Related",49.925,15,4,NA,NA,NA,"DRAW"
"EF",1,"2020-09-21_13h59.59.005","S2.4ConstantTotalFinal","2020.1.3",60,"WEAPON",2813.1,"UNCLE","Unrelated",49.78500004,16,4,NA,NA,NA,NA
"EF",1,"2020-09-21_13h59.59.005","S2.4ConstantTotalFinal","2020.1.3",60,"MONEY",4927.63,"SPIT","Identical",49.90000004,17,4,NA,NA,NA,NA
"EF",1,"2020-09-21_13h59.59.005","S2.4ConstantTotalFinal","2020.1.3",60,"XXXXX",7993.15,"TIGER","Unrelated",49.39999996,18,4,NA,NA,NA,NA
"EF",1,"2020-09-21_13h59.59.005","S2.4ConstantTotalFinal","2020.1.3",60,"XXXXX",7991.255,"GIRLS","Unrelated",49.96999999,19,4,NA,NA,NA,NA
"EF",1,"2020-09-21_13h59.59.005","S2.4ConstantTotalFinal","2020.1.3",60,"XXXXX",1864.985,"SLIDE","Identical",50.185,20,4,NA,NA,NA,NA
"EF",1,"2020-09-21_13h59.59.005","S2.4ConstantTotalFinal","2020.1.3",60,"XXXXX",1715.18,"MINUS","Unrelated",49.08999999,21,4,NA,NA,NA,NA
"EF",1,"2020-09-21_13h59.59.005","S2.4ConstantTotalFinal","2020.1.3",60,"XXXXX",498.725,"CIRCUS","Related",49.88000001,22,4,NA,NA,NA,"CLOWN"
"EF",1,"2020-09-21_13h59.59.005","S2.4ConstantTotalFinal","2020.1.3",60,"XXXXX",1347.86,"QUEEN","Unrelated",49.92999998,23,4,NA,NA,NA,NA
"EF",1,"2020-09-21_13h59.59.005","S2.4ConstantTotalFinal","2020.1.3",60,"XXXXX",2163.84,"THERE","Unrelated",49.65999996,24,4,NA,NA,NA,NA
"EF",1,"2020-09-21_13h59.59.005","S2.4ConstantTotalFinal","2020.1.3",60,"XXXXX",665.34,"STAMP","Identical",49.91499998,25,4,NA,NA,NA,NA
"EF",1,"2020-09-21_13h59.59.005","S2.4ConstantTotalFinal","2020.1.3",60,"XXXXX",415.55,"THIN","Identical",49.71500003,26,4,NA,NA,NA,NA
"EF",1,"2020-09-21_13h59.59.005","S2.4ConstantTotalFinal","2020.1.3",60,"XXXXX",233.27,"MUSCLE","Unrelated",49.92000002,27,4,NA,NA,NA,NA
"EF",1,"2020-09-21_13h59.59.005","S2.4ConstantTotalFinal","2020.1.3",60,"XXXXX",332.38,"PART","Related",49.89499995,28,4,NA,NA,NA,"PIECE"
"EF",1,"2020-09-21_13h59.59.005","S2.4ConstantTotalFinal","2020.1.3",60,"XXXXX",298.92,"EXACT","Identical",49.26,29,4,NA,NA,NA,NA
"EF",1,"2020-09-21_13h59.59.005","S2.4ConstantTotalFinal","2020.1.3",60,"XXXXX",848.5,"NECK","Identical",50.03499996,30,4,NA,NA,NA,NA
"EF",1,"2020-09-21_13h59.59.005","S2.4ConstantTotalFinal","2020.1.3",60,"XXXXX",515.405,"ROCK","Unrelated",49.91499998,31,4,NA,NA,NA,NA
"EF",1,"2020-09-21_13h59.59.005","S2.4ConstantTotalFinal","2020.1.3",60,"XXXXX",349.14,"SHARK","Unrelated",49.92999998,32,4,NA,NA,NA,NA
"EF",1,"2020-09-21_13h59.59.005","S2.4ConstantTotalFinal","2020.1.3",60,"XXXXX",7991.55,"PLANT","Unrelated",49.88000001,33,4,NA,NA,NA,NA
"EF",1,"2020-09-21_13h59.59.005","S2.4ConstantTotalFinal","2020.1.3",60,"TREE",965.03,"CLOCK","Unrelated",48.52000001,34,4,NA,NA,NA,NA
"EF",1,"2020-09-21_13h59.59.005","S2.4ConstantTotalFinal","2020.1.3",60,"XXXXX",6793.465,"DOLLAR","Unrelated",49.92999998,35,4,NA,NA,NA,NA
"EF",1,"2020-09-21_13h59.59.005","S2.4ConstantTotalFinal","2020.1.3",60,"XXXXX",632.615,"SEVERAL","Related",50.085,36,4,NA,NA,NA,"MANY"
"EF",1,"2020-09-21_13h59.59.005","S2.4ConstantTotalFinal","2020.1.3",60,"XXXXX",4732.705,"TICK","Related",50.64500001,37,4,NA,NA,NA,"TOCK"
"EF",1,"2020-09-21_13h59.59.005","S2.4ConstantTotalFinal","2020.1.3",60,"XXXXX",2546.925,"PLEASE","Related",49.92000002,38,4,NA,NA,NA,"THANKS"
"EF",1,"2020-09-21_13h59.59.005","S2.4ConstantTotalFinal","2020.1.3",60,"XXXXX",482.005,"RAIN","Identical",49.89999998,39,4,NA,NA,NA,NA
"EF",1,"2020-09-21_13h59.59.005","S2.4ConstantTotalFinal","2020.1.3",60,"XXXXX",283.04,"STRIPE","Identical",49.90500002,40,4,NA,NA,NA,NA
"EF",1,"2020-09-21_13h59.59.005","S2.4ConstantTotalFinal","2020.1.3",60,"XXXXX",835.98,"PARCEL","Related",49.47999999,41,4,NA,NA,NA,"PACKAGE"
"EF",1,"2020-09-21_13h59.59.005","S2.4ConstantTotalFinal","2020.1.3",60,"XXXXX",249.72,"ADDICT","Related",49.925,42,4,NA,NA,NA,"DRUGS"
