"participant","session","date","expName","psychopyVersion","frameRate","RecalledWord","RT","Prime","PrimeCon","PrimeDuration","OutputPosition","Block","StudyPosition","Studied","PrimeRecalledCondition","PrimeFor"
"GA",1,"2020-07-26_13h00.00.144","S2.1ConstantTotalFinal","2020.1.3",60,"BALL",2584.135,"firstword","firstword",NA,1,1,NA,NA,NA,NA
"GA",1,"2020-07-26_13h00.00.144","S2.1ConstantTotalFinal","2020.1.3",60,"ALLOW",900.9049998,"KISS","Unrelated",52.09999997,2,1,32,"Studied",NA,NA
"GA",1,"2020-07-26_13h00.00.144","S2.1ConstantTotalFinal","2020.1.3",60,"ITCH",4767.975,"OVEN","Identical",50.09999988,3,1,31,"Studied",NA,NA
"GA",1,"2020-07-26_13h00.00.144","S2.1ConstantTotalFinal","2020.1.3",60,"SNEEZE",1783.125,"PRESENT","Unrelated",50.47999998,4,1,28,"Studied",NA,NA
"GA",1,"2020-07-26_13h00.00.144","S2.1ConstantTotalFinal","2020.1.3",60,"WATER",4800.17,"ENGLISH","Identical",51.23999994,5,1,2,"Studied",NA,NA
"GA",1,"2020-07-26_13h00.00.144","S2.1ConstantTotalFinal","2020.1.3",60,"MAID",1801.71,"MEDIUM","Related",50.0200002,6,1,13,"Studied",NA,"LARGE"
"GA",1,"2020-07-26_13h00.00.144","S2.1ConstantTotalFinal","2020.1.3",60,"MAD",1034.66,"TWICE","Related",49.82500011,7,1,35,"Studied",NA,"ONCE"
"GA",1,"2020-07-26_13h00.00.144","S2.1ConstantTotalFinal","2020.1.3",60,"TIRED",2549.1,"CASTLE","Identical",49.79999992,8,1,42,"Studied",NA,NA
"GA",1,"2020-07-26_13h00.00.144","S2.1ConstantTotalFinal","2020.1.3",60,"ENGLISH",6651.045,"SCHEME","Related",50.21000002,9,1,39,"Studied","Identical","PLAN"
"GA",1,"2020-07-26_13h00.00.144","S2.1ConstantTotalFinal","2020.1.3",60,"S",8001.4,"UNCLEAR","Identical",49.45500009,10,1,NA,NA,NA,NA
"GA",1,"2020-07-26_13h00.00.144","S2.1ConstantTotalFinal","2020.1.3",60,"XXXXX",8000.05,"GEEK","Unrelated",49.94000006,11,1,NA,NA,NA,NA
"GA",1,"2020-07-26_13h00.00.144","S2.1ConstantTotalFinal","2020.1.3",60,"SOFT",3149.2,"EFFECT","Identical",49.96000021,12,1,38,"Studied",NA,NA
"GA",1,"2020-07-26_13h00.00.144","S2.1ConstantTotalFinal","2020.1.3",60,"PENCIL",6888.78,"CARBON","Related",50.085,13,1,36,"Studied",NA,"COPY"
"GA",1,"2020-07-26_13h00.00.144","S2.1ConstantTotalFinal","2020.1.3",60,"XXXXX",1733.475,"BOSS","Identical",47.93499992,14,1,NA,NA,NA,NA
"GA",1,"2020-07-26_13h00.00.144","S2.1ConstantTotalFinal","2020.1.3",60,"XXXXX",700.65,"JUMP","Unrelated",50.09000003,15,1,NA,NA,NA,NA
"GA",1,"2020-07-26_13h00.00.144","S2.1ConstantTotalFinal","2020.1.3",60,"MONKEY",5332.24,"HOOP","Unrelated",52.66999989,16,1,19,"Studied",NA,NA
"GA",1,"2020-07-26_13h00.00.144","S2.1ConstantTotalFinal","2020.1.3",60,"XXXXX",1807.3,"MAXIMUM","Related",50.41499995,17,1,NA,NA,NA,"MINIMUM"
"GA",1,"2020-07-26_13h00.00.144","S2.1ConstantTotalFinal","2020.1.3",60,"XXXXX",682.5949999,"CARRY","Identical",48.96500008,18,1,NA,NA,NA,NA
"GA",1,"2020-07-26_13h00.00.144","S2.1ConstantTotalFinal","2020.1.3",60,"XXXXX",2667.855,"FROG","Unrelated",48.44499985,19,1,NA,NA,NA,NA
"GA",1,"2020-07-26_13h00.00.144","S2.1ConstantTotalFinal","2020.1.3",60,"XXXXX",2015.855,"SHRINK","Related",50.03499985,20,1,NA,NA,NA,"SMALL"
"GA",1,"2020-07-26_13h00.00.144","S2.1ConstantTotalFinal","2020.1.3",60,"SLEEP",6734.96,"LENS","Related",48.61499998,21,1,14,"Studied",NA,"GLASSES"
"GA",1,"2020-07-26_13h00.00.144","S2.1ConstantTotalFinal","2020.1.3",60,"XXXXX",1200.35,"FINISH","Identical",49.95999997,22,1,NA,NA,NA,NA
"GA",1,"2020-07-26_13h00.00.144","S2.1ConstantTotalFinal","2020.1.3",60,"I DONT REME",3751.17,"BAKE","Related",50.025,23,1,NA,NA,NA,"CAKE"
"GA",1,"2020-07-26_13h00.00.144","S2.1ConstantTotalFinal","2020.1.3",60,"XXXXX",1350.735,"HOTEL","Unrelated",48.45999996,24,1,NA,NA,NA,NA
"GA",1,"2020-07-26_13h00.00.144","S2.1ConstantTotalFinal","2020.1.3",60,"XXXXX",1515.21,"BLAZE","Related",49.16499997,25,1,NA,NA,NA,"FIRE"
"GA",1,"2020-07-26_13h00.00.144","S2.1ConstantTotalFinal","2020.1.3",60,"XXXXX",2032.92,"HELLO","Identical",51.97499995,26,1,NA,NA,NA,NA
"GA",1,"2020-07-26_13h00.00.144","S2.1ConstantTotalFinal","2020.1.3",60,"XXXXX",8000.1,"CERTAIN","Related",50.04499992,27,1,NA,NA,NA,"SURE"
"GA",1,"2020-07-26_13h00.00.144","S2.1ConstantTotalFinal","2020.1.3",60,"XXXXX",8001.645,"WANT","Identical",50.46500009,28,1,NA,NA,NA,NA
"GA",1,"2020-07-26_13h00.00.144","S2.1ConstantTotalFinal","2020.1.3",60,"XXXXX",1600.49,"SPICE","Identical",48.42999997,29,1,NA,NA,NA,NA
"GA",1,"2020-07-26_13h00.00.144","S2.1ConstantTotalFinal","2020.1.3",60,"XXXXX",1783.1,"MARGIN","Related",50.92499987,30,1,NA,NA,NA,"PAPER"
"GA",1,"2020-07-26_13h00.00.144","S2.1ConstantTotalFinal","2020.1.3",60,"XXXXX",7999.8,"PICTURE","Unrelated",50.95000006,31,1,NA,NA,NA,NA
"GA",1,"2020-07-26_13h00.00.144","S2.1ConstantTotalFinal","2020.1.3",60,"XXXXX",4584.47,"LAND","Unrelated",49.86499995,32,1,NA,NA,NA,NA
"GA",1,"2020-07-26_13h00.00.144","S2.1ConstantTotalFinal","2020.1.3",60,"XXXXX",8001.72,"SMART","Identical",51.56999989,33,1,NA,NA,NA,NA
"GA",1,"2020-07-26_13h00.00.144","S2.1ConstantTotalFinal","2020.1.3",60,"XXXXX",8002.09,"DENIM","Related",48.6049999,34,1,NA,NA,NA,"JEANS"
"GA",1,"2020-07-26_13h00.00.144","S2.1ConstantTotalFinal","2020.1.3",60,"XXXXX",8000.73,"PRIDE","Identical",48.52499999,35,1,NA,NA,NA,NA
"GA",1,"2020-07-26_13h00.00.144","S2.1ConstantTotalFinal","2020.1.3",60,"UGH",3285.19,"MAIL","Related",49.77499996,36,1,NA,NA,NA,"LETTER"
"GA",1,"2020-07-26_13h00.00.144","S2.1ConstantTotalFinal","2020.1.3",60,"XXXXX",7999.44,"SILK","Identical",50.03999989,37,1,NA,NA,NA,NA
"GA",1,"2020-07-26_13h00.00.144","S2.1ConstantTotalFinal","2020.1.3",60,"XXXXX",8000.2,"EIGHT","Related",48.73499996,38,1,NA,NA,NA,"NINE"
"GA",1,"2020-07-26_13h00.00.144","S2.1ConstantTotalFinal","2020.1.3",60,"XXXXX",8001.835,"STOMACH","Unrelated",49.30000007,39,1,NA,NA,NA,NA
"GA",1,"2020-07-26_13h00.00.144","S2.1ConstantTotalFinal","2020.1.3",60,"XXXXX",2319.91,"DEAF","Unrelated",50.03500008,40,1,NA,NA,NA,NA
"GA",1,"2020-07-26_13h00.00.144","S2.1ConstantTotalFinal","2020.1.3",60,"XXXXX",7999.1,"DEVIL","Unrelated",49.93999982,41,1,NA,NA,NA,NA
"GA",1,"2020-07-26_13h00.00.144","S2.1ConstantTotalFinal","2020.1.3",60,"XXXXX",8000.61,"BACK","Related",48.86500002,42,1,NA,NA,NA,"FRONT"
"GA",1,"2020-07-26_13h00.00.144","S2.1ConstantTotalFinal","2020.1.3",60,"CHURCH",2871.685,"firstword","firstword",NA,1,2,1,"Studied",NA,NA
"GA",1,"2020-07-26_13h00.00.144","S2.1ConstantTotalFinal","2020.1.3",60,"SOUR",2633.475,"LICE","Related",48.67499997,2,2,2,"Studied",NA,"HAIR"
"GA",1,"2020-07-26_13h00.00.144","S2.1ConstantTotalFinal","2020.1.3",60,"WARM ",1215.795,"SMELL","Identical",49.96000021,3,2,NA,NA,NA,NA
"GA",1,"2020-07-26_13h00.00.144","S2.1ConstantTotalFinal","2020.1.3",60,"ORD",500.49,"ZERO","Related",48.79499995,4,2,NA,NA,NA,"NONE"
"GA",1,"2020-07-26_13h00.00.144","S2.1ConstantTotalFinal","2020.1.3",60,"SWORD",1334.71,"CHESS","Related",48.91000013,5,2,4,"Studied",NA,"GAME"
"GA",1,"2020-07-26_13h00.00.144","S2.1ConstantTotalFinal","2020.1.3",60,"MAGIC",2534.66,"SEARCH","Related",49.75500004,6,2,9,"Studied",NA,"FIND"
"GA",1,"2020-07-26_13h00.00.144","S2.1ConstantTotalFinal","2020.1.3",60,"PROBLEM ",1399.205,"DELIGHT","Related",49.70999993,7,2,NA,NA,NA,"HAPPY"
"GA",1,"2020-07-26_13h00.00.144","S2.1ConstantTotalFinal","2020.1.3",60,"LAUGH ",1667.23,"LAUGH","Identical",48.69000008,8,2,NA,NA,NA,NA
"GA",1,"2020-07-26_13h00.00.144","S2.1ConstantTotalFinal","2020.1.3",60,"FOOD",3433.01,"SALAD","Related",49.91000006,9,2,20,"Studied",NA,"LETTUCE"
"GA",1,"2020-07-26_13h00.00.144","S2.1ConstantTotalFinal","2020.1.3",60,"LOVE",1032.555,"COLLECT","Identical",51.43999984,10,2,17,"Studied",NA,NA
"GA",1,"2020-07-26_13h00.00.144","S2.1ConstantTotalFinal","2020.1.3",60,"B",8001.05,"TREE","Identical",48.435,11,2,NA,NA,NA,NA
"GA",1,"2020-07-26_13h00.00.144","S2.1ConstantTotalFinal","2020.1.3",60,"BOARD",1449.105,"BIZZARE","Related",37.1950001,12,2,22,"Studied",NA,"STRANGE"
"GA",1,"2020-07-26_13h00.00.144","S2.1ConstantTotalFinal","2020.1.3",60,"STRANGE",2549.39,"MUSIC","Identical",51.39499996,13,2,24,"Studied",NA,NA
"GA",1,"2020-07-26_13h00.00.144","S2.1ConstantTotalFinal","2020.1.3",60,"LETTUCE",2448.75,"WINTER","Unrelated",36.4649999,14,2,25,"Studied",NA,NA
"GA",1,"2020-07-26_13h00.00.144","S2.1ConstantTotalFinal","2020.1.3",60,"LSOE",800.605,"GAIN","Related",49.76499989,15,2,NA,NA,NA,"LOSE"
"GA",1,"2020-07-26_13h00.00.144","S2.1ConstantTotalFinal","2020.1.3",60,"E",200.1500002,"TALK","Identical",49.95999997,16,2,NA,NA,NA,NA
"GA",1,"2020-07-26_13h00.00.144","S2.1ConstantTotalFinal","2020.1.3",60,"SE",534.1149999,"VERB","Unrelated",49.06999995,17,2,NA,NA,NA,NA
"GA",1,"2020-07-26_13h00.00.144","S2.1ConstantTotalFinal","2020.1.3",60,"LOSE",2699.76,"LISTEN","Related",49.72999985,18,2,31,"Studied",NA,"HEAR"
"GA",1,"2020-07-26_13h00.00.144","S2.1ConstantTotalFinal","2020.1.3",60,"HAPPY",1649.23,"MAYBE","Identical",49.79499988,19,2,32,"Studied",NA,NA
"GA",1,"2020-07-26_13h00.00.144","S2.1ConstantTotalFinal","2020.1.3",60,"HEAR",2633.825,"VEST","Related",49.015,20,2,40,"Studied",NA,"JACKET"
"GA",1,"2020-07-26_13h00.00.144","S2.1ConstantTotalFinal","2020.1.3",60,"YEAR",1717.045,"DRESS","Identical",50.21500005,21,2,41,"Studied",NA,NA
"GA",1,"2020-07-26_13h00.00.144","S2.1ConstantTotalFinal","2020.1.3",60,"LED",1632.06,"ERUPT","Related",50.95999991,22,2,NA,NA,NA,"VOLCANO"
"GA",1,"2020-07-26_13h00.00.144","S2.1ConstantTotalFinal","2020.1.3",60,"ICK",986.3,"STICKY","Identical",50.95999991,23,2,NA,NA,NA,NA
"GA",1,"2020-07-26_13h00.00.144","S2.1ConstantTotalFinal","2020.1.3",60,"SICK",1480.55,"DILEMMA","Related",49.9900002,24,2,38,"Studied",NA,"PROBLEM"
"GA",1,"2020-07-26_13h00.00.144","S2.1ConstantTotalFinal","2020.1.3",60,"ROOF",3816.545,"KIDNAP","Unrelated",49.65499998,25,2,33,"Studied",NA,NA
"GA",1,"2020-07-26_13h00.00.144","S2.1ConstantTotalFinal","2020.1.3",60,"XXXXX",1566.89,"PICK","Related",49.59000018,26,2,NA,NA,NA,"CHOOSE"
"GA",1,"2020-07-26_13h00.00.144","S2.1ConstantTotalFinal","2020.1.3",60,"XXXXX",432.7100001,"BUTTER","Unrelated",50.25500013,27,2,NA,NA,NA,NA
"GA",1,"2020-07-26_13h00.00.144","S2.1ConstantTotalFinal","2020.1.3",60,"XXXXX",550.0449999,"STREET","Identical",49.97000005,28,2,NA,NA,NA,NA
"GA",1,"2020-07-26_13h00.00.144","S2.1ConstantTotalFinal","2020.1.3",60,"XXXXX",432.9599999,"CHAIN","Unrelated",48.75000007,29,2,NA,NA,NA,NA
"GA",1,"2020-07-26_13h00.00.144","S2.1ConstantTotalFinal","2020.1.3",60,"XXXXX",3134.285,"TENNIS","Unrelated",49.43500017,30,2,NA,NA,NA,NA
"GA",1,"2020-07-26_13h00.00.144","S2.1ConstantTotalFinal","2020.1.3",60,"XXXXX",1215.355,"READ","Unrelated",49.72500005,31,2,NA,NA,NA,NA
"GA",1,"2020-07-26_13h00.00.144","S2.1ConstantTotalFinal","2020.1.3",60,"XXXXX",433.5099999,"LESS","Unrelated",47.12,32,2,NA,NA,NA,NA
"GA",1,"2020-07-26_13h00.00.144","S2.1ConstantTotalFinal","2020.1.3",60,"XXXXX",2366.56,"CHIME","Related",49.90500002,33,2,NA,NA,NA,"BELL"
"GA",1,"2020-07-26_13h00.00.144","S2.1ConstantTotalFinal","2020.1.3",60,"XXXXX",4215.715,"SHOP","Related",48.19,34,2,NA,NA,NA,"STORE"
"GA",1,"2020-07-26_13h00.00.144","S2.1ConstantTotalFinal","2020.1.3",60,"XXXXX",3065.495,"SEIZE","Related",51.25000002,35,2,NA,NA,NA,"TAKE"
"GA",1,"2020-07-26_13h00.00.144","S2.1ConstantTotalFinal","2020.1.3",60,"XXXXX",2599.91,"CLARIFY","Related",51.21499998,36,2,NA,NA,NA,"CLEAR"
"GA",1,"2020-07-26_13h00.00.144","S2.1ConstantTotalFinal","2020.1.3",60,"XXXXX",1515.505,"WARM","Identical",48.74,37,2,NA,NA,NA,NA
"GA",1,"2020-07-26_13h00.00.144","S2.1ConstantTotalFinal","2020.1.3",60,"XXXXX",851.2550001,"TOUR","Unrelated",49.76999993,38,2,NA,NA,NA,NA
"GA",1,"2020-07-26_13h00.00.144","S2.1ConstantTotalFinal","2020.1.3",60,"XXXXX",734.74,"SEEK","Unrelated",50.35500019,39,2,NA,NA,NA,NA
"GA",1,"2020-07-26_13h00.00.144","S2.1ConstantTotalFinal","2020.1.3",60,"XXXXX",999.2950002,"SOAP","Unrelated",50.01999997,40,2,NA,NA,NA,NA
"GA",1,"2020-07-26_13h00.00.144","S2.1ConstantTotalFinal","2020.1.3",60,"XXXXX",4748.645,"CAPTAIN","Related",51.66499992,41,2,NA,NA,NA,"SHIP"
"GA",1,"2020-07-26_13h00.00.144","S2.1ConstantTotalFinal","2020.1.3",60,"XXXXX",1233.405,"ARGUE","Unrelated",48.80500003,42,2,NA,NA,NA,NA
"GA",1,"2020-07-26_13h00.00.144","S2.1ConstantTotalFinal","2020.1.3",60,"ANNOY",2448.435,"firstword","firstword",NA,1,3,1,"Studied",NA,NA
"GA",1,"2020-07-26_13h00.00.144","S2.1ConstantTotalFinal","2020.1.3",60,"TOCK",1400.92,"FOUND","Unrelated",48.81000007,2,3,2,"Studied",NA,NA
"GA",1,"2020-07-26_13h00.00.144","S2.1ConstantTotalFinal","2020.1.3",60,"MANY ",1034.385,"BEHIND","Unrelated",52.04500002,3,3,NA,NA,NA,NA
"GA",1,"2020-07-26_13h00.00.144","S2.1ConstantTotalFinal","2020.1.3",60,"EXCUSE",1815.515,"CLOCK","Unrelated",36.28499992,4,3,4,"Studied",NA,NA
"GA",1,"2020-07-26_13h00.00.144","S2.1ConstantTotalFinal","2020.1.3",60,"KNIFE",1184.89,"SAME","Identical",50.99499994,5,3,5,"Studied",NA,NA
"GA",1,"2020-07-26_13h00.00.144","S2.1ConstantTotalFinal","2020.1.3",60,"STAMP ",950.59,"SILVER","Identical",48.39999997,6,3,NA,NA,NA,NA
"GA",1,"2020-07-26_13h00.00.144","S2.1ConstantTotalFinal","2020.1.3",60,"PACKAGE",1157.165,"POTATO","Identical",48.64499997,7,3,7,"Studied",NA,NA
"GA",1,"2020-07-26_13h00.00.144","S2.1ConstantTotalFinal","2020.1.3",60,"RENT",884.055,"WRONG","Identical",51.10999988,8,3,8,"Studied",NA,NA
"GA",1,"2020-07-26_13h00.00.144","S2.1ConstantTotalFinal","2020.1.3",60,"EXACT",1067.095,"DRAW","Identical",49.49999996,9,3,9,"Studied",NA,NA
"GA",1,"2020-07-26_13h00.00.144","S2.1ConstantTotalFinal","2020.1.3",60,"DEATH ",1100.14,"TEETH","Unrelated",50.03999989,10,3,NA,NA,NA,NA
"GA",1,"2020-07-26_13h00.00.144","S2.1ConstantTotalFinal","2020.1.3",60,"TOOOL",1000.205,"MINUS","Unrelated",50.06499984,11,3,NA,NA,NA,NA
"GA",1,"2020-07-26_13h00.00.144","S2.1ConstantTotalFinal","2020.1.3",60,"TOOL",965.6,"ENTER","Unrelated",50.11499999,12,3,11,"Studied",NA,NA
"GA",1,"2020-07-26_13h00.00.144","S2.1ConstantTotalFinal","2020.1.3",60,"RAIN",1150.735,"INTENT","Related",49.66999986,13,3,12,"Studied",NA,"PURPOSE"
"GA",1,"2020-07-26_13h00.00.144","S2.1ConstantTotalFinal","2020.1.3",60,"DRUGS",1202.51,"ADDICT","Related",48.82000014,14,3,13,"Studied",NA,"DRUGS"
"GA",1,"2020-07-26_13h00.00.144","S2.1ConstantTotalFinal","2020.1.3",60,"SCISSORS",1834.605,"SHERIFF","Identical",52.80000018,15,3,15,"Studied",NA,NA
"GA",1,"2020-07-26_13h00.00.144","S2.1ConstantTotalFinal","2020.1.3",60,"SILVER",1065.58,"WORST","Unrelated",49.9199999,16,3,16,"Studied","Identical",NA
"GA",1,"2020-07-26_13h00.00.144","S2.1ConstantTotalFinal","2020.1.3",60,"SPIT",2350.13,"PLANT","Unrelated",50.38999999,17,3,18,"Studied",NA,NA
"GA",1,"2020-07-26_13h00.00.144","S2.1ConstantTotalFinal","2020.1.3",60,"SLIDE",1199.28,"ADULT","Related",51.11000012,18,3,19,"Studied",NA,"CHILD"
"GA",1,"2020-07-26_13h00.00.144","S2.1ConstantTotalFinal","2020.1.3",60,"XXXXX",2782.265,"DEATH","Identical",51.07000005,19,3,NA,NA,NA,NA
"GA",1,"2020-07-26_13h00.00.144","S2.1ConstantTotalFinal","2020.1.3",60,"CHILD",2984.1,"POSTAGE","Related",35.69999989,20,3,20,"Studied",NA,"STAMP"
"GA",1,"2020-07-26_13h00.00.144","S2.1ConstantTotalFinal","2020.1.3",60,"TRAILER",1250.665,"AIRPORT","Related",48.80500003,21,3,21,"Studied",NA,"PLANE "
"GA",1,"2020-07-26_13h00.00.144","S2.1ConstantTotalFinal","2020.1.3",60,"POTATO",4983.27,"ZEBRA","Related",48.62500005,22,3,32,"Studied","Identical","STRIPE"
"GA",1,"2020-07-26_13h00.00.144","S2.1ConstantTotalFinal","2020.1.3",60,"WRONG",1000.03,"PEPPER","Unrelated",50.34999992,23,3,33,"Studied","Identical",NA
"GA",1,"2020-07-26_13h00.00.144","S2.1ConstantTotalFinal","2020.1.3",60,"STRIPE",1533.255,"DISLIKE","Related",50.605,24,3,23,"Studied",NA,"HATE"
"GA",1,"2020-07-26_13h00.00.144","S2.1ConstantTotalFinal","2020.1.3",60,"PURPOSE",1549.645,"BUSH","Identical",50.92000007,25,3,22,"Studied",NA,NA
"GA",1,"2020-07-26_13h00.00.144","S2.1ConstantTotalFinal","2020.1.3",60,"WRONG",1533.245,"CIRCUS","Related",51.53000006,26,3,33,"Studied","Identical","CLOWN"
"GA",1,"2020-07-26_13h00.00.144","S2.1ConstantTotalFinal","2020.1.3",60,"THANKS",1315.695,"SHOVE","Unrelated",51.43500003,27,3,34,"Studied",NA,NA
"GA",1,"2020-07-26_13h00.00.144","S2.1ConstantTotalFinal","2020.1.3",60,"THIN",2282.735,"PART","Related",50.50000013,28,3,35,"Studied",NA,"PIECE"
"GA",1,"2020-07-26_13h00.00.144","S2.1ConstantTotalFinal","2020.1.3",60,"PIECE",3548.29,"QUIET","Identical",50.89000007,29,3,36,"Studied",NA,NA
"GA",1,"2020-07-26_13h00.00.144","S2.1ConstantTotalFinal","2020.1.3",60,"NECK",4716.97,"DISAGREE","Identical",50.96499994,30,3,37,"Studied",NA,NA
"GA",1,"2020-07-26_13h00.00.144","S2.1ConstantTotalFinal","2020.1.3",60,"HATE",4065.825,"FINGER","Unrelated",49.535,31,3,39,"Studied",NA,NA
"GA",1,"2020-07-26_13h00.00.144","S2.1ConstantTotalFinal","2020.1.3",60,"SHALLOW",2048.685,"CARD","Identical",51.23999994,32,3,40,"Studied",NA,NA
"GA",1,"2020-07-26_13h00.00.144","S2.1ConstantTotalFinal","2020.1.3",60,"MANY",1133.075,"THROW","Unrelated",51.1599998,33,3,3,"Studied",NA,NA
"GA",1,"2020-07-26_13h00.00.144","S2.1ConstantTotalFinal","2020.1.3",60,"QUIET",1215.315,"CLOSE","Unrelated",66.445,34,3,42,"Studied","Identical",NA
"GA",1,"2020-07-26_13h00.00.144","S2.1ConstantTotalFinal","2020.1.3",60,"XXXXX",618.915,"VOTE","Identical",50.36999984,35,3,NA,NA,NA,NA
"GA",1,"2020-07-26_13h00.00.144","S2.1ConstantTotalFinal","2020.1.3",60,"XXXXX",351.425,"SPOON","Unrelated",50.17000018,36,3,NA,NA,NA,NA
"GA",1,"2020-07-26_13h00.00.144","S2.1ConstantTotalFinal","2020.1.3",60,"XXXXX",725.5499999,"YOUTH","Related",48.73499996,37,3,NA,NA,NA,"YOUNG"
"GA",1,"2020-07-26_13h00.00.144","S2.1ConstantTotalFinal","2020.1.3",60,"XXXXX",1332,"SHORT","Unrelated",51.47000006,38,3,NA,NA,NA,NA
"GA",1,"2020-07-26_13h00.00.144","S2.1ConstantTotalFinal","2020.1.3",60,"XXXXX",632.2550001,"ENGAGE","Related",49.70500013,39,3,NA,NA,NA,"MARRY"
"GA",1,"2020-07-26_13h00.00.144","S2.1ConstantTotalFinal","2020.1.3",60,"XXXXX",783.875,"GENUINE","Related",51.45000014,40,3,NA,NA,NA,"REAL"
"GA",1,"2020-07-26_13h00.00.144","S2.1ConstantTotalFinal","2020.1.3",60,"XXXXX",350.8899999,"CANCER","Unrelated",50.20000017,41,3,NA,NA,NA,NA
"GA",1,"2020-07-26_13h00.00.144","S2.1ConstantTotalFinal","2020.1.3",60,"XXXXX",632.375,"HORSE","Unrelated",48.36499994,42,3,NA,NA,NA,NA
"GA",1,"2020-07-26_13h00.00.144","S2.1ConstantTotalFinal","2020.1.3",60,"STUPID",2915.985,"firstword","firstword",NA,1,4,1,"Studied",NA,NA
"GA",1,"2020-07-26_13h00.00.144","S2.1ConstantTotalFinal","2020.1.3",60,"STRESS",1849.145,"LADDER","Related",50.37999991,2,4,2,"Studied",NA,"CLIMB"
"GA",1,"2020-07-26_13h00.00.144","S2.1ConstantTotalFinal","2020.1.3",60,"DOCTOR",1233.35,"DAGGER","Unrelated",47.13000008,3,4,4,"Studied",NA,NA
"GA",1,"2020-07-26_13h00.00.144","S2.1ConstantTotalFinal","2020.1.3",60,"PENNY",1416.57,"LOAF","Related",48.80499979,4,4,3,"Studied",NA,"BREAD"
"GA",1,"2020-07-26_13h00.00.144","S2.1ConstantTotalFinal","2020.1.3",60,"GRAND",1419.905,"SELLER","Unrelated",50.13499991,5,4,17,"Studied",NA,NA
"GA",1,"2020-07-26_13h00.00.144","S2.1ConstantTotalFinal","2020.1.3",60,"BIKE",850.3349999,"SHEETS","Unrelated",50.21500005,6,4,7,"Studied",NA,NA
"GA",1,"2020-07-26_13h00.00.144","S2.1ConstantTotalFinal","2020.1.3",60,"GRAVE",3264.6,"STEAL","Identical",50.25000009,7,4,19,"Studied",NA,NA
"GA",1,"2020-07-26_13h00.00.144","S2.1ConstantTotalFinal","2020.1.3",60,"LIGHT",1032.995,"BRAIN","Identical",49.97499986,8,4,20,"Studied",NA,NA
"GA",1,"2020-07-26_13h00.00.144","S2.1ConstantTotalFinal","2020.1.3",60,"WOOD",809.2350001,"BOMB","Unrelated",49.57500007,9,4,6,"Studied",NA,NA
"GA",1,"2020-07-26_13h00.00.144","S2.1ConstantTotalFinal","2020.1.3",60,"LIGHT ",2353.815,"SHIRT","Identical",48.78499988,10,4,NA,NA,NA,NA
"GA",1,"2020-07-26_13h00.00.144","S2.1ConstantTotalFinal","2020.1.3",60,"BABY ",4333.515,"GROSS","Unrelated",48.99000004,11,4,NA,NA,NA,NA
"GA",1,"2020-07-26_13h00.00.144","S2.1ConstantTotalFinal","2020.1.3",60,"CLASS",1932.49,"TWELVE","Unrelated",50.38999999,12,4,11,"Studied",NA,NA
"GA",1,"2020-07-26_13h00.00.144","S2.1ConstantTotalFinal","2020.1.3",60,"CELL",1216.17,"RIGHT","Unrelated",51.37,13,4,12,"Studied",NA,NA
"GA",1,"2020-07-26_13h00.00.144","S2.1ConstantTotalFinal","2020.1.3",60,"TOOTH",1532.98,"BENEATH","Related",48.64000017,14,4,13,"Studied",NA,"UNDER"
"GA",1,"2020-07-26_13h00.00.144","S2.1ConstantTotalFinal","2020.1.3",60,"GRAND",5332.52,"EXPLODE","Identical",48.56500006,15,4,17,"Studied",NA,NA
"GA",1,"2020-07-26_13h00.00.144","S2.1ConstantTotalFinal","2020.1.3",60,"SPOTS",4067.645,"NEPHEW","Unrelated",49.81,16,4,24,"Studied",NA,NA
"GA",1,"2020-07-26_13h00.00.144","S2.1ConstantTotalFinal","2020.1.3",60,"FAKE",1066.32,"WASP","Related",48.70499996,17,4,22,"Studied",NA,"STING"
"GA",1,"2020-07-26_13h00.00.144","S2.1ConstantTotalFinal","2020.1.3",60,"BREAD",915.795,"CRACKER","Unrelated",49.75000001,18,4,41,"Studied",NA,NA
"GA",1,"2020-07-26_13h00.00.144","S2.1ConstantTotalFinal","2020.1.3",60,"STEAL",2000.89,"RULE","Identical",47.395,19,4,42,"Studied","Identical",NA
"GA",1,"2020-07-26_13h00.00.144","S2.1ConstantTotalFinal","2020.1.3",60,"TOUCH ",2465.595,"AGAIN","Related",50.0599998,20,4,NA,NA,NA,"REPEAT"
"GA",1,"2020-07-26_13h00.00.144","S2.1ConstantTotalFinal","2020.1.3",60,"MILK ",1416.33,"INFANT","Related",48.42999997,21,4,NA,NA,NA,"BABY"
"GA",1,"2020-07-26_13h00.00.144","S2.1ConstantTotalFinal","2020.1.3",60,"ROSE",866.53,"WORK","Unrelated",48.72500012,22,4,30,"Studied",NA,NA
"GA",1,"2020-07-26_13h00.00.144","S2.1ConstantTotalFinal","2020.1.3",60,"UNDER",2034.585,"PICKLE","Unrelated",48.67000016,23,4,15,"Studied",NA,NA
"GA",1,"2020-07-26_13h00.00.144","S2.1ConstantTotalFinal","2020.1.3",60,"REPEAT",1085.7,"ARMS","Identical",48.76999999,24,4,35,"Studied",NA,NA
"GA",1,"2020-07-26_13h00.00.144","S2.1ConstantTotalFinal","2020.1.3",60,"BRAIN",2166.295,"LAWYER","Unrelated",49.00000012,25,4,31,"Studied","Identical",NA
"GA",1,"2020-07-26_13h00.00.144","S2.1ConstantTotalFinal","2020.1.3",60,"EXPLODE",4583.635,"DREAM","Unrelated",49.80000015,26,4,40,"Studied","Identical",NA
"GA",1,"2020-07-26_13h00.00.144","S2.1ConstantTotalFinal","2020.1.3",60,"XXXXX",683.6099999,"SUBJECT","Identical",50.31000008,27,4,NA,NA,NA,NA
"GA",1,"2020-07-26_13h00.00.144","S2.1ConstantTotalFinal","2020.1.3",60,"XXXXX",332.92,"STORY","Unrelated",50.44999998,28,4,NA,NA,NA,NA
"GA",1,"2020-07-26_13h00.00.144","S2.1ConstantTotalFinal","2020.1.3",60,"XXXXX",149.4700001,"SHIFT","Related",48.78500011,29,4,NA,NA,NA,"MOVE"
"GA",1,"2020-07-26_13h00.00.144","S2.1ConstantTotalFinal","2020.1.3",60,"XXXXX",98.35999995,"TOWN","Identical",50.27000001,30,4,NA,NA,NA,NA
"GA",1,"2020-07-26_13h00.00.144","S2.1ConstantTotalFinal","2020.1.3",60,"XXXXX",767.585,"DAYS","Related",50.31000008,31,4,NA,NA,NA,"NIGHTS"
"GA",1,"2020-07-26_13h00.00.144","S2.1ConstantTotalFinal","2020.1.3",60,"XXXXX",17.26499991,"YELLOW","Unrelated",51.03999982,32,4,NA,NA,NA,NA
"GA",1,"2020-07-26_13h00.00.144","S2.1ConstantTotalFinal","2020.1.3",60,"XXXXX",534.3450001,"GALLON","Related",36.1899999,33,4,NA,NA,NA,"MILK"
"GA",1,"2020-07-26_13h00.00.144","S2.1ConstantTotalFinal","2020.1.3",60,"XXXXX",277.795,"OUTTAKE","Unrelated",50.54999981,34,4,NA,NA,NA,NA
"GA",1,"2020-07-26_13h00.00.144","S2.1ConstantTotalFinal","2020.1.3",60,"XXXXX",117.7449999,"WRITE","Identical",50.1900001,35,4,NA,NA,NA,NA
"GA",1,"2020-07-26_13h00.00.144","S2.1ConstantTotalFinal","2020.1.3",60,"XXXXX",524.2000001,"LAMB","Related",49.76999993,36,4,NA,NA,NA,"SHEEP"
"GA",1,"2020-07-26_13h00.00.144","S2.1ConstantTotalFinal","2020.1.3",60,"XXXXX",533.965,"ESTEEM","Related",50.17000018,37,4,NA,NA,NA,"SELF"
"GA",1,"2020-07-26_13h00.00.144","S2.1ConstantTotalFinal","2020.1.3",60,"GUILT",1134.435,"SKIN","Identical",50.10499991,38,4,39,"Studied",NA,NA
"GA",1,"2020-07-26_13h00.00.144","S2.1ConstantTotalFinal","2020.1.3",60,"XXXXX",359.6099999,"MATH","Identical",50.01999997,39,4,NA,NA,NA,NA
"GA",1,"2020-07-26_13h00.00.144","S2.1ConstantTotalFinal","2020.1.3",60,"XXXXX",2001.02,"KNIT","Identical",48.01500007,40,4,NA,NA,NA,NA
"GA",1,"2020-07-26_13h00.00.144","S2.1ConstantTotalFinal","2020.1.3",60,"XXXXX",417.4799998,"PROPER","Identical",49.09999995,41,4,NA,NA,NA,NA
"GA",1,"2020-07-26_13h00.00.144","S2.1ConstantTotalFinal","2020.1.3",60,"XXXXX",399.245,"BEACH","Unrelated",48.31999983,42,4,NA,NA,NA,NA
