"participant","session","date","expName","psychopyVersion","frameRate","RecalledWord","RT","Prime","PrimeCon","PrimeDuration","OutputPosition","Block","StudyPosition","Studied","PrimeRecalledCondition","PrimeFor"
"HH",1,"2020-09-30_12h00.39.306","S1.2ConstantTotalFinal","2020.1.3",60,"SOAP",1233.515,"firstword","firstword",NA,1,1,17,"Studied",NA,NA
"HH",1,"2020-09-30_12h00.39.306","S1.2ConstantTotalFinal","2020.1.3",60,"KIDNAP",1816.905,"SUMMER","Related",49.64499999,2,1,2,"Studied",NA,"WINTER"
"HH",1,"2020-09-30_12h00.39.306","S1.2ConstantTotalFinal","2020.1.3",60,"HUNGER",1234.805,"MIDDLE","Identical",48.48499999,3,1,6,"Studied",NA,NA
"HH",1,"2020-09-30_12h00.39.306","S1.2ConstantTotalFinal","2020.1.3",60,"THIRST",2367.02,"DEBATE","Related",48.8,4,1,22,"Studied",NA,"ARGUE"
"HH",1,"2020-09-30_12h00.39.306","S1.2ConstantTotalFinal","2020.1.3",60,"ALIVE",1200.2,"BRANCH","Identical",51.74000001,5,1,5,"Studied",NA,NA
"HH",1,"2020-09-30_12h00.39.306","S1.2ConstantTotalFinal","2020.1.3",60,"TOUR",1966.845,"MEDIA","Related",50.09999999,6,1,41,"Studied",NA,"NEWS"
"HH",1,"2020-09-30_12h00.39.306","S1.2ConstantTotalFinal","2020.1.3",60,"LESS",1533.455,"FAST","Related",49.545,7,1,29,"Studied",NA,"SLOW"
"HH",1,"2020-09-30_12h00.39.306","S1.2ConstantTotalFinal","2020.1.3",60,"MOST",1599.69,"LEAST","Related",49.765,8,1,1,"Studied",NA,"MOST"
"HH",1,"2020-09-30_12h00.39.306","S1.2ConstantTotalFinal","2020.1.3",60,"BAR",1433.84,"HAIR","Unrelated",51.575,9,1,NA,NA,NA,NA
"HH",1,"2020-09-30_12h00.39.306","S1.2ConstantTotalFinal","2020.1.3",60,"BOARD",2751.005,"HEAR","Unrelated",50.24500001,10,1,NA,NA,"Unrelated",NA
"HH",1,"2020-09-30_12h00.39.306","S1.2ConstantTotalFinal","2020.1.3",60,"PURPLE",3483.29,"TUTU","Related",46.37000001,11,1,9,"Studied",NA,"BALLET"
"HH",1,"2020-09-30_12h00.39.306","S1.2ConstantTotalFinal","2020.1.3",60,"VERB",1883.515,"WAITER","Identical",50,12,1,30,"Studied",NA,NA
"HH",1,"2020-09-30_12h00.39.306","S1.2ConstantTotalFinal","2020.1.3",60,"XXXXX",8002.75,"BOOK","Related",48.975,13,1,NA,NA,NA,"READ"
"HH",1,"2020-09-30_12h00.39.306","S1.2ConstantTotalFinal","2020.1.3",60,"BOOK",5665.4,"LINK","Related",48.52,14,1,NA,NA,"Related","CHAIN"
"HH",1,"2020-09-30_12h00.39.306","S1.2ConstantTotalFinal","2020.1.3",60,"XXXXX",7999.125,"DINNER","Related",50.44000001,15,1,NA,NA,NA,"SUPPER"
"HH",1,"2020-09-30_12h00.39.306","S1.2ConstantTotalFinal","2020.1.3",60,"XXXXX",8001.535,"NOSE","Identical",48.62,16,1,NA,NA,NA,NA
"HH",1,"2020-09-30_12h00.39.306","S1.2ConstantTotalFinal","2020.1.3",60,"XXXXX",8000.74,"HURT","Related",50.29999999,17,1,NA,NA,NA,"PAIN"
"HH",1,"2020-09-30_12h00.39.306","S1.2ConstantTotalFinal","2020.1.3",60,"XXXXX",8000.5,"VOLCANO","Unrelated",49.69,18,1,NA,NA,NA,NA
"HH",1,"2020-09-30_12h00.39.306","S1.2ConstantTotalFinal","2020.1.3",60,"XXXXX",8000.685,"BOARD","Unrelated",50.11500001,19,1,NA,NA,NA,NA
"HH",1,"2020-09-30_12h00.39.306","S1.2ConstantTotalFinal","2020.1.3",60,"XXXXX",364.995,"WARM","Unrelated",50.96499999,20,1,NA,NA,NA,NA
"HH",1,"2020-09-30_12h00.39.306","S1.2ConstantTotalFinal","2020.1.3",60,"XXXXX",315.715,"BORROW","Identical",50.52999999,21,1,NA,NA,NA,NA
"HH",1,"2020-09-30_12h00.39.306","S1.2ConstantTotalFinal","2020.1.3",60,"XXXXX",317.63,"LAST","Related",49.95,22,1,NA,NA,NA,"FIRST"
"HH",1,"2020-09-30_12h00.39.306","S1.2ConstantTotalFinal","2020.1.3",60,"XXXXX",350.08,"PROBLEM","Unrelated",49.99499999,23,1,NA,NA,NA,NA
"HH",1,"2020-09-30_12h00.39.306","S1.2ConstantTotalFinal","2020.1.3",60,"XXXXX",315.145,"TAME","Related",48.255,24,1,NA,NA,NA,"WILD"
"HH",1,"2020-09-30_12h00.39.306","S1.2ConstantTotalFinal","2020.1.3",60,"XXXXX",701.635,"TOES","Identical",49.25000001,25,1,NA,NA,NA,NA
"HH",1,"2020-09-30_12h00.39.306","S1.2ConstantTotalFinal","2020.1.3",60,"XXXXX",633.13,"COBWEB","Related",48.14499999,26,1,NA,NA,NA,"SPIDER"
"HH",1,"2020-09-30_12h00.39.306","S1.2ConstantTotalFinal","2020.1.3",60,"XXXXX",6849.29,"HIDE","Related",50.13,27,1,NA,NA,NA,"SEEK"
"HH",1,"2020-09-30_12h00.39.306","S1.2ConstantTotalFinal","2020.1.3",60,"XXXXX",6633.715,"ARMY","Related",48.41,28,1,NA,NA,NA,"NAVY"
"HH",1,"2020-09-30_12h00.39.306","S1.2ConstantTotalFinal","2020.1.3",60,"XXXXX",150.145,"RACKET","Related",49.87999999,29,1,NA,NA,NA,"TENNIS"
"HH",1,"2020-09-30_12h00.39.306","S1.2ConstantTotalFinal","2020.1.3",60,"PASSENGER",3167.955,"STATES","Identical",51.23499999,30,1,NA,NA,NA,NA
"HH",1,"2020-09-30_12h00.39.306","S1.2ConstantTotalFinal","2020.1.3",60,"XXXXX",366.24,"LOVE","Unrelated",55.58,31,1,NA,NA,NA,NA
"HH",1,"2020-09-30_12h00.39.306","S1.2ConstantTotalFinal","2020.1.3",60,"XXXXX",233.44,"CLUE","Identical",51.44499999,32,1,NA,NA,NA,NA
"HH",1,"2020-09-30_12h00.39.306","S1.2ConstantTotalFinal","2020.1.3",60,"XXXXX",215.025,"JACKET","Unrelated",49.39499999,33,1,NA,NA,NA,NA
"HH",1,"2020-09-30_12h00.39.306","S1.2ConstantTotalFinal","2020.1.3",60,"XXXXX",266.83,"GLANCE","Related",50.16499999,34,1,NA,NA,NA,"LOOK"
"HH",1,"2020-09-30_12h00.39.306","S1.2ConstantTotalFinal","2020.1.3",60,"XXXXX",516.915,"BREAK","Unrelated",49.31,35,1,NA,NA,NA,NA
"HH",1,"2020-09-30_12h00.39.306","S1.2ConstantTotalFinal","2020.1.3",60,"XXXXX",279.795,"BUTTER","Identical",49.98,36,1,NA,NA,NA,NA
"HH",1,"2020-09-30_12h00.39.306","S1.2ConstantTotalFinal","2020.1.3",60,"XXXXX",34.03,"MOTHER","Identical",49.42,37,1,NA,NA,NA,NA
"HH",1,"2020-09-30_12h00.39.306","S1.2ConstantTotalFinal","2020.1.3",60,"XXXXX",166.43,"QUIZ","Related",36.565,38,1,NA,NA,NA,"TEST"
"HH",1,"2020-09-30_12h00.39.306","S1.2ConstantTotalFinal","2020.1.3",60,"XXXXX",183.435,"GAME","Unrelated",49.94500001,39,1,NA,NA,NA,NA
"HH",1,"2020-09-30_12h00.39.306","S1.2ConstantTotalFinal","2020.1.3",60,"XXXXX",3366.35,"FOOD","Unrelated",48.43,40,1,NA,NA,NA,NA
"HH",1,"2020-09-30_12h00.39.306","S1.2ConstantTotalFinal","2020.1.3",60,"XXXXX",151.735,"DRESS","Unrelated",51.07,41,1,NA,NA,NA,NA
"HH",1,"2020-09-30_12h00.39.306","S1.2ConstantTotalFinal","2020.1.3",60,"XXXXX",148.815,"EXHALE","Related",49.17,42,1,NA,NA,NA,"INHALE"
"HH",1,"2020-09-30_12h00.39.306","S1.2ConstantTotalFinal","2020.1.3",60,"LEAVES",1448.06,"firstword","firstword",NA,1,2,33,"Studied",NA,NA
"HH",1,"2020-09-30_12h00.39.306","S1.2ConstantTotalFinal","2020.1.3",60,"ANIMAL",1716.995,"AUNT","Related",49.53,2,2,34,"Studied",NA,"UNCLE"
"HH",1,"2020-09-30_12h00.39.306","S1.2ConstantTotalFinal","2020.1.3",60,"HORSE",1683.36,"WHOLE","Identical",48.135,3,2,40,"Studied",NA,NA
"HH",1,"2020-09-30_12h00.39.306","S1.2ConstantTotalFinal","2020.1.3",60,"TIGER",1015.465,"DOLLAR","Identical",48.58,4,2,6,"Studied",NA,NA
"HH",1,"2020-09-30_12h00.39.306","S1.2ConstantTotalFinal","2020.1.3",60,"SHARK",1099.735,"FOUND","Identical",52.605,5,2,37,"Studied",NA,NA
"HH",1,"2020-09-30_12h00.39.306","S1.2ConstantTotalFinal","2020.1.3",60,"MEAN",966.83,"MANY","Unrelated",49.965,6,2,1,"Studied",NA,NA
"HH",1,"2020-09-30_12h00.39.306","S1.2ConstantTotalFinal","2020.1.3",60,"CORAL",1151.425,"GUMS","Related",49.96,7,2,2,"Studied",NA,"TEETH"
"HH",1,"2020-09-30_12h00.39.306","S1.2ConstantTotalFinal","2020.1.3",60,"CANCER",1485.18,"RAIN","Unrelated",49.35999999,8,2,18,"Studied",NA,NA
"HH",1,"2020-09-30_12h00.39.306","S1.2ConstantTotalFinal","2020.1.3",60,"MINUTE",1249.865,"THERE","Identical",49.72,9,2,9,"Studied",NA,NA
"HH",1,"2020-09-30_12h00.39.306","S1.2ConstantTotalFinal","2020.1.3",60,"CLOCK",1200.12,"MARRY","Unrelated",47.53,10,2,10,"Studied",NA,NA
"HH",1,"2020-09-30_12h00.39.306","S1.2ConstantTotalFinal","2020.1.3",60,"EARLY",2300.475,"POTATO","Unrelated",50.48999999,11,2,11,"Studied",NA,NA
"HH",1,"2020-09-30_12h00.39.306","S1.2ConstantTotalFinal","2020.1.3",60,"BEFORE",1282.15,"BEST","Related",49.92,12,2,26,"Studied",NA,"WORST"
"HH",1,"2020-09-30_12h00.39.306","S1.2ConstantTotalFinal","2020.1.3",60,"BEHIND",1118.17,"EXCUSE","Unrelated",48.14999999,13,2,29,"Studied",NA,NA
"HH",1,"2020-09-30_12h00.39.306","S1.2ConstantTotalFinal","2020.1.3",60,"FOUND",1098.39,"QUEEN","Identical",48.91,14,2,38,"Studied","Identical",NA
"HH",1,"2020-09-30_12h00.39.306","S1.2ConstantTotalFinal","2020.1.3",60,"THERE",1049.855,"TOSS","Related",50.055,15,2,13,"Studied","Identical","THROW"
"HH",1,"2020-09-30_12h00.39.306","S1.2ConstantTotalFinal","2020.1.3",60,"YOURS",1201.735,"DRAW","Unrelated",50.11500001,16,2,21,"Studied",NA,NA
"HH",1,"2020-09-30_12h00.39.306","S1.2ConstantTotalFinal","2020.1.3",60,"SHOVE",1401.64,"FENCE","Identical",49.495,17,2,7,"Studied",NA,NA
"HH",1,"2020-09-30_12h00.39.306","S1.2ConstantTotalFinal","2020.1.3",60,"GIRLS",1415.67,"LEMON","Identical",48.675,18,2,36,"Studied",NA,NA
"HH",1,"2020-09-30_12h00.39.306","S1.2ConstantTotalFinal","2020.1.3",60,"SPOON",8000.43,"OFFICE","Identical",49.715,19,2,31,"Studied",NA,NA
"HH",1,"2020-09-30_12h00.39.306","S1.2ConstantTotalFinal","2020.1.3",60,"WHOLE",1915.335,"HATE","Unrelated",49.935,20,2,15,"Studied","Identical",NA
"HH",1,"2020-09-30_12h00.39.306","S1.2ConstantTotalFinal","2020.1.3",60,"XXXXX",8000.28,"SPIT","Unrelated",48.21000001,21,2,NA,NA,NA,NA
"HH",1,"2020-09-30_12h00.39.306","S1.2ConstantTotalFinal","2020.1.3",60,"XXXXX",8001.27,"EXIT","Related",49.55000001,22,2,NA,NA,NA,"ENTER"
"HH",1,"2020-09-30_12h00.39.306","S1.2ConstantTotalFinal","2020.1.3",60,"WO",8002.29,"PLUS","Related",48.92500001,23,2,NA,NA,NA,"MINUS"
"HH",1,"2020-09-30_12h00.39.306","S1.2ConstantTotalFinal","2020.1.3",60,"WORST",1233.415,"FINGER","Identical",49.93499999,24,2,41,"Studied",NA,NA
"HH",1,"2020-09-30_12h00.39.306","S1.2ConstantTotalFinal","2020.1.3",60,"XXXXX",7998.71,"DIAL","Related",48.18499999,25,2,NA,NA,NA,"PHONE"
"HH",1,"2020-09-30_12h00.39.306","S1.2ConstantTotalFinal","2020.1.3",60,"XXXXX",2650.405,"OPEN","Related",48.23499999,26,2,NA,NA,NA,"CLOSE"
"HH",1,"2020-09-30_12h00.39.306","S1.2ConstantTotalFinal","2020.1.3",60,"XXXXX",567.505,"QUIET","Unrelated",48.325,27,2,NA,NA,NA,NA
"HH",1,"2020-09-30_12h00.39.306","S1.2ConstantTotalFinal","2020.1.3",60,"XXXXX",132.715,"KNIFE","Unrelated",49.745,28,2,NA,NA,NA,NA
"HH",1,"2020-09-30_12h00.39.306","S1.2ConstantTotalFinal","2020.1.3",60,"XXXXX",218.275,"CARD","Unrelated",51.595,29,2,NA,NA,NA,NA
"HH",1,"2020-09-30_12h00.39.306","S1.2ConstantTotalFinal","2020.1.3",60,"XXXXX",167.015,"WHERE","Identical",50.26,30,2,NA,NA,NA,NA
"HH",1,"2020-09-30_12h00.39.306","S1.2ConstantTotalFinal","2020.1.3",60,"XXXXX",50.015,"ROCK","Identical",51.02,31,2,NA,NA,NA,NA
"HH",1,"2020-09-30_12h00.39.306","S1.2ConstantTotalFinal","2020.1.3",60,"XXXXX",235.155,"SHORT","Identical",50.05999999,32,2,NA,NA,NA,NA
"HH",1,"2020-09-30_12h00.39.306","S1.2ConstantTotalFinal","2020.1.3",60,"XXXXX",33.40500001,"SEED","Related",49.91,33,2,NA,NA,NA,"PLANT"
"HH",1,"2020-09-30_12h00.39.306","S1.2ConstantTotalFinal","2020.1.3",60,"XXXXX",217.495,"FLEX","Related",51.565,34,2,NA,NA,NA,"MUSCLE"
"HH",1,"2020-09-30_12h00.39.306","S1.2ConstantTotalFinal","2020.1.3",60,"XXXXX",4484.26,"SILVER","Unrelated",51.66499999,35,2,NA,NA,NA,NA
"HH",1,"2020-09-30_12h00.39.306","S1.2ConstantTotalFinal","2020.1.3",60,"XXXXX",451.8,"EXACT","Unrelated",49.015,36,2,NA,NA,NA,NA
"HH",1,"2020-09-30_12h00.39.306","S1.2ConstantTotalFinal","2020.1.3",60,"XXXXX",318.475,"PEPPER","Identical",50.00999999,37,2,NA,NA,NA,NA
"HH",1,"2020-09-30_12h00.39.306","S1.2ConstantTotalFinal","2020.1.3",60,"XXXXX",101.925,"THANKS","Unrelated",49.10999999,38,2,NA,NA,NA,NA
"HH",1,"2020-09-30_12h00.39.306","S1.2ConstantTotalFinal","2020.1.3",60,"XXXXX",68.16499999,"WEED","Related",50.22999999,39,2,NA,NA,NA,"GRASS"
"HH",1,"2020-09-30_12h00.39.306","S1.2ConstantTotalFinal","2020.1.3",60,"XXXXX",1516.865,"QUART","Identical",50.015,40,2,NA,NA,NA,NA
"HH",1,"2020-09-30_12h00.39.306","S1.2ConstantTotalFinal","2020.1.3",60,"XXXXX",232.43,"BUSH","Unrelated",51.06499999,41,2,NA,NA,NA,NA
"HH",1,"2020-09-30_12h00.39.306","S1.2ConstantTotalFinal","2020.1.3",60,"XXXXX",118.605,"DEATH","Unrelated",49.14999999,42,2,NA,NA,NA,NA
"HH",1,"2020-09-30_12h00.39.306","S1.2ConstantTotalFinal","2020.1.3",60,"SELLER",1101.6,"firstword","firstword",NA,1,3,41,"Studied",NA,NA
"HH",1,"2020-09-30_12h00.39.306","S1.2ConstantTotalFinal","2020.1.3",60,"MONEY",1082.645,"MONEY","Identical",49.455,2,3,28,"Studied","Identical",NA
"HH",1,"2020-09-30_12h00.39.306","S1.2ConstantTotalFinal","2020.1.3",60,"LAWYER",1149.895,"PICKLE","Identical",49.94500001,3,3,29,"Studied",NA,NA
"HH",1,"2020-09-30_12h00.39.306","S1.2ConstantTotalFinal","2020.1.3",60,"BOMB",1133.56,"NUMBER","Identical",50.795,4,3,5,"Studied",NA,NA
"HH",1,"2020-09-30_12h00.39.306","S1.2ConstantTotalFinal","2020.1.3",60,"DAGGER",1748.62,"CLAM","Identical",49.53,5,3,3,"Studied",NA,NA
"HH",1,"2020-09-30_12h00.39.306","S1.2ConstantTotalFinal","2020.1.3",60,"CHANGE",1165.175,"IMAGINE","Related",54.92,6,3,4,"Studied",NA,"DREAM"
"HH",1,"2020-09-30_12h00.39.306","S1.2ConstantTotalFinal","2020.1.3",60,"TWELVE",1866.355,"TULIP","Related",49.97000001,7,3,14,"Studied",NA,"FLOWER"
"HH",1,"2020-09-30_12h00.39.306","S1.2ConstantTotalFinal","2020.1.3",60,"NUMBER",1400.4,"WIDTH","Related",49.4,8,3,39,"Studied","Identical","LENGTH"
"HH",1,"2020-09-30_12h00.39.306","S1.2ConstantTotalFinal","2020.1.3",60,"YELLOW",1435.07,"INMATE","Related",44.505,9,3,40,"Studied",NA,"JAIL"
"HH",1,"2020-09-30_12h00.39.306","S1.2ConstantTotalFinal","2020.1.3",60,"ORANGE",1234.895,"BANJO","Related",50.32,10,3,36,"Studied",NA,"GUITAR"
"HH",1,"2020-09-30_12h00.39.306","S1.2ConstantTotalFinal","2020.1.3",60,"NEPHEW",3150.755,"EGGS","Identical",48.59000001,11,3,18,"Studied",NA,NA
"HH",1,"2020-09-30_12h00.39.306","S1.2ConstantTotalFinal","2020.1.3",60,"FLOWER",1266.13,"DIME","Related",49.875,12,3,37,"Studied",NA,"NICKEL"
"HH",1,"2020-09-30_12h00.39.306","S1.2ConstantTotalFinal","2020.1.3",60,"JAIL",1951.92,"FRIGHT","Identical",51.12,13,3,10,"Studied",NA,NA
"HH",1,"2020-09-30_12h00.39.306","S1.2ConstantTotalFinal","2020.1.3",60,"EGGS",1545.78,"HYMN","Related",49.47500001,14,3,9,"Studied","Identical","SONG"
"HH",1,"2020-09-30_12h00.39.306","S1.2ConstantTotalFinal","2020.1.3",60,"BEACH",1434.245,"TOUCH","Unrelated",49.915,15,3,19,"Studied",NA,NA
"HH",1,"2020-09-30_12h00.39.306","S1.2ConstantTotalFinal","2020.1.3",60,"CLAM",1250.245,"REPEAT","Unrelated",48.84999999,16,3,20,"Studied","Identical",NA
"HH",1,"2020-09-30_12h00.39.306","S1.2ConstantTotalFinal","2020.1.3",60,"FISH",1016.415,"HALT","Related",50.02,17,3,25,"Studied",NA,"STOP"
"HH",1,"2020-09-30_12h00.39.306","S1.2ConstantTotalFinal","2020.1.3",60,"GGUGUITAR",6085.775,"SWISS","Related",43.145,18,3,NA,NA,NA,"CHEESE"
"HH",1,"2020-09-30_12h00.39.306","S1.2ConstantTotalFinal","2020.1.3",60,"CHEESE",2401.235,"WEIGHT","Identical",51.16999999,19,3,23,"Studied",NA,NA
"HH",1,"2020-09-30_12h00.39.306","S1.2ConstantTotalFinal","2020.1.3",60,"XXXXX",8002.875,"YUCK","Related",51.62,20,3,NA,NA,NA,"GROSS"
"HH",1,"2020-09-30_12h00.39.306","S1.2ConstantTotalFinal","2020.1.3",60,"WORLD",2002.005,"LINEN","Related",48.15999999,21,3,NA,NA,NA,"SHEETS"
"HH",1,"2020-09-30_12h00.39.306","S1.2ConstantTotalFinal","2020.1.3",60,"XXXXX",8001.01,"BIRD","Identical",50.095,22,3,NA,NA,NA,NA
"HH",1,"2020-09-30_12h00.39.306","S1.2ConstantTotalFinal","2020.1.3",60,"XXXXX",8000.285,"SMOOTH","Identical",49.62999999,23,3,NA,NA,NA,NA
"HH",1,"2020-09-30_12h00.39.306","S1.2ConstantTotalFinal","2020.1.3",60,"XXXXX",2768.51,"STING","Unrelated",50.17,24,3,NA,NA,NA,NA
"HH",1,"2020-09-30_12h00.39.306","S1.2ConstantTotalFinal","2020.1.3",60,"XXXXX",233.93,"INTAKE","Related",51.11,25,3,NA,NA,NA,"OUTTAKE"
"HH",1,"2020-09-30_12h00.39.306","S1.2ConstantTotalFinal","2020.1.3",60,"XXXXX",300.86,"KNIT","Unrelated",49.465,26,3,NA,NA,NA,NA
"HH",1,"2020-09-30_12h00.39.306","S1.2ConstantTotalFinal","2020.1.3",60,"XXXXX",215.49,"LEFT","Related",49.83500001,27,3,NA,NA,NA,"RIGHT"
"HH",1,"2020-09-30_12h00.39.306","S1.2ConstantTotalFinal","2020.1.3",60,"XXXXX",31.435,"STAIRS","Identical",49.91,28,3,NA,NA,NA,NA
"HH",1,"2020-09-30_12h00.39.306","S1.2ConstantTotalFinal","2020.1.3",60,"XXXXX",483.24,"EAST","Related",49.39500001,29,3,NA,NA,NA,"WEST"
"HH",1,"2020-09-30_12h00.39.306","S1.2ConstantTotalFinal","2020.1.3",60,"XXXXX",32.04999999,"BROOK","Related",49.98,30,3,NA,NA,NA,"STREAM"
"HH",1,"2020-09-30_12h00.39.306","S1.2ConstantTotalFinal","2020.1.3",60,"XXXXX",14.87999999,"STORY","Identical",47.89999999,31,3,NA,NA,NA,NA
"HH",1,"2020-09-30_12h00.39.306","S1.2ConstantTotalFinal","2020.1.3",60,"XXXXX",118,"PENNY","Unrelated",50.29,32,3,NA,NA,NA,NA
"HH",1,"2020-09-30_12h00.39.306","S1.2ConstantTotalFinal","2020.1.3",60,"XXXXX",99.58000001,"MILK","Unrelated",49.765,33,3,NA,NA,NA,NA
"HH",1,"2020-09-30_12h00.39.306","S1.2ConstantTotalFinal","2020.1.3",60,"XXXXX",168.175,"HEAD","Unrelated",50.55,34,3,NA,NA,NA,NA
"HH",1,"2020-09-30_12h00.39.306","S1.2ConstantTotalFinal","2020.1.3",60,"XXXXX",166.475,"HONK","Related",48.195,35,3,NA,NA,NA,"HORN"
"HH",1,"2020-09-30_12h00.39.306","S1.2ConstantTotalFinal","2020.1.3",60,"XXXXX",66.615,"CRACKER","Identical",50.40499999,36,3,NA,NA,NA,NA
"HH",1,"2020-09-30_12h00.39.306","S1.2ConstantTotalFinal","2020.1.3",60,"XXXXX",67.82499999,"CHAIR","Identical",48.455,37,3,NA,NA,NA,NA
"HH",1,"2020-09-30_12h00.39.306","S1.2ConstantTotalFinal","2020.1.3",60,"XXXXX",83.17,"STRESS","Unrelated",49.765,38,3,NA,NA,NA,NA
"HH",1,"2020-09-30_12h00.39.306","S1.2ConstantTotalFinal","2020.1.3",60,"XXXXX",85.095,"BREAD","Unrelated",49.72000001,39,3,NA,NA,NA,NA
"HH",1,"2020-09-30_12h00.39.306","S1.2ConstantTotalFinal","2020.1.3",60,"XXXXX",115.14,"DOCTOR","Unrelated",48.415,40,3,NA,NA,NA,NA
"HH",1,"2020-09-30_12h00.39.306","S1.2ConstantTotalFinal","2020.1.3",60,"XXXXX",249.885,"HOPE","Related",48.165,41,3,NA,NA,NA,"GLORY"
"HH",1,"2020-09-30_12h00.39.306","S1.2ConstantTotalFinal","2020.1.3",60,"XXXXX",5867.545,"WORK","Identical",51.32500001,42,3,NA,NA,NA,NA
"HH",1,"2020-09-30_12h00.39.306","S1.2ConstantTotalFinal","2020.1.3",60,"KISS",983.93,"firstword","firstword",NA,1,4,40,"Studied",NA,NA
"HH",1,"2020-09-30_12h00.39.306","S1.2ConstantTotalFinal","2020.1.3",60,"SWEET",1199.615,"PICTURE","Identical",50.65,2,4,41,"Studied",NA,NA
"HH",1,"2020-09-30_12h00.39.306","S1.2ConstantTotalFinal","2020.1.3",60,"DOOR",866.78,"ABDOMEN","Related",49.89000001,3,4,42,"Studied",NA,"STOMACH"
"HH",1,"2020-09-30_12h00.39.306","S1.2ConstantTotalFinal","2020.1.3",60,"SOUTH",1347.865,"GARBAGE","Related",49.105,4,4,3,"Studied",NA,"TRASH"
"HH",1,"2020-09-30_12h00.39.306","S1.2ConstantTotalFinal","2020.1.3",60,"POUND",1333.78,"GLOBE","Related",50.07000001,5,4,4,"Studied",NA,"WORLD"
"HH",1,"2020-09-30_12h00.39.306","S1.2ConstantTotalFinal","2020.1.3",60,"ROAD",1332.185,"LOOSE","Related",48.45,6,4,12,"Studied",NA,"TIGHT"
"HH",1,"2020-09-30_12h00.39.306","S1.2ConstantTotalFinal","2020.1.3",60,"KILL",1651.225,"SNEEZE","Unrelated",48.47499999,7,4,28,"Studied",NA,NA
"HH",1,"2020-09-30_12h00.39.306","S1.2ConstantTotalFinal","2020.1.3",60,"FIVE",1233.83,"ACRE","Related",50.42000001,8,4,29,"Studied",NA,"LAND"
"HH",1,"2020-09-30_12h00.39.306","S1.2ConstantTotalFinal","2020.1.3",60,"MINOR",1251.995,"DEVIL","Identical",50.24499999,9,4,38,"Studied",NA,NA
"HH",1,"2020-09-30_12h00.39.306","S1.2ConstantTotalFinal","2020.1.3",60,"SWAMP",1833.415,"SKIP","Related",49.875,10,4,37,"Studied",NA,"JUMP"
"HH",1,"2020-09-30_12h00.39.306","S1.2ConstantTotalFinal","2020.1.3",60,"BELOW ",1750.27,"FROG","Identical",48.40499999,11,4,NA,NA,NA,NA
"HH",1,"2020-09-30_12h00.39.306","S1.2ConstantTotalFinal","2020.1.3",60,"STARS",1016.645,"POND","Related",51.67,12,4,9,"Studied",NA,"LAKE"
"HH",1,"2020-09-30_12h00.39.306","S1.2ConstantTotalFinal","2020.1.3",60,"DUSK",1814.95,"WHITE","Related",50,13,4,15,"Studied",NA,"BLACK"
"HH",1,"2020-09-30_12h00.39.306","S1.2ConstantTotalFinal","2020.1.3",60,"THIEF",1550.04,"SURE","Unrelated",50.09,14,4,1,"Studied",NA,NA
"HH",1,"2020-09-30_12h00.39.306","S1.2ConstantTotalFinal","2020.1.3",60,"GHOST",1732.77,"PRESENT","Identical",51.445,15,4,27,"Studied",NA,NA
"HH",1,"2020-09-30_12h00.39.306","S1.2ConstantTotalFinal","2020.1.3",60,"WORLD",1131.75,"MAD","Unrelated",50.32000001,16,4,34,"Studied",NA,NA
"HH",1,"2020-09-30_12h00.39.306","S1.2ConstantTotalFinal","2020.1.3",60,"POND",1900.095,"TIRED","Unrelated",48.40500001,17,4,NA,NA,"Related",NA
"HH",1,"2020-09-30_12h00.39.306","S1.2ConstantTotalFinal","2020.1.3",60,"XXXXX",8000.94,"HOOP","Identical",50.89499999,18,4,NA,NA,NA,NA
"HH",1,"2020-09-30_12h00.39.306","S1.2ConstantTotalFinal","2020.1.3",60,"XXXXX",7999.775,"CIGAR","Related",48.855,19,4,NA,NA,NA,"SMOKE"
"HH",1,"2020-09-30_12h00.39.306","S1.2ConstantTotalFinal","2020.1.3",60,"XXXXX",8002.9,"SOFT","Unrelated",48.23,20,4,NA,NA,NA,NA
"HH",1,"2020-09-30_12h00.39.306","S1.2ConstantTotalFinal","2020.1.3",60,"XXXXX",8001.87,"TEACH","Related",50.83499999,21,4,NA,NA,NA,"LEARN"
"HH",1,"2020-09-30_12h00.39.306","S1.2ConstantTotalFinal","2020.1.3",60,"XXXXX",6317.6,"APOLOGY","Related",50.695,22,4,NA,NA,NA,"SORRY"
"HH",1,"2020-09-30_12h00.39.306","S1.2ConstantTotalFinal","2020.1.3",60,"XXXXX",282.135,"CABOOSE","Related",50.015,23,4,NA,NA,NA,"TRAIN"
"HH",1,"2020-09-30_12h00.39.306","S1.2ConstantTotalFinal","2020.1.3",60,"XXXXX",150.025,"PRIDE","Unrelated",49.985,24,4,NA,NA,NA,NA
"HH",1,"2020-09-30_12h00.39.306","S1.2ConstantTotalFinal","2020.1.3",60,"XXXXX",51.85999999,"SOIL","Related",49.95,25,4,NA,NA,NA,"DIRT"
"HH",1,"2020-09-30_12h00.39.306","S1.2ConstantTotalFinal","2020.1.3",60,"XXXXX",448.24,"DEAF","Identical",49.30500001,26,4,NA,NA,NA,NA
"HH",1,"2020-09-30_12h00.39.306","S1.2ConstantTotalFinal","2020.1.3",60,"XXXXX",533.61,"MAID","Unrelated",48.425,27,4,NA,NA,NA,NA
"HH",1,"2020-09-30_12h00.39.306","S1.2ConstantTotalFinal","2020.1.3",60,"XXXXX",266.695,"ABOVE","Related",51.86000001,28,4,NA,NA,NA,"BELOW"
"HH",1,"2020-09-30_12h00.39.306","S1.2ConstantTotalFinal","2020.1.3",60,"XXXXX",666.685,"HOTEL","Identical",50.055,29,4,NA,NA,NA,NA
"HH",1,"2020-09-30_12h00.39.306","S1.2ConstantTotalFinal","2020.1.3",60,"XXXXX",35.475,"CAKE","Unrelated",49.06999999,30,4,NA,NA,NA,NA
"HH",1,"2020-09-30_12h00.39.306","S1.2ConstantTotalFinal","2020.1.3",60,"XXXXX",48.715,"LETTER","Unrelated",48.425,31,4,NA,NA,NA,NA
"HH",1,"2020-09-30_12h00.39.306","S1.2ConstantTotalFinal","2020.1.3",60,"XXXXX",1214.635,"GROOM","Related",47.915,32,4,NA,NA,NA,"BRIDE"
"HH",1,"2020-09-30_12h00.39.306","S1.2ConstantTotalFinal","2020.1.3",60,"XXXXX",367.515,"CASTLE","Unrelated",49.20000001,33,4,NA,NA,NA,NA
"HH",1,"2020-09-30_12h00.39.306","S1.2ConstantTotalFinal","2020.1.3",60,"XXXXX",366.735,"BALL","Unrelated",50.015,34,4,NA,NA,NA,NA
"HH",1,"2020-09-30_12h00.39.306","S1.2ConstantTotalFinal","2020.1.3",60,"XXXXX",516.97,"NOISE","Identical",718.865,35,4,NA,NA,NA,NA
"HH",1,"2020-09-30_12h00.39.306","S1.2ConstantTotalFinal","2020.1.3",60,"XXXXX",349.47,"WANT","Unrelated",50.85500001,36,4,NA,NA,NA,NA
"HH",1,"2020-09-30_12h00.39.306","S1.2ConstantTotalFinal","2020.1.3",60,"XXXXX",582.025,"OVEN","Unrelated",50.355,37,4,NA,NA,NA,NA
"HH",1,"2020-09-30_12h00.39.306","S1.2ConstantTotalFinal","2020.1.3",60,"XXXXX",398.58,"SMILE","Identical",49.98000001,38,4,NA,NA,NA,NA
"HH",1,"2020-09-30_12h00.39.306","S1.2ConstantTotalFinal","2020.1.3",60,"XXXXX",84.945,"SOCKS","Related",49.43,39,4,NA,NA,NA,"SHOES"
"HH",1,"2020-09-30_12h00.39.306","S1.2ConstantTotalFinal","2020.1.3",60,"XXXXX",119.245,"NERD","Related",49.495,40,4,NA,NA,NA,"GEEK"
"HH",1,"2020-09-30_12h00.39.306","S1.2ConstantTotalFinal","2020.1.3",60,"XXXXX",366.03,"GRAIN","Related",51.47000001,41,4,NA,NA,NA,"WHEAT"
"HH",1,"2020-09-30_12h00.39.306","S1.2ConstantTotalFinal","2020.1.3",60,"XXXXX",784.905,"TENT","Related",51.485,42,4,NA,NA,NA,"CAMP"
