"participant","session","date","expName","psychopyVersion","frameRate","RecalledWord","RT","Prime","PrimeCon","PrimeDuration","OutputPosition","Block","StudyPosition","Studied","PrimeRecalledCondition","PrimeFor"
"JG",1,"2020-10-28_12h00.46.550","S1.1ConstantTotalFinal","2020.1.3",60,"POUND",7991.12,"firstword","firstword",NA,1,1,1,"Studied",NA,NA
"JG",1,"2020-10-28_12h00.46.550","S1.1ConstantTotalFinal","2020.1.3",60,"DEVIL",8000.135,"CABOOSE","Related",48.98,2,1,2,"Studied",NA,"TRAIN"
"JG",1,"2020-10-28_12h00.46.550","S1.1ConstantTotalFinal","2020.1.3",60,"BELOW",8004.76,"MAD","Unrelated",49.42,3,1,3,"Studied",NA,NA
"JG",1,"2020-10-28_12h00.46.550","S1.1ConstantTotalFinal","2020.1.3",60,"HOTEL",8001.77,"GEEK","Identical",49.945,4,1,5,"Studied",NA,NA
"JG",1,"2020-10-28_12h00.46.550","S1.1ConstantTotalFinal","2020.1.3",60,"GHOST",8000.62,"OVEN","Unrelated",49.895,5,1,6,"Studied",NA,NA
"JG",1,"2020-10-28_12h00.46.550","S1.1ConstantTotalFinal","2020.1.3",60,"SWEET",8000.115,"CAKE","Unrelated",48.26,6,1,4,"Studied",NA,NA
"JG",1,"2020-10-28_12h00.46.550","S1.1ConstantTotalFinal","2020.1.3",60,"GEEK",7991.815,"SILK","Unrelated",49.73,7,1,7,"Studied","Identical",NA
"JG",1,"2020-10-28_12h00.46.550","S1.1ConstantTotalFinal","2020.1.3",60,"WORLD",7999.265,"GLASSES","Unrelated",48.455,8,1,26,"Studied",NA,NA
"JG",1,"2020-10-28_12h00.46.550","S1.1ConstantTotalFinal","2020.1.3",60,"WHEAT",7999.815,"NINE","Unrelated",49.58,9,1,37,"Studied",NA,NA
"JG",1,"2020-10-28_12h00.46.550","S1.1ConstantTotalFinal","2020.1.3",60,"LAND",7998.995,"ACRE","Related",39.32,10,1,19,"Studied",NA,"LAND"
"JG",1,"2020-10-28_12h00.46.550","S1.1ConstantTotalFinal","2020.1.3",60,"DEAF",7989.02,"SOIL","Related",49.155,11,1,20,"Studied",NA,"DIRT"
"JG",1,"2020-10-28_12h00.46.550","S1.1ConstantTotalFinal","2020.1.3",60,"FROG",7997.08,"FROG","Identical",48.455,12,1,39,"Studied","Identical",NA
"JG",1,"2020-10-28_12h00.46.550","S1.1ConstantTotalFinal","2020.1.3",60,"FIVE",8001.315,"CARRY","Unrelated",48.765,13,1,16,"Studied",NA,NA
"JG",1,"2020-10-28_12h00.46.550","S1.1ConstantTotalFinal","2020.1.3",60,"BACK",8000.35,"HELLO","Unrelated",49.415,14,1,NA,NA,NA,NA
"JG",1,"2020-10-28_12h00.46.550","S1.1ConstantTotalFinal","2020.1.3",60,"XXXXX",7998.225,"CIGAR","Related",48.735,15,1,NA,NA,NA,"SMOKE"
"JG",1,"2020-10-28_12h00.46.550","S1.1ConstantTotalFinal","2020.1.3",60,"XXXXX",8002.195,"CAMP","Identical",50.475,16,1,NA,NA,NA,NA
"JG",1,"2020-10-28_12h00.46.550","S1.1ConstantTotalFinal","2020.1.3",60,"XXXXX",7997.84,"STARS","Identical",49.605,17,1,NA,NA,NA,NA
"JG",1,"2020-10-28_12h00.46.550","S1.1ConstantTotalFinal","2020.1.3",60,"XXXXX",8003.455,"NORTH","Related",50.305,18,1,NA,NA,NA,"SOUTH"
"JG",1,"2020-10-28_12h00.46.550","S1.1ConstantTotalFinal","2020.1.3",60,"XXXXX",7998.8,"KISS","Identical",49.915,19,1,NA,NA,NA,NA
"JG",1,"2020-10-28_12h00.46.550","S1.1ConstantTotalFinal","2020.1.3",60,"XXXXX",8002.315,"UNCLEAR","Unrelated",49.495,20,1,NA,NA,NA,NA
"JG",1,"2020-10-28_12h00.46.550","S1.1ConstantTotalFinal","2020.1.3",60,"XXXXX",8000.86,"LARGE","Unrelated",36.28,21,1,NA,NA,NA,NA
"JG",1,"2020-10-28_12h00.46.550","S1.1ConstantTotalFinal","2020.1.3",60,"XXXXX",7993.625,"LOOSE","Related",49.95,22,1,NA,NA,NA,"TIGHT"
"JG",1,"2020-10-28_12h00.46.550","S1.1ConstantTotalFinal","2020.1.3",60,"XXXXX",7999.695,"BALL","Unrelated",49.19,23,1,NA,NA,NA,NA
"JG",1,"2020-10-28_12h00.46.550","S1.1ConstantTotalFinal","2020.1.3",60,"XXXXX",8000.685,"SKIP","Related",49.265,24,1,NA,NA,NA,"JUMP"
"JG",1,"2020-10-28_12h00.46.550","S1.1ConstantTotalFinal","2020.1.3",60,"XXXXX",8002.955,"STOMACH","Identical",49.64,25,1,NA,NA,NA,NA
"JG",1,"2020-10-28_12h00.46.550","S1.1ConstantTotalFinal","2020.1.3",60,"XXXXX",8000.545,"HINGE","Related",49.805,26,1,NA,NA,NA,"DOOR"
"JG",1,"2020-10-28_12h00.46.550","S1.1ConstantTotalFinal","2020.1.3",60,"XXXXX",8001.955,"MAID","Unrelated",51.83,27,1,NA,NA,NA,NA
"JG",1,"2020-10-28_12h00.46.550","S1.1ConstantTotalFinal","2020.1.3",60,"XXXXX",7999.27,"HULA","Related",49.86,28,1,NA,NA,NA,"HOOP"
"JG",1,"2020-10-28_12h00.46.550","S1.1ConstantTotalFinal","2020.1.3",60,"XXXXX",8000.795,"BANK","Unrelated",50.13,29,1,NA,NA,NA,NA
"JG",1,"2020-10-28_12h00.46.550","S1.1ConstantTotalFinal","2020.1.3",60,"XXXXX",8013.19,"MINIMUM","Unrelated",49.445,30,1,NA,NA,NA,NA
"JG",1,"2020-10-28_12h00.46.550","S1.1ConstantTotalFinal","2020.1.3",60,"J",8000.215,"SMALL","Unrelated",49.97,31,1,NA,NA,NA,NA
"JG",1,"2020-10-28_12h00.46.550","S1.1ConstantTotalFinal","2020.1.3",60,"XXXXX",8001.465,"GROOM","Related",50.5,32,1,NA,NA,NA,"BRIDE"
"JG",1,"2020-10-28_12h00.46.550","S1.1ConstantTotalFinal","2020.1.3",60,"XXXXX",7999.47,"PAPER","Unrelated",49.71,33,1,NA,NA,NA,NA
"JG",1,"2020-10-28_12h00.46.550","S1.1ConstantTotalFinal","2020.1.3",60,"XXXXX",58300.545,"LETTER","Unrelated",50.855,34,1,NA,NA,NA,NA
"JG",1,"2020-10-28_12h00.46.550","S1.1ConstantTotalFinal","2020.1.3",60,"XXXXX",1.510000002,"SURE","Unrelated",1.665,35,1,NA,NA,NA,NA
"JG",1,"2020-10-28_12h00.46.550","S1.1ConstantTotalFinal","2020.1.3",60,"XXXXX",2.114999999,"SNEEZE","Unrelated",0.780000002,36,1,NA,NA,NA,NA
"JG",1,"2020-10-28_12h00.46.550","S1.1ConstantTotalFinal","2020.1.3",60,"XXXXX",1.505,"MONKEY","Unrelated",0.769999999,37,1,NA,NA,NA,NA
"JG",1,"2020-10-28_12h00.46.550","S1.1ConstantTotalFinal","2020.1.3",60,"XXXXX",1.459999999,"PICTURE","Identical",1.700000001,38,1,NA,NA,NA,NA
"JG",1,"2020-10-28_12h00.46.550","S1.1ConstantTotalFinal","2020.1.3",60,"XXXXX",31830.885,"FINISH","Unrelated",0.979999997,39,1,NA,NA,NA,NA
"JG",1,"2020-10-28_12h00.46.550","S1.1ConstantTotalFinal","2020.1.3",60,"XXXXX",3.294999999,"ENGLISH","Unrelated",1.594999998,40,1,NA,NA,NA,NA
"JG",1,"2020-10-28_12h00.46.550","S1.1ConstantTotalFinal","2020.1.3",60,"XXXXX",1.574999998,"PRESENT","Identical",2.805,41,1,NA,NA,NA,NA
"JG",1,"2020-10-28_12h00.46.550","S1.1ConstantTotalFinal","2020.1.3",60,"XXXXX",63904.145,"MARSH","Related",0.825000003,42,1,NA,NA,NA,"SWAMP"
"JG",1,"2020-10-28_12h00.46.550","S1.1ConstantTotalFinal","2020.1.3",60,"MOTHER",8001.785,"firstword","firstword",NA,1,2,1,"Studied",NA,NA
"JG",1,"2020-10-28_12h00.46.550","S1.1ConstantTotalFinal","2020.1.3",60,"KIDNAP",7984.825,"DESERT","Unrelated",50.305,2,2,2,"Studied",NA,NA
"JG",1,"2020-10-28_12h00.46.550","S1.1ConstantTotalFinal","2020.1.3",60,"VERB",8014.75,"CANDLE","Identical",53.11,3,2,3,"Studied",NA,NA
"JG",1,"2020-10-28_12h00.46.550","S1.1ConstantTotalFinal","2020.1.3",60,"LOOK",8001.58,"FAMINE","Related",49.875,4,2,9,"Studied",NA,"HUNGER"
"JG",1,"2020-10-28_12h00.46.550","S1.1ConstantTotalFinal","2020.1.3",60,"MIDDLE",7997.255,"DEBATE","Related",49.385,5,2,10,"Studied",NA,"ARGUE"
"JG",1,"2020-10-28_12h00.46.550","S1.1ConstantTotalFinal","2020.1.3",60,"FOREST",8000.36,"PROBLEM","Unrelated",49.695,6,2,NA,NA,NA,NA
"JG",1,"2020-10-28_12h00.46.550","S1.1ConstantTotalFinal","2020.1.3",60,"PURPLE",8001.76,"TENNIS","Identical",49.315,7,2,12,"Studied",NA,NA
"JG",1,"2020-10-28_12h00.46.550","S1.1ConstantTotalFinal","2020.1.3",60,"THREAD",8002.62,"CHAIN","Identical",49.53,8,2,13,"Studied",NA,NA
"JG",1,"2020-10-28_12h00.46.550","S1.1ConstantTotalFinal","2020.1.3",60,"SEEK",8002.86,"TOUR","Identical",49.05,9,2,28,"Studied",NA,NA
"JG",1,"2020-10-28_12h00.46.550","S1.1ConstantTotalFinal","2020.1.3",60,"TEST",7991.2,"COBWEB","Related",48.74,10,2,33,"Studied",NA,"SPIDER"
"JG",1,"2020-10-28_12h00.46.550","S1.1ConstantTotalFinal","2020.1.3",60,"TOUR",7988.925,"TAME","Related",48.535,11,2,32,"Studied","Identical","WILD"
"JG",1,"2020-10-28_12h00.46.550","S1.1ConstantTotalFinal","2020.1.3",60,"NAVY",8001.93,"PAIN","Identical",48.3,12,2,17,"Studied",NA,NA
"JG",1,"2020-10-28_12h00.46.550","S1.1ConstantTotalFinal","2020.1.3",60,"STATES",7997.875,"SWORD","Unrelated",51.965,13,2,14,"Studied",NA,NA
"JG",1,"2020-10-28_12h00.46.550","S1.1ConstantTotalFinal","2020.1.3",60,"ARGUE",8003.79,"FOOD","Unrelated",49.38,14,2,30,"Studied",NA,NA
"JG",1,"2020-10-28_12h00.46.550","S1.1ConstantTotalFinal","2020.1.3",60,"INHALE",7995.26,"BOOK","Related",47.585,15,2,40,"Studied",NA,"READ"
"JG",1,"2020-10-28_12h00.46.550","S1.1ConstantTotalFinal","2020.1.3",60,"LESS",16491.915,"HEAR","Unrelated",50.035,16,2,41,"Studied",NA,NA
"JG",1,"2020-10-28_12h00.46.550","S1.1ConstantTotalFinal","2020.1.3",60,"XXXXX",18508.18,"COLLECT","Unrelated",0.929999998,17,2,NA,NA,NA,NA
"JG",1,"2020-10-28_12h00.46.550","S1.1ConstantTotalFinal","2020.1.3",60,"XXXXX",4.195000001,"BORROW","Identical",0.960000001,18,2,NA,NA,NA,NA
"JG",1,"2020-10-28_12h00.46.550","S1.1ConstantTotalFinal","2020.1.3",60,"XXXXX",17855.53,"LAST","Related",1.035000001,19,2,NA,NA,NA,"FIRST"
"JG",1,"2020-10-28_12h00.46.550","S1.1ConstantTotalFinal","2020.1.3",60,"XXXXX",2.665,"BUCKET","Identical",0.864999998,20,2,NA,NA,NA,NA
"JG",1,"2020-10-28_12h00.46.550","S1.1ConstantTotalFinal","2020.1.3",60,"XXXXX",36295.555,"BELL","Unrelated",1.02,21,2,NA,NA,NA,NA
"JG",1,"2020-10-28_12h00.46.550","S1.1ConstantTotalFinal","2020.1.3",60,"XXXXX",2.595000002,"LOVE","Unrelated",1.959999998,22,2,NA,NA,NA,NA
"JG",1,"2020-10-28_12h00.46.550","S1.1ConstantTotalFinal","2020.1.3",60,"XXXXX",1.619999999,"FEET","Related",0.925,23,2,NA,NA,NA,"TOES"
"JG",1,"2020-10-28_12h00.46.550","S1.1ConstantTotalFinal","2020.1.3",60,"XXXXX",2404.825,"SUPPER","Identical",0.990000001,24,2,NA,NA,NA,NA
"JG",1,"2020-10-28_12h00.46.550","S1.1ConstantTotalFinal","2020.1.3",60,"XXXXX",7994.29,"HAIR","Unrelated",50.82,25,2,NA,NA,NA,NA
"JG",1,"2020-10-28_12h00.46.550","S1.1ConstantTotalFinal","2020.1.3",60,"XXXXX",568470.55,"BUTTER","Identical",50.44,26,2,NA,NA,NA,NA
"JG",1,"2020-10-28_12h00.46.550","S1.1ConstantTotalFinal","2020.1.3",60,"XXXXX",1.809999998,"MEDIA","Related",1.459999999,27,2,NA,NA,NA,"NEWS"
"JG",1,"2020-10-28_12h00.46.550","S1.1ConstantTotalFinal","2020.1.3",60,"XXXXX",1.88,"STREET","Unrelated",0.999999997,28,2,NA,NA,NA,NA
"JG",1,"2020-10-28_12h00.46.550","S1.1ConstantTotalFinal","2020.1.3",60,"XXXXX",1.990000001,"HINT","Related",0.900000003,29,2,NA,NA,NA,"CLUE"
"JG",1,"2020-10-28_12h00.46.550","S1.1ConstantTotalFinal","2020.1.3",60,"XXXXX",2.939999998,"SERVER","Related",0.935,30,2,NA,NA,NA,"WAITER"
"JG",1,"2020-10-28_12h00.46.550","S1.1ConstantTotalFinal","2020.1.3",60,"XXXXX",2.219999998,"BRANCH","Identical",0.87,31,2,NA,NA,NA,NA
"JG",1,"2020-10-28_12h00.46.550","S1.1ConstantTotalFinal","2020.1.3",60,"XXXXX",5.935000001,"BREAK","Unrelated",1.014999998,32,2,NA,NA,NA,NA
"JG",1,"2020-10-28_12h00.46.550","S1.1ConstantTotalFinal","2020.1.3",60,"XXXXX",1.435000002,"SMELL","Unrelated",0.964999999,33,2,NA,NA,NA,NA
"JG",1,"2020-10-28_12h00.46.550","S1.1ConstantTotalFinal","2020.1.3",60,"XXXXX",1.964999999,"FAST","Related",2.884999998,34,2,NA,NA,NA,"SLOW"
"JG",1,"2020-10-28_12h00.46.550","S1.1ConstantTotalFinal","2020.1.3",60,"XXXXX",9.64,"NOSE","Identical",2.065000001,35,2,NA,NA,NA,NA
"JG",1,"2020-10-28_12h00.46.550","S1.1ConstantTotalFinal","2020.1.3",60,"XXXXX",5.19,"YEAR","Unrelated",1.345000001,36,2,NA,NA,NA,NA
"JG",1,"2020-10-28_12h00.46.550","S1.1ConstantTotalFinal","2020.1.3",60,"XXXXX",1.665000003,"THIRST","Identical",0.735000001,37,2,NA,NA,NA,NA
"JG",1,"2020-10-28_12h00.46.550","S1.1ConstantTotalFinal","2020.1.3",60,"XXXXX",1.420000001,"NONE","Unrelated",0.755000001,38,2,NA,NA,NA,NA
"JG",1,"2020-10-28_12h00.46.550","S1.1ConstantTotalFinal","2020.1.3",60,"XXXXX",2.59,"SOAP","Identical",1.389999998,39,2,NA,NA,NA,NA
"JG",1,"2020-10-28_12h00.46.550","S1.1ConstantTotalFinal","2020.1.3",60,"XXXXX",1.270000001,"WINTER","Identical",0.759999999,40,2,NA,NA,NA,NA
"JG",1,"2020-10-28_12h00.46.550","S1.1ConstantTotalFinal","2020.1.3",60,"XXXXX",3.079999999,"BALLET","Identical",1.144999998,41,2,NA,NA,NA,NA
"JG",1,"2020-10-28_12h00.46.550","S1.1ConstantTotalFinal","2020.1.3",60,"XXXXX",1.335000001,"GAME","Unrelated",0.72,42,2,NA,NA,NA,NA
"JG",1,"2020-10-28_12h00.46.550","S1.1ConstantTotalFinal","2020.1.3",60,"TEETH",7998.87,"firstword","firstword",NA,1,3,1,"Studied",NA,NA
"JG",1,"2020-10-28_12h00.46.550","S1.1ConstantTotalFinal","2020.1.3",60,"PHONE",8003.905,"BEST","Related",49.525,2,3,2,"Studied",NA,"WORST"
"JG",1,"2020-10-28_12h00.46.550","S1.1ConstantTotalFinal","2020.1.3",60,"TIGER",7990.87,"HARSH","Related",48.865,3,3,3,"Studied",NA,"MEAN"
"JG",1,"2020-10-28_12h00.46.550","S1.1ConstantTotalFinal","2020.1.3",60,"KING",8011.44,"YOURS","Identical",50.155,4,3,NA,NA,NA,NA
"JG",1,"2020-10-28_12h00.46.550","S1.1ConstantTotalFinal","2020.1.3",60,"THERE",8000.77,"FOUND","Identical",49.205,5,3,8,"Studied",NA,NA
"JG",1,"2020-10-28_12h00.46.550","S1.1ConstantTotalFinal","2020.1.3",60,"WHERE",8001.845,"LEAVES","Identical",49.555,6,3,30,"Studied",NA,NA
"JG",1,"2020-10-28_12h00.46.550","S1.1ConstantTotalFinal","2020.1.3",60,"MEAN",8001.05,"LEMON","Identical",52.51,7,3,7,"Studied",NA,NA
"JG",1,"2020-10-28_12h00.46.550","S1.1ConstantTotalFinal","2020.1.3",60,"BEHIND",8000.97,"TOCK","Unrelated",48.135,8,3,41,"Studied",NA,NA
"JG",1,"2020-10-28_12h00.46.550","S1.1ConstantTotalFinal","2020.1.3",60,"GIRLS",7998.19,"DEATH","Unrelated",50.4,9,3,31,"Studied",NA,NA
"JG",1,"2020-10-28_12h00.46.550","S1.1ConstantTotalFinal","2020.1.3",60,"LEMON",8000.54,"CLOWN","Unrelated",49.475,10,3,5,"Studied","Identical",NA
"JG",1,"2020-10-28_12h00.46.550","S1.1ConstantTotalFinal","2020.1.3",60,"THE SCREEN ",8001.26,"GATE","Related",56.135,11,3,NA,NA,NA,"FENCE"
"JG",1,"2020-10-28_12h00.46.550","S1.1ConstantTotalFinal","2020.1.3",60,"BROKE",381475.81,"BEFORE","Identical",49.22,12,3,NA,NA,NA,NA
"JG",1,"2020-10-28_12h00.46.550","S1.1ConstantTotalFinal","2020.1.3",60,"XXXXX",2.695000002,"SHERIFF","Unrelated",1.795,13,3,NA,NA,NA,NA
"JG",1,"2020-10-28_12h00.46.550","S1.1ConstantTotalFinal","2020.1.3",60,"XXXXX",1.899999999,"AUNT","Related",1.134999999,14,3,NA,NA,NA,"UNCLE"
"JG",1,"2020-10-28_12h00.46.550","S1.1ConstantTotalFinal","2020.1.3",60,"XXXXX",3.400000001,"BUCK","Related",0.969999997,15,3,NA,NA,NA,"DOLLAR"
"JG",1,"2020-10-28_12h00.46.550","S1.1ConstantTotalFinal","2020.1.3",60,"XXXXX",2.854999999,"HOUR","Related",1.205,16,3,NA,NA,NA,"MINUTE"
"JG",1,"2020-10-28_12h00.46.550","S1.1ConstantTotalFinal","2020.1.3",60,"XXXXX",2.289999997,"TALL","Related",1.619999999,17,3,NA,NA,NA,"SHORT"
"JG",1,"2020-10-28_12h00.46.550","S1.1ConstantTotalFinal","2020.1.3",60,"XXXXX",1.495,"WEED","Related",0.905000001,18,3,NA,NA,NA,"GRASS"
"JG",1,"2020-10-28_12h00.46.550","S1.1ConstantTotalFinal","2020.1.3",60,"XXXXX",2.240000002,"QUEEN","Identical",1.080000002,19,3,NA,NA,NA,NA
"JG",1,"2020-10-28_12h00.46.550","S1.1ConstantTotalFinal","2020.1.3",60,"XXXXX",1.854999999,"CORAL","Identical",3.01,20,3,NA,NA,NA,NA
"JG",1,"2020-10-28_12h00.46.550","S1.1ConstantTotalFinal","2020.1.3",60,"XXXXX",2.229999998,"SHOVE","Identical",0.85,21,3,NA,NA,NA,NA
"JG",1,"2020-10-28_12h00.46.550","S1.1ConstantTotalFinal","2020.1.3",60,"XXXXX",2.360000002,"LATE","Related",0.899999999,22,3,NA,NA,NA,"EARLY"
"JG",1,"2020-10-28_12h00.46.550","S1.1ConstantTotalFinal","2020.1.3",60,"XXXXX",1.684999999,"SHARK","Identical",0.844999999,23,3,NA,NA,NA,NA
"JG",1,"2020-10-28_12h00.46.550","S1.1ConstantTotalFinal","2020.1.3",60,"XXXXX",1.355,"SPOON","Identical",0.815,24,3,NA,NA,NA,NA
"JG",1,"2020-10-28_12h00.46.550","S1.1ConstantTotalFinal","2020.1.3",60,"XXXXX",1.294999998,"PEPPER","Identical",0.785,25,3,NA,NA,NA,NA
"JG",1,"2020-10-28_12h00.46.550","S1.1ConstantTotalFinal","2020.1.3",60,"XXXXX",5.709999998,"OPEN","Related",0.665,26,3,NA,NA,NA,"CLOSE"
"JG",1,"2020-10-28_12h00.46.550","S1.1ConstantTotalFinal","2020.1.3",60,"XXXXX",1.73,"HALF","Related",0.639999998,27,3,NA,NA,NA,"WHOLE"
"JG",1,"2020-10-28_12h00.46.550","S1.1ConstantTotalFinal","2020.1.3",60,"XXXXX",1.295000002,"DRAW","Unrelated",0.634999997,28,3,NA,NA,NA,NA
"JG",1,"2020-10-28_12h00.46.550","S1.1ConstantTotalFinal","2020.1.3",60,"XXXXX",1.935,"PLUS","Related",0.674999999,29,3,NA,NA,NA,"MINUS"
"JG",1,"2020-10-28_12h00.46.550","S1.1ConstantTotalFinal","2020.1.3",60,"XXXXX",1.314999998,"ENTER","Identical",1.144999998,30,3,NA,NA,NA,NA
"JG",1,"2020-10-28_12h00.46.550","S1.1ConstantTotalFinal","2020.1.3",60,"XXXXX",2.14,"STRIPE","Unrelated",0.639999998,31,3,NA,NA,NA,NA
"JG",1,"2020-10-28_12h00.46.550","S1.1ConstantTotalFinal","2020.1.3",60,"XXXXX",2.535,"EXACT","Unrelated",0.824999999,32,3,NA,NA,NA,NA
"JG",1,"2020-10-28_12h00.46.550","S1.1ConstantTotalFinal","2020.1.3",60,"XXXXX",1.424999998,"TIME","Related",0.680000001,33,3,NA,NA,NA,"CLOCK"
"JG",1,"2020-10-28_12h00.46.550","S1.1ConstantTotalFinal","2020.1.3",60,"XXXXX",1.31,"QUIET","Unrelated",1.015000002,34,3,NA,NA,NA,NA
"JG",1,"2020-10-28_12h00.46.550","S1.1ConstantTotalFinal","2020.1.3",60,"XXXXX",1.670000001,"GRANITE","Related",2.02,35,3,NA,NA,NA,"ROCK"
"JG",1,"2020-10-28_12h00.46.550","S1.1ConstantTotalFinal","2020.1.3",60,"XXXXX",1.745000002,"TOOL","Unrelated",0.790000002,36,3,NA,NA,NA,NA
"JG",1,"2020-10-28_12h00.46.550","S1.1ConstantTotalFinal","2020.1.3",60,"XXXXX",1.840000001,"ANIMAL","Identical",0.780000002,37,3,NA,NA,NA,NA
"JG",1,"2020-10-28_12h00.46.550","S1.1ConstantTotalFinal","2020.1.3",60,"XXXXX",133.27,"PURPOSE","Unrelated",0.864999998,38,3,NA,NA,NA,NA
"JG",1,"2020-10-28_12h00.46.550","S1.1ConstantTotalFinal","2020.1.3",60,"XXXXX",1.469999999,"PLANT","Identical",1.314999998,39,3,NA,NA,NA,NA
"JG",1,"2020-10-28_12h00.46.550","S1.1ConstantTotalFinal","2020.1.3",60,"XXXXX",2.075,"QUART","Identical",0.71,40,3,NA,NA,NA,NA
"JG",1,"2020-10-28_12h00.46.550","S1.1ConstantTotalFinal","2020.1.3",60,"XXXXX",1.385,"HAND","Related",0.865000002,41,3,NA,NA,NA,"FINGER"
"JG",1,"2020-10-28_12h00.46.550","S1.1ConstantTotalFinal","2020.1.3",60,"XXXXX",2.605000002,"TOSS","Related",0.609999999,42,3,NA,NA,NA,"THROW"
"JG",1,"2020-10-28_12h00.46.550","S1.1ConstantTotalFinal","2020.1.3",60,"RIGHT",7993.48,"firstword","firstword",NA,1,4,2,"Studied",NA,NA
"JG",1,"2020-10-28_12h00.46.550","S1.1ConstantTotalFinal","2020.1.3",60,"STAIRS",8001.27,"DILL","Related",49.59,2,4,29,"Studied",NA,"PICKLE"
"JG",1,"2020-10-28_12h00.46.550","S1.1ConstantTotalFinal","2020.1.3",60,"STARS",8001.215,"WEST","Identical",50.45,3,4,NA,NA,"Identical",NA
"JG",1,"2020-10-28_12h00.46.550","S1.1ConstantTotalFinal","2020.1.3",60,"LAWYER",7994.575,"TOUCH","Unrelated",51.01,4,4,1,"Studied",NA,NA
"JG",1,"2020-10-28_12h00.46.550","S1.1ConstantTotalFinal","2020.1.3",60,"EGGS",8001.795,"NIECE","Related",49.42,5,4,23,"Studied",NA,"NEPHEW"
"JG",1,"2020-10-28_12h00.46.550","S1.1ConstantTotalFinal","2020.1.3",60,"BREAD",69280.865,"SAND","Related",49.34,6,4,NA,NA,"Unrelated","BEACH"
"JG",1,"2020-10-28_12h00.46.550","S1.1ConstantTotalFinal","2020.1.3",60,"XXXXX",2.080000002,"HALT","Related",1.45,7,4,NA,NA,NA,"STOP"
"JG",1,"2020-10-28_12h00.46.550","S1.1ConstantTotalFinal","2020.1.3",60,"XXXXX",2.990000001,"BOMB","Identical",1.01,8,4,NA,NA,NA,NA
"JG",1,"2020-10-28_12h00.46.550","S1.1ConstantTotalFinal","2020.1.3",60,"XXXXX",2.385,"DIME","Related",1.144999998,9,4,NA,NA,NA,"NICKEL"
"JG",1,"2020-10-28_12h00.46.550","S1.1ConstantTotalFinal","2020.1.3",60,"XXXXX",2.370000002,"BREAD","Unrelated",1.375,10,4,NA,NA,NA,NA
"JG",1,"2020-10-28_12h00.46.550","S1.1ConstantTotalFinal","2020.1.3",60,"XXXXX",1.88,"SCARE","Related",1.475000001,11,4,NA,NA,NA,"FRIGHT"
"JG",1,"2020-10-28_12h00.46.550","S1.1ConstantTotalFinal","2020.1.3",60,"XXXXX",1398.05,"KNIT","Unrelated",0.965000003,12,4,NA,NA,NA,NA
"JG",1,"2020-10-28_12h00.46.550","S1.1ConstantTotalFinal","2020.1.3",60,"XXXXX",4.035000002,"WRITE","Unrelated",3.485000001,13,4,NA,NA,NA,NA
"JG",1,"2020-10-28_12h00.46.550","S1.1ConstantTotalFinal","2020.1.3",60,"XXXXX",2.955,"YUCK","Related",8.324999999,14,4,NA,NA,NA,"GROSS"
"JG",1,"2020-10-28_12h00.46.550","S1.1ConstantTotalFinal","2020.1.3",60,"XXXXX",2.6,"TALE","Related",1.544999999,15,4,NA,NA,NA,"STORY"
"JG",1,"2020-10-28_12h00.46.550","S1.1ConstantTotalFinal","2020.1.3",60,"XXXXX",5.824999997,"HOPE","Related",1.935,16,4,NA,NA,NA,"GLORY"
"JG",1,"2020-10-28_12h00.46.550","S1.1ConstantTotalFinal","2020.1.3",60,"XXXXX",1.990000001,"GUILT","Unrelated",0.925,17,4,NA,NA,NA,NA
"JG",1,"2020-10-28_12h00.46.550","S1.1ConstantTotalFinal","2020.1.3",60,"XXXXX",1.71,"HONK","Related",1.595000002,18,4,NA,NA,NA,"HORN"
"JG",1,"2020-10-28_12h00.46.550","S1.1ConstantTotalFinal","2020.1.3",60,"XXXXX",15.14,"STEAL","Unrelated",1.040000003,19,4,NA,NA,NA,NA
"JG",1,"2020-10-28_12h00.46.550","S1.1ConstantTotalFinal","2020.1.3",60,"XXXXX",13.89,"BANJO","Related",2.329999999,20,4,NA,NA,NA,"GUITAR"
"JG",1,"2020-10-28_12h00.46.550","S1.1ConstantTotalFinal","2020.1.3",60,"XXXXX",11.425,"INMATE","Related",1.195000001,21,4,NA,NA,NA,"JAIL"
"JG",1,"2020-10-28_12h00.46.550","S1.1ConstantTotalFinal","2020.1.3",60,"XXXXX",5.819999998,"RULE","Unrelated",1.134999999,22,4,NA,NA,NA,NA
"JG",1,"2020-10-28_12h00.46.550","S1.1ConstantTotalFinal","2020.1.3",60,"XXXXX",2.555000003,"SALTINE","Related",1.680000001,23,4,NA,NA,NA,"CRACKER"
"JG",1,"2020-10-28_12h00.46.550","S1.1ConstantTotalFinal","2020.1.3",60,"XXXXX",2.110000001,"STREAM","Identical",1.01,24,4,NA,NA,NA,NA
"JG",1,"2020-10-28_12h00.46.550","S1.1ConstantTotalFinal","2020.1.3",60,"XXXXX",1.769999999,"WORK","Identical",0.980000001,25,4,NA,NA,NA,NA
"JG",1,"2020-10-28_12h00.46.550","S1.1ConstantTotalFinal","2020.1.3",60,"XXXXX",7.825000001,"TWELVE","Identical",1.680000001,26,4,NA,NA,NA,NA
"JG",1,"2020-10-28_12h00.46.550","S1.1ConstantTotalFinal","2020.1.3",60,"XXXXX",6.845000003,"ARMS","Unrelated",0.860000001,27,4,NA,NA,NA,NA
"JG",1,"2020-10-28_12h00.46.550","S1.1ConstantTotalFinal","2020.1.3",60,"XXXXX",4.775000002,"CASH","Related",8.884999999,28,4,NA,NA,NA,"MONEY"
"JG",1,"2020-10-28_12h00.46.550","S1.1ConstantTotalFinal","2020.1.3",60,"XXXXX",6.419999998,"LENGTH","Identical",0.86,29,4,NA,NA,NA,NA
"JG",1,"2020-10-28_12h00.46.550","S1.1ConstantTotalFinal","2020.1.3",60,"XXXXX",2.494999997,"IMAGINE","Related",1.845000003,30,4,NA,NA,NA,"DREAM"
"JG",1,"2020-10-28_12h00.46.550","S1.1ConstantTotalFinal","2020.1.3",60,"XXXXX",47100.82,"FLOWER","Identical",2.735000002,31,4,NA,NA,NA,NA
"JG",1,"2020-10-28_12h00.46.550","S1.1ConstantTotalFinal","2020.1.3",60,"XXXXX",1.834999999,"MILK","Unrelated",1.225,32,4,NA,NA,NA,NA
"JG",1,"2020-10-28_12h00.46.550","S1.1ConstantTotalFinal","2020.1.3",60,"XXXXX",2.049999999,"CHANGE","Identical",0.989999997,33,4,NA,NA,NA,NA
"JG",1,"2020-10-28_12h00.46.550","S1.1ConstantTotalFinal","2020.1.3",60,"XXXXX",1.505,"SHEETS","Identical",1.234999999,34,4,NA,NA,NA,NA
"JG",1,"2020-10-28_12h00.46.550","S1.1ConstantTotalFinal","2020.1.3",60,"XXXXX",264.82,"SMOOTH","Identical",0.649999998,35,4,NA,NA,NA,NA
"JG",1,"2020-10-28_12h00.46.550","S1.1ConstantTotalFinal","2020.1.3",60,"XXXXX",41749.225,"SWISS","Related",50.13,36,4,NA,NA,NA,"CHEESE"
"JG",1,"2020-10-28_12h00.46.550","S1.1ConstantTotalFinal","2020.1.3",60,"XXXXX",2.850000001,"SCALE","Related",3.560000001,37,4,NA,NA,NA,"WEIGHT"
"JG",1,"2020-10-28_12h00.46.550","S1.1ConstantTotalFinal","2020.1.3",60,"XXXXX",6.745000002,"CHAIR","Identical",1.125000002,38,4,NA,NA,NA,NA
"JG",1,"2020-10-28_12h00.46.550","S1.1ConstantTotalFinal","2020.1.3",60,"XXXXX",4.365000001,"ORANGE","Identical",1.254999999,39,4,NA,NA,NA,NA
"JG",1,"2020-10-28_12h00.46.550","S1.1ConstantTotalFinal","2020.1.3",60,"XXXXX",7989.15,"BUYER","Related",1.229999998,40,4,NA,NA,NA,"SELLER"
"JG",1,"2020-10-28_12h00.46.550","S1.1ConstantTotalFinal","2020.1.3",60,"XXXXX",96836.925,"MELLOW","Related",48.995,41,4,NA,NA,NA,"YELLOW"
"JG",1,"2020-10-28_12h00.46.550","S1.1ConstantTotalFinal","2020.1.3",60,"XXXXX",3.225,"CHOWDER","Related",1.080000002,42,4,NA,NA,NA,"CLAM"
