"participant","session","date","expName","psychopyVersion","frameRate","RecalledWord","RT","Prime","PrimeCon","PrimeDuration","OutputPosition","Block","StudyPosition","Studied","PrimeRecalledCondition","PrimeFor"
"JN",1,"2020-09-22_15h00.18.396","S2.4ConstantTotalFinal","2020.1.3",60,"HEAD ",1731.97,"firstword","firstword",NA,1,1,NA,NA,NA,NA
"JN",1,"2020-09-22_15h00.18.396","S2.4ConstantTotalFinal","2020.1.3",60,"BIKE ",1200.515,"TWELVE","Unrelated",48.74,2,1,NA,NA,NA,NA
"JN",1,"2020-09-22_15h00.18.396","S2.4ConstantTotalFinal","2020.1.3",60,"KNIT",984.32,"CLASS","Identical",49.68000017,3,1,2,"Studied",NA,NA
"JN",1,"2020-09-22_15h00.18.396","S2.4ConstantTotalFinal","2020.1.3",60,"CELL",981.3350001,"ROSE","Identical",50.88500003,4,1,3,"Studied",NA,NA
"JN",1,"2020-09-22_15h00.18.396","S2.4ConstantTotalFinal","2020.1.3",60,"GRACE",1083.61,"SELLER","Unrelated",49.67999994,5,1,NA,NA,NA,NA
"JN",1,"2020-09-22_15h00.18.396","S2.4ConstantTotalFinal","2020.1.3",60,"GRAVE",1566.64,"LAWYER","Unrelated",48.80499979,6,1,4,"Studied",NA,NA
"JN",1,"2020-09-22_15h00.18.396","S2.4ConstantTotalFinal","2020.1.3",60,"TOWN",865.6650002,"BREAD","Identical",49.68500021,7,1,5,"Studied",NA,NA
"JN",1,"2020-09-22_15h00.18.396","S2.4ConstantTotalFinal","2020.1.3",60,"DOCTOR",1834.555,"NUMBER","Unrelated",50.0599998,8,1,9,"Studied",NA,NA
"JN",1,"2020-09-22_15h00.18.396","S2.4ConstantTotalFinal","2020.1.3",60,"REPEAT",5083.51,"CHAIR","Unrelated",49.73000009,9,1,8,"Studied",NA,NA
"JN",1,"2020-09-22_15h00.18.396","S2.4ConstantTotalFinal","2020.1.3",60,"PENNY",1098.66,"TIMBER","Related",49.95999997,10,1,10,"Studied",NA,"WOOD"
"JN",1,"2020-09-22_15h00.18.396","S2.4ConstantTotalFinal","2020.1.3",60,"BREAD",1150.29,"BLOUSE","Related",48.51999995,11,1,12,"Studied","Identical","SHIRT"
"JN",1,"2020-09-22_15h00.18.396","S2.4ConstantTotalFinal","2020.1.3",60,"CLIMB",1483.65,"CAVITY","Related",51.79499998,12,1,14,"Studied",NA,"TOOTH"
"JN",1,"2020-09-22_15h00.18.396","S2.4ConstantTotalFinal","2020.1.3",60,"MILK",2981.965,"SKULL","Related",50.16500014,13,1,17,"Studied",NA,"HEAD"
"JN",1,"2020-09-22_15h00.18.396","S2.4ConstantTotalFinal","2020.1.3",60,"STUPID",1584.15,"BABY","Identical",51.32499989,14,1,6,"Studied",NA,NA
"JN",1,"2020-09-22_15h00.18.396","S2.4ConstantTotalFinal","2020.1.3",60,"CLASS",4218.025,"SMOOTH","Unrelated",49.75499981,15,1,22,"Studied","Identical",NA
"JN",1,"2020-09-22_15h00.18.396","S2.4ConstantTotalFinal","2020.1.3",60,"LIGHT",1131.895,"SELF","Identical",49.83000015,16,1,20,"Studied",NA,NA
"JN",1,"2020-09-22_15h00.18.396","S2.4ConstantTotalFinal","2020.1.3",60,"WOOD",3946.395,"STRESS","Identical",51.41999992,17,1,34,"Studied",NA,NA
"JN",1,"2020-09-22_15h00.18.396","S2.4ConstantTotalFinal","2020.1.3",60,"BABY",899.6899999,"BENEATH","Related",50.16999994,18,1,31,"Studied","Identical","UNDER"
"JN",1,"2020-09-22_15h00.18.396","S2.4ConstantTotalFinal","2020.1.3",60,"SHIRT",6599.755,"STING","Identical",50.1600001,19,1,40,"Studied",NA,NA
"JN",1,"2020-09-22_15h00.18.396","S2.4ConstantTotalFinal","2020.1.3",60,"SPOTS ",2231.33,"GRAFT","Related",50.2950002,20,1,NA,NA,NA,"SKIN"
"JN",1,"2020-09-22_15h00.18.396","S2.4ConstantTotalFinal","2020.1.3",60,"XXXXX",7999.895,"ESSAY","Related",49.86999999,21,1,NA,NA,NA,"WRITE"
"JN",1,"2020-09-22_15h00.18.396","S2.4ConstantTotalFinal","2020.1.3",60,"XXXXX",7998.725,"DAGGER","Unrelated",49.85000007,22,1,NA,NA,NA,NA
"JN",1,"2020-09-22_15h00.18.396","S2.4ConstantTotalFinal","2020.1.3",60,"NIGHTS",6316.445,"PROPER","Identical",49.7150002,23,1,24,"Studied",NA,NA
"JN",1,"2020-09-22_15h00.18.396","S2.4ConstantTotalFinal","2020.1.3",60,"GROUND",5740.505,"WORK","Unrelated",50.75499997,24,1,NA,NA,NA,NA
"JN",1,"2020-09-22_15h00.18.396","S2.4ConstantTotalFinal","2020.1.3",60,"FEEL",2334.035,"POLICY","Related",50.34999992,25,1,NA,NA,NA,"RULE"
"JN",1,"2020-09-22_15h00.18.396","S2.4ConstantTotalFinal","2020.1.3",60,"XXXXX",7999.685,"FRIGHT","Unrelated",36.2600002,26,1,NA,NA,NA,NA
"JN",1,"2020-09-22_15h00.18.396","S2.4ConstantTotalFinal","2020.1.3",60,"XXXXX",1722.535,"LAMB","Related",38.39499992,27,1,NA,NA,NA,"SHEEP"
"JN",1,"2020-09-22_15h00.18.396","S2.4ConstantTotalFinal","2020.1.3",60,"XXXXX",2189.045,"TOUCH","Identical",50.27000001,28,1,NA,NA,NA,NA
"JN",1,"2020-09-22_15h00.18.396","S2.4ConstantTotalFinal","2020.1.3",60,"XXXXX",2703.6,"SHAME","Related",50.12000003,29,1,NA,NA,NA,"GUILT"
"JN",1,"2020-09-22_15h00.18.396","S2.4ConstantTotalFinal","2020.1.3",60,"XXXXX",1121.605,"PEDAL","Related",45.56999984,30,1,NA,NA,NA,"BIKE"
"JN",1,"2020-09-22_15h00.18.396","S2.4ConstantTotalFinal","2020.1.3",60,"XXXXX",318.9749999,"MOVE","Identical",46.43999995,31,1,NA,NA,NA,NA
"JN",1,"2020-09-22_15h00.18.396","S2.4ConstantTotalFinal","2020.1.3",60,"XXXXX",353.8250001,"SPOTS","Identical",37.65000007,32,1,NA,NA,NA,NA
"JN",1,"2020-09-22_15h00.18.396","S2.4ConstantTotalFinal","2020.1.3",60,"XXXXX",340.7449999,"GUITAR","Unrelated",50.12500007,33,1,NA,NA,NA,NA
"JN",1,"2020-09-22_15h00.18.396","S2.4ConstantTotalFinal","2020.1.3",60,"XXXXX",366.6749999,"EXPLODE","Identical",49.27500011,34,1,NA,NA,NA,NA
"JN",1,"2020-09-22_15h00.18.396","S2.4ConstantTotalFinal","2020.1.3",60,"XXXXX",433.2999999,"CANYON","Related",49.75000001,35,1,NA,NA,NA,"GRAND"
"JN",1,"2020-09-22_15h00.18.396","S2.4ConstantTotalFinal","2020.1.3",60,"XXXXX",316.69,"PHONY","Related",50.23499997,36,1,NA,NA,NA,"FAKE"
"JN",1,"2020-09-22_15h00.18.396","S2.4ConstantTotalFinal","2020.1.3",60,"XXXXX",2567.41,"SUBJECT","Identical",50.01499993,37,1,NA,NA,NA,NA
"JN",1,"2020-09-22_15h00.18.396","S2.4ConstantTotalFinal","2020.1.3",60,"XXXXX",316.9000002,"ALGEBRA","Related",49.06500014,38,1,NA,NA,NA,"MATH"
"JN",1,"2020-09-22_15h00.18.396","S2.4ConstantTotalFinal","2020.1.3",60,"XXXXX",517.9099999,"THEFT","Related",49.69999986,39,1,NA,NA,NA,"STEAL"
"JN",1,"2020-09-22_15h00.18.396","S2.4ConstantTotalFinal","2020.1.3",60,"XXXXX",899.8699998,"ARMS","Identical",50.04999996,40,1,NA,NA,NA,NA
"JN",1,"2020-09-22_15h00.18.396","S2.4ConstantTotalFinal","2020.1.3",60,"XXXXX",382.21,"MIND","Related",50.58499984,41,1,NA,NA,NA,"BRAIN"
"JN",1,"2020-09-22_15h00.18.396","S2.4ConstantTotalFinal","2020.1.3",60,"XXXXX",333.63,"STREAM","Unrelated",50.12000003,42,1,NA,NA,NA,NA
"JN",1,"2020-09-22_15h00.18.396","S2.4ConstantTotalFinal","2020.1.3",60,"WRITE",2450.365,"firstword","firstword",NA,1,2,NA,NA,NA,NA
"JN",1,"2020-09-22_15h00.18.396","S2.4ConstantTotalFinal","2020.1.3",60,"WATER",2033.405,"HARD","Related",49.5399998,2,2,42,"Studied",NA,"SOFT"
"JN",1,"2020-09-22_15h00.18.396","S2.4ConstantTotalFinal","2020.1.3",60,"SMART ",932.6800001,"BELOW","Unrelated",50.4050001,3,2,NA,NA,NA,NA
"JN",1,"2020-09-22_15h00.18.396","S2.4ConstantTotalFinal","2020.1.3",60,"SILK",1250.035,"BRIDE","Unrelated",50.32000015,4,2,2,"Studied",NA,NA
"JN",1,"2020-09-22_15h00.18.396","S2.4ConstantTotalFinal","2020.1.3",60,"SMALL",2099.715,"BLACK","Unrelated",49.08500006,5,2,35,"Studied",NA,NA
"JN",1,"2020-09-22_15h00.18.396","S2.4ConstantTotalFinal","2020.1.3",60,"NINE",1297.895,"JEANS","Identical",49.75000001,6,2,5,"Studied",NA,NA
"JN",1,"2020-09-22_15h00.18.396","S2.4ConstantTotalFinal","2020.1.3",60,"BOSS",2332.615,"WORLD","Unrelated",49.37999998,7,2,6,"Studied",NA,NA
"JN",1,"2020-09-22_15h00.18.396","S2.4ConstantTotalFinal","2020.1.3",60,"BALL",898.0100001,"GREET","Related",50.41000014,8,2,NA,NA,NA,"HELLO"
"JN",1,"2020-09-22_15h00.18.396","S2.4ConstantTotalFinal","2020.1.3",60,"MAI",949.9649999,"GHOST","Unrelated",48.54000011,9,2,NA,NA,NA,NA
"JN",1,"2020-09-22_15h00.18.396","S2.4ConstantTotalFinal","2020.1.3",60,"MAID",983.1649999,"MAXIMUM","Related",50.1600001,10,2,14,"Studied",NA,"MINIMUM"
"JN",1,"2020-09-22_15h00.18.396","S2.4ConstantTotalFinal","2020.1.3",60,"SLEEP",2176.435,"PICTURE","Unrelated",49.98499993,11,2,8,"Studied",NA,NA
"JN",1,"2020-09-22_15h00.18.396","S2.4ConstantTotalFinal","2020.1.3",60,"SPICE",7755.39,"FINISH","Identical",49.46999997,12,2,39,"Studied",NA,NA
"JN",1,"2020-09-22_15h00.18.396","S2.4ConstantTotalFinal","2020.1.3",60,"XXXXX",8000.685,"CAMP","Unrelated",45.47500005,13,2,NA,NA,NA,NA
"JN",1,"2020-09-22_15h00.18.396","S2.4ConstantTotalFinal","2020.1.3",60,"PENCIL",5968.5,"SORRY","Unrelated",50.85,14,2,31,"Studied",NA,NA
"JN",1,"2020-09-22_15h00.18.396","S2.4ConstantTotalFinal","2020.1.3",60,"XXXXX",7997.49,"GRAMMAR","Related",46.25999997,15,2,NA,NA,NA,"ENGLISH"
"JN",1,"2020-09-22_15h00.18.396","S2.4ConstantTotalFinal","2020.1.3",60,"ANGRY",3949.45,"CAUSE","Related",50.79500005,16,2,NA,NA,NA,"EFFECT"
"JN",1,"2020-09-22_15h00.18.396","S2.4ConstantTotalFinal","2020.1.3",60,"XXXXX",7999.81,"MAIL","Related",50.17499998,17,2,NA,NA,NA,"LETTER"
"JN",1,"2020-09-22_15h00.18.396","S2.4ConstantTotalFinal","2020.1.3",60,"PAPER ",1418.485,"PRESENT","Unrelated",49.56499999,18,2,NA,NA,NA,NA
"JN",1,"2020-09-22_15h00.18.396","S2.4ConstantTotalFinal","2020.1.3",60,"LETTER",4800.215,"MARGIN","Related",49.82999992,19,2,26,"Studied",NA,"PAPER"
"JN",1,"2020-09-22_15h00.18.396","S2.4ConstantTotalFinal","2020.1.3",60,"XXXXX",7999.39,"BLAZE","Related",48.91999997,20,2,NA,NA,NA,"FIRE"
"JN",1,"2020-09-22_15h00.18.396","S2.4ConstantTotalFinal","2020.1.3",60,"XXXXX",881.5250001,"BANK","Identical",48.56500006,21,2,NA,NA,NA,NA
"JN",1,"2020-09-22_15h00.18.396","S2.4ConstantTotalFinal","2020.1.3",60,"XXXXX",417.23,"ROAD","Unrelated",50.51500001,22,2,NA,NA,NA,NA
"JN",1,"2020-09-22_15h00.18.396","S2.4ConstantTotalFinal","2020.1.3",60,"XXXXX",364.8599999,"VAGUE","Related",50.59999996,23,2,NA,NA,NA,"UNCLEAR"
"JN",1,"2020-09-22_15h00.18.396","S2.4ConstantTotalFinal","2020.1.3",60,"XXXXX",385.03,"WHEAT","Unrelated",50.66999979,24,2,NA,NA,NA,NA
"JN",1,"2020-09-22_15h00.18.396","S2.4ConstantTotalFinal","2020.1.3",60,"XXXXX",383.4299999,"DIGNITY","Related",50.28499989,25,2,NA,NA,NA,"PRIDE"
"JN",1,"2020-09-22_15h00.18.396","S2.4ConstantTotalFinal","2020.1.3",60,"XXXXX",350.505,"SMART","Identical",49.11499983,26,2,NA,NA,NA,NA
"JN",1,"2020-09-22_15h00.18.396","S2.4ConstantTotalFinal","2020.1.3",60,"XXXXX",349.895,"SHOES","Unrelated",50.40999991,27,2,NA,NA,NA,NA
"JN",1,"2020-09-22_15h00.18.396","S2.4ConstantTotalFinal","2020.1.3",60,"XXXXX",285.47,"FROG","Unrelated",49.14500006,28,2,NA,NA,NA,NA
"JN",1,"2020-09-22_15h00.18.396","S2.4ConstantTotalFinal","2020.1.3",60,"XXXXX",372.2249998,"MINOR","Unrelated",50.35499996,29,2,NA,NA,NA,NA
"JN",1,"2020-09-22_15h00.18.396","S2.4ConstantTotalFinal","2020.1.3",60,"XXXXX",335.1699999,"BACK","Related",46.21000006,30,2,NA,NA,NA,"FRONT"
"JN",1,"2020-09-22_15h00.18.396","S2.4ConstantTotalFinal","2020.1.3",60,"XXXXX",272.45,"SURE","Identical",37.86000004,31,2,NA,NA,NA,NA
"JN",1,"2020-09-22_15h00.18.396","S2.4ConstantTotalFinal","2020.1.3",60,"XXXXX",362.825,"HOOP","Unrelated",45.67499994,32,2,NA,NA,NA,NA
"JN",1,"2020-09-22_15h00.18.396","S2.4ConstantTotalFinal","2020.1.3",60,"XXXXX",318.4199999,"CASTLE","Identical",50.11499999,33,2,NA,NA,NA,NA
"JN",1,"2020-09-22_15h00.18.396","S2.4ConstantTotalFinal","2020.1.3",60,"XXXXX",929.37,"TIGHT","Unrelated",45.84500007,34,2,NA,NA,NA,NA
"JN",1,"2020-09-22_15h00.18.396","S2.4ConstantTotalFinal","2020.1.3",60,"XXXXX",384.8600001,"TRASH","Unrelated",50.32500019,35,2,NA,NA,NA,NA
"JN",1,"2020-09-22_15h00.18.396","S2.4ConstantTotalFinal","2020.1.3",60,"XXXXX",350.1050002,"TRAIN","Unrelated",49.92500017,36,2,NA,NA,NA,NA
"JN",1,"2020-09-22_15h00.18.396","S2.4ConstantTotalFinal","2020.1.3",60,"XXXXX",433.59,"COPY","Identical",49.20000001,37,2,NA,NA,NA,NA
"JN",1,"2020-09-22_15h00.18.396","S2.4ConstantTotalFinal","2020.1.3",60,"XXXXX",1083.675,"MONKEY","Identical",50.26499997,38,2,NA,NA,NA,NA
"JN",1,"2020-09-22_15h00.18.396","S2.4ConstantTotalFinal","2020.1.3",60,"XXXXX",466.9600001,"SWEET","Unrelated",51.94500019,39,2,NA,NA,NA,NA
"JN",1,"2020-09-22_15h00.18.396","S2.4ConstantTotalFinal","2020.1.3",60,"XXXXX",600.6499999,"DEVIL","Unrelated",49.58000011,40,2,NA,NA,NA,NA
"JN",1,"2020-09-22_15h00.18.396","S2.4ConstantTotalFinal","2020.1.3",60,"XXXXX",290.73,"HAUL","Related",48.435,41,2,NA,NA,NA,"CARRY"
"JN",1,"2020-09-22_15h00.18.396","S2.4ConstantTotalFinal","2020.1.3",60,"XXXXX",382.3899999,"SMILE","Unrelated",49.8850001,42,2,NA,NA,NA,NA
"JN",1,"2020-09-22_15h00.18.396","S2.4ConstantTotalFinal","2020.1.3",60,"JACKET",3066.415,"firstword","firstword",NA,1,3,35,"Studied",NA,NA
"JN",1,"2020-09-22_15h00.18.396","S2.4ConstantTotalFinal","2020.1.3",60,"WARM ",997.6650001,"LOSE","Identical",52.29000002,2,3,NA,NA,NA,NA
"JN",1,"2020-09-22_15h00.18.396","S2.4ConstantTotalFinal","2020.1.3",60,"HAPPY ",1466.985,"TENNIS","Unrelated",52.81000002,3,3,NA,NA,NA,NA
"JN",1,"2020-09-22_15h00.18.396","S2.4ConstantTotalFinal","2020.1.3",60,"PROBLEM",1467.735,"STRANGE","Identical",50.88,4,3,2,"Studied",NA,NA
"JN",1,"2020-09-22_15h00.18.396","S2.4ConstantTotalFinal","2020.1.3",60,"BREAK",1200.155,"CLEAR","Identical",49.78,5,3,3,"Studied",NA,NA
"JN",1,"2020-09-22_15h00.18.396","S2.4ConstantTotalFinal","2020.1.3",60,"SOUR",783.3700001,"CHIME","Related",49.61999995,6,3,4,"Studied",NA,"BELL"
"JN",1,"2020-09-22_15h00.18.396","S2.4ConstantTotalFinal","2020.1.3",60,"STICKY",1333.705,"LISTEN","Related",48.31500002,7,3,5,"Studied",NA,"HEAR"
"JN",1,"2020-09-22_15h00.18.396","S2.4ConstantTotalFinal","2020.1.3",60,"CHURCH",1706.88,"MAYBE","Identical",48.94500016,8,3,7,"Studied",NA,NA
"JN",1,"2020-09-22_15h00.18.396","S2.4ConstantTotalFinal","2020.1.3",60,"COLLECT",1351.73,"LICE","Related",46.24500009,9,3,9,"Studied",NA,"HAIR"
"JN",1,"2020-09-22_15h00.18.396","S2.4ConstantTotalFinal","2020.1.3",60,"SHIP",1555.97,"SEARCH","Related",45.64499995,10,3,10,"Studied",NA,"FIND"
"JN",1,"2020-09-22_15h00.18.396","S2.4ConstantTotalFinal","2020.1.3",60,"TREE",1001.77,"TOUR","Unrelated",45.78000004,11,3,11,"Studied",NA,NA
"JN",1,"2020-09-22_15h00.18.396","S2.4ConstantTotalFinal","2020.1.3",60,"STRANGE",1410.43,"CHAIN","Unrelated",48.23999992,12,3,12,"Studied","Identical",NA
"JN",1,"2020-09-22_15h00.18.396","S2.4ConstantTotalFinal","2020.1.3",60,"BOARD",999.755,"STREET","Identical",50.11499999,13,3,14,"Studied",NA,NA
"JN",1,"2020-09-22_15h00.18.396","S2.4ConstantTotalFinal","2020.1.3",60,"DESERT",1633.665,"CEILING","Related",49.91000006,14,3,15,"Studied",NA,"ROOF"
"JN",1,"2020-09-22_15h00.18.396","S2.4ConstantTotalFinal","2020.1.3",60,"MUSIC",1316.67,"SICK","Identical",50.54500001,15,3,NA,NA,NA,NA
"JN",1,"2020-09-22_15h00.18.396","S2.4ConstantTotalFinal","2020.1.3",60,"MAGIC",1748.26,"PICK","Related",49.38500002,16,3,19,"Studied",NA,"CHOOSE"
"JN",1,"2020-09-22_15h00.18.396","S2.4ConstantTotalFinal","2020.1.3",60,"TALK",883.1799999,"SEIZE","Related",49.46000013,17,3,20,"Studied",NA,"TAKE"
"JN",1,"2020-09-22_15h00.18.396","S2.4ConstantTotalFinal","2020.1.3",60,"ROOF",1949.595,"NONE","Identical",48.82000014,18,3,22,"Studied",NA,NA
"JN",1,"2020-09-22_15h00.18.396","S2.4ConstantTotalFinal","2020.1.3",60,"SWORD",1354.315,"THREAD","Unrelated",50.15500006,19,3,23,"Studied",NA,NA
"JN",1,"2020-09-22_15h00.18.396","S2.4ConstantTotalFinal","2020.1.3",60,"LETTUCE",2214.87,"SHOP","Related",50.13500014,20,3,24,"Studied",NA,"STORE"
"JN",1,"2020-09-22_15h00.18.396","S2.4ConstantTotalFinal","2020.1.3",60,"VOLCANO",2505.75,"SOAP","Unrelated",50.12500007,21,3,27,"Studied",NA,NA
"JN",1,"2020-09-22_15h00.18.396","S2.4ConstantTotalFinal","2020.1.3",60,"HEAR",2008.485,"ADORE","Related",50.19999994,22,3,28,"Studied",NA,"LOVE"
"JN",1,"2020-09-22_15h00.18.396","S2.4ConstantTotalFinal","2020.1.3",60,"DRESS",1181.505,"SUPPER","Unrelated",52.25000018,23,3,29,"Studied",NA,NA
"JN",1,"2020-09-22_15h00.18.396","S2.4ConstantTotalFinal","2020.1.3",60,"CHOOSE",1033.35,"SING","Identical",50.52000005,24,3,30,"Studied",NA,NA
"JN",1,"2020-09-22_15h00.18.396","S2.4ConstantTotalFinal","2020.1.3",60,"NONE",1899.975,"CANDLE","Unrelated",50.49000005,25,3,34,"Studied","Identical",NA
"JN",1,"2020-09-22_15h00.18.396","S2.4ConstantTotalFinal","2020.1.3",60,"YEAR",850.0599999,"GAME","Identical",49.43999997,26,3,33,"Studied",NA,NA
"JN",1,"2020-09-22_15h00.18.396","S2.4ConstantTotalFinal","2020.1.3",60,"JACKET",1533.405,"HAPPY","Identical",49.6100001,27,3,35,"Studied",NA,NA
"JN",1,"2020-09-22_15h00.18.396","S2.4ConstantTotalFinal","2020.1.3",60,"FOOD",868.585,"FOOD","Identical",40.25999992,28,3,36,"Studied","Identical",NA
"JN",1,"2020-09-22_15h00.18.396","S2.4ConstantTotalFinal","2020.1.3",60,"BELL",1662.195,"BRANCH","Unrelated",35.89499998,29,3,38,"Studied",NA,NA
"JN",1,"2020-09-22_15h00.18.396","S2.4ConstantTotalFinal","2020.1.3",60,"SING",1150,"HEATER","Related",51.04000005,30,3,37,"Studied","Identical","WARM"
"JN",1,"2020-09-22_15h00.18.396","S2.4ConstantTotalFinal","2020.1.3",60,"STREET",3552.365,"BUTTER","Unrelated",48.33499994,31,3,42,"Studied","Identical",NA
"JN",1,"2020-09-22_15h00.18.396","S2.4ConstantTotalFinal","2020.1.3",60,"WARM",1089.41,"NOSE","Unrelated",47.92000004,32,3,41,"Studied",NA,NA
"JN",1,"2020-09-22_15h00.18.396","S2.4ConstantTotalFinal","2020.1.3",60,"XXXXX",8000.405,"WILD","Unrelated",45.62500003,33,3,NA,NA,NA,NA
"JN",1,"2020-09-22_15h00.18.396","S2.4ConstantTotalFinal","2020.1.3",60,"XXXXX",7999.825,"SMELL","Identical",46.18000006,34,3,NA,NA,NA,NA
"JN",1,"2020-09-22_15h00.18.396","S2.4ConstantTotalFinal","2020.1.3",60,"XXXXX",1342.01,"LAUGH","Identical",50.22999994,35,3,NA,NA,NA,NA
"JN",1,"2020-09-22_15h00.18.396","S2.4ConstantTotalFinal","2020.1.3",60,"XXXXX",7999.47,"THIRST","Unrelated",49.17000001,36,3,NA,NA,NA,NA
"JN",1,"2020-09-22_15h00.18.396","S2.4ConstantTotalFinal","2020.1.3",60,"XXXXX",417.3650001,"STATES","Unrelated",49.26,37,3,NA,NA,NA,NA
"JN",1,"2020-09-22_15h00.18.396","S2.4ConstantTotalFinal","2020.1.3",60,"XXXXX",22.80499996,"SEEK","Unrelated",50.21999986,38,3,NA,NA,NA,NA
"JN",1,"2020-09-22_15h00.18.396","S2.4ConstantTotalFinal","2020.1.3",60,"XXXXX",320.4350001,"BALLET","Unrelated",36.93000018,39,3,NA,NA,NA,NA
"JN",1,"2020-09-22_15h00.18.396","S2.4ConstantTotalFinal","2020.1.3",60,"XXXXX",339.495,"NEWS","Unrelated",50.085,40,3,NA,NA,NA,NA
"JN",1,"2020-09-22_15h00.18.396","S2.4ConstantTotalFinal","2020.1.3",60,"XXXXX",336.255,"TOES","Unrelated",49.8850001,41,3,NA,NA,NA,NA
"JN",1,"2020-09-22_15h00.18.396","S2.4ConstantTotalFinal","2020.1.3",60,"XXXXX",1050.82,"CLUE","Unrelated",47.96000011,42,3,NA,NA,NA,NA
"JN",1,"2020-09-22_15h00.18.396","S2.4ConstantTotalFinal","2020.1.3",60,"NECK",1955.365,"firstword","firstword",NA,1,4,1,"Studied",NA,NA
"JN",1,"2020-09-22_15h00.18.396","S2.4ConstantTotalFinal","2020.1.3",60,"EXACT",2897.125,"GENUINE","Related",49.47500001,2,4,2,"Studied",NA,"REAL"
"JN",1,"2020-09-22_15h00.18.396","S2.4ConstantTotalFinal","2020.1.3",60,"BUSHY",3004.3,"POSTAGE","Related",49.70500013,3,4,NA,NA,NA,"STAMP"
"JN",1,"2020-09-22_15h00.18.396","S2.4ConstantTotalFinal","2020.1.3",60,"NERVOUS",2949.41,"HATE","Identical",46.1850001,4,4,NA,NA,NA,NA
"JN",1,"2020-09-22_15h00.18.396","S2.4ConstantTotalFinal","2020.1.3",60,"VOTE",1983.27,"GRASS","Unrelated",50.15000002,5,4,4,"Studied",NA,NA
"JN",1,"2020-09-22_15h00.18.396","S2.4ConstantTotalFinal","2020.1.3",60,"ANGRY",1149.765,"YOUNG","Identical",49.66500006,6,4,NA,NA,NA,NA
"JN",1,"2020-09-22_15h00.18.396","S2.4ConstantTotalFinal","2020.1.3",60,"DRUGS",2400.025,"SHARK","Unrelated",49.61500014,7,4,8,"Studied",NA,NA
"JN",1,"2020-09-22_15h00.18.396","S2.4ConstantTotalFinal","2020.1.3",60,"PACKAGE ",1715.095,"TEETH","Unrelated",50.38500018,8,4,NA,NA,NA,NA
"JN",1,"2020-09-22_15h00.18.396","S2.4ConstantTotalFinal","2020.1.3",60,"TRAILER",2555.825,"TIGER","Unrelated",50.05000019,9,4,12,"Studied",NA,NA
"JN",1,"2020-09-22_15h00.18.396","S2.4ConstantTotalFinal","2020.1.3",60,"DRAW",978.4549999,"SILENCE","Related",46.15499987,10,4,13,"Studied",NA,"QUIET"
"JN",1,"2020-09-22_15h00.18.396","S2.4ConstantTotalFinal","2020.1.3",60,"YOUNG",1032.925,"SILVER","Identical",49.23500004,11,4,14,"Studied","Identical",NA
"JN",1,"2020-09-22_15h00.18.396","S2.4ConstantTotalFinal","2020.1.3",60,"WOMAN",899.7749998,"GRAVY","Related",50.65499991,12,4,NA,NA,NA,"POTATO"
"JN",1,"2020-09-22_15h00.18.396","S2.4ConstantTotalFinal","2020.1.3",60,"CHILD",916.7300002,"FOUND","Unrelated",49.94500009,13,4,16,"Studied",NA,NA
"JN",1,"2020-09-22_15h00.18.396","S2.4ConstantTotalFinal","2020.1.3",60,"TOOL",1117.315,"SHORT","Unrelated",37.45000018,14,4,17,"Studied",NA,NA
"JN",1,"2020-09-22_15h00.18.396","S2.4ConstantTotalFinal","2020.1.3",60,"SHERIFF",3734.93,"SEVERAL","Related",46.21000006,15,4,21,"Studied",NA,"MANY"
"JN",1,"2020-09-22_15h00.18.396","S2.4ConstantTotalFinal","2020.1.3",60,"STAMP",1216.635,"WRONG","Identical",49.10499998,16,4,23,"Studied",NA,NA
"JN",1,"2020-09-22_15h00.18.396","S2.4ConstantTotalFinal","2020.1.3",60,"PLANE",1249.41,"SAME","Identical",50.31499988,17,4,NA,NA,NA,NA
"JN",1,"2020-09-22_15h00.18.396","S2.4ConstantTotalFinal","2020.1.3",60,"SPITS",1150.325,"BEFORE","Unrelated",49.41500002,18,4,NA,NA,NA,NA
"JN",1,"2020-09-22_15h00.18.396","S2.4ConstantTotalFinal","2020.1.3",60,"SPIT",971.8849999,"SHEARS","Related",48.59000002,19,4,25,"Studied",NA,"SCISSORS"
"JN",1,"2020-09-22_15h00.18.396","S2.4ConstantTotalFinal","2020.1.3",60,"SLIDE",1468.405,"KNIFE","Identical",52.05500009,20,4,26,"Studied",NA,NA
"JN",1,"2020-09-22_15h00.18.396","S2.4ConstantTotalFinal","2020.1.3",60,"KNIFE",3347.945,"PEPPER","Unrelated",37.87000012,21,4,34,"Studied","Identical",NA
"JN",1,"2020-09-22_15h00.18.396","S2.4ConstantTotalFinal","2020.1.3",60,"PIECES",2799.715,"PARDON","Related",50.44999998,22,4,NA,NA,NA,"EXCUSE"
"JN",1,"2020-09-22_15h00.18.396","S2.4ConstantTotalFinal","2020.1.3",60,"DEATH",1184.71,"THROW","Unrelated",49.98999997,23,4,37,"Studied",NA,NA
"JN",1,"2020-09-22_15h00.18.396","S2.4ConstantTotalFinal","2020.1.3",60,"TOCK",999.6200001,"TICK","Related",50.18499983,24,4,39,"Studied",NA,"TOCK"
"JN",1,"2020-09-22_15h00.18.396","S2.4ConstantTotalFinal","2020.1.3",60,"XXXXX",7988.45,"CANCER","Unrelated",50.04999996,25,4,NA,NA,NA,NA
"JN",1,"2020-09-22_15h00.18.396","S2.4ConstantTotalFinal","2020.1.3",60,"HATE",734.16,"PACKAGE","Identical",47.50499991,26,4,42,"Studied","Identical",NA
"JN",1,"2020-09-22_15h00.18.396","S2.4ConstantTotalFinal","2020.1.3",60,"RAIN",2416.675,"THICK","Related",47.82999982,27,4,40,"Studied",NA,"THIN"
"JN",1,"2020-09-22_15h00.18.396","S2.4ConstantTotalFinal","2020.1.3",60,"STRIPE",1649.095,"MINUTE","Unrelated",50.74999994,28,4,41,"Studied",NA,NA
"JN",1,"2020-09-22_15h00.18.396","S2.4ConstantTotalFinal","2020.1.3",60,"XXXXX",7999.63,"ANIMAL","Unrelated",51.01000005,29,4,NA,NA,NA,NA
"JN",1,"2020-09-22_15h00.18.396","S2.4ConstantTotalFinal","2020.1.3",60,"XXXXX",1473.265,"CLOSE","Unrelated",49.85000007,30,4,NA,NA,NA,NA
"JN",1,"2020-09-22_15h00.18.396","S2.4ConstantTotalFinal","2020.1.3",60,"XXXXX",904.72,"AGREE","Related",48.35000006,31,4,NA,NA,NA,"DISAGREE"
"JN",1,"2020-09-22_15h00.18.396","S2.4ConstantTotalFinal","2020.1.3",60,"XXXXX",2254.38,"SPOON","Unrelated",48.25999984,32,4,NA,NA,NA,NA
"JN",1,"2020-09-22_15h00.18.396","S2.4ConstantTotalFinal","2020.1.3",60,"XXXXX",982.7449999,"PURPOSE","Identical",35.81999987,33,4,NA,NA,NA,NA
"JN",1,"2020-09-22_15h00.18.396","S2.4ConstantTotalFinal","2020.1.3",60,"XXXXX",1169.89,"YOURS","Unrelated",49.72000001,34,4,NA,NA,NA,NA
"JN",1,"2020-09-22_15h00.18.396","S2.4ConstantTotalFinal","2020.1.3",60,"XXXXX",466.49,"CHARGE","Related",50.29000016,35,4,NA,NA,NA,"CARD"
"JN",1,"2020-09-22_15h00.18.396","S2.4ConstantTotalFinal","2020.1.3",60,"XXXXX",433.245,"ROCK","Unrelated",48.99000004,36,4,NA,NA,NA,NA
"JN",1,"2020-09-22_15h00.18.396","S2.4ConstantTotalFinal","2020.1.3",60,"XXXXX",706.8699999,"LEASE","Related",49.85000007,37,4,NA,NA,NA,"RENT"
"JN",1,"2020-09-22_15h00.18.396","S2.4ConstantTotalFinal","2020.1.3",60,"XXXXX",18.02999992,"CORAL","Unrelated",45.82000012,38,4,NA,NA,NA,NA
"JN",1,"2020-09-22_15h00.18.396","S2.4ConstantTotalFinal","2020.1.3",60,"XXXXX",318.4400001,"ANNOY","Identical",54.17999998,39,4,NA,NA,NA,NA
"JN",1,"2020-09-22_15h00.18.396","S2.4ConstantTotalFinal","2020.1.3",60,"XXXXX",333.3349999,"BUSH","Identical",37.04000008,40,4,NA,NA,NA,NA
"JN",1,"2020-09-22_15h00.18.396","S2.4ConstantTotalFinal","2020.1.3",60,"CLOWN",2628.625,"CLOWN","Identical",50.025,41,4,32,"Studied","Identical",NA
"JN",1,"2020-09-22_15h00.18.396","S2.4ConstantTotalFinal","2020.1.3",60,"MARRY",1488.16,"MARRY","Identical",49.60999987,42,4,15,"Studied","Identical",NA
