"participant","session","date","expName","psychopyVersion","frameRate","RecalledWord","RT","Prime","PrimeCon","PrimeDuration","OutputPosition","Block","StudyPosition","Studied","PrimeRecalledCondition","PrimeFor"
"KB",1,"2020-08-25_16h59.58.799","S2.3ConstantTotalFinal","2020.1.3",60,"EXACT",4534.345,"firstword","firstword",NA,1,1,1,"Studied",NA,NA
"KB",1,"2020-08-25_16h59.58.799","S2.3ConstantTotalFinal","2020.1.3",60,"PURPOSE",2266.895,"SEVERAL","Related",49.4649997,2,1,3,"Studied",NA,"MANY"
"KB",1,"2020-08-25_16h59.58.799","S2.3ConstantTotalFinal","2020.1.3",60,"HATE",1166.695,"CHILD","Identical",56.48500007,3,1,2,"Studied",NA,NA
"KB",1,"2020-08-25_16h59.58.799","S2.3ConstantTotalFinal","2020.1.3",60,"PLANE",3351.26,"PLANE","Identical",49.15500013,4,1,NA,NA,"Identical",NA
"KB",1,"2020-08-25_16h59.58.799","S2.3ConstantTotalFinal","2020.1.3",60,"PILOT",1898.255,"PIECE","Identical",49.56000019,5,1,NA,NA,NA,NA
"KB",1,"2020-08-25_16h59.58.799","S2.3ConstantTotalFinal","2020.1.3",60,"SCISSORS",4283.07,"PLIERS","Related",49.91499986,6,1,6,"Studied",NA,"TOOL"
"KB",1,"2020-08-25_16h59.58.799","S2.3ConstantTotalFinal","2020.1.3",60,"PACKAGE",2500.325,"PLEASE","Related",48.62500029,7,1,4,"Studied",NA,"THANKS"
"KB",1,"2020-08-25_16h59.58.799","S2.3ConstantTotalFinal","2020.1.3",60,"TOCK",2699.295,"GENUINE","Related",47.86500009,8,1,8,"Studied",NA,"REAL"
"KB",1,"2020-08-25_16h59.58.799","S2.3ConstantTotalFinal","2020.1.3",60,"CLOWN",996.6349998,"HAIL","Related",49.21499966,9,1,13,"Studied",NA,"RAIN"
"KB",1,"2020-08-25_16h59.58.799","S2.3ConstantTotalFinal","2020.1.3",60,"CHIEF",4651.905,"GRAVY","Related",50.59000012,10,1,NA,NA,NA,"POTATO"
"KB",1,"2020-08-25_16h59.58.799","S2.3ConstantTotalFinal","2020.1.3",60,"THIN",2616.58,"AGREE","Related",49.21999993,11,1,17,"Studied",NA,"DISAGREE"
"KB",1,"2020-08-25_16h59.58.799","S2.3ConstantTotalFinal","2020.1.3",60,"DRAW",2584.15,"BUSH","Identical",50.29999977,12,1,20,"Studied",NA,NA
"KB",1,"2020-08-25_16h59.58.799","S2.3ConstantTotalFinal","2020.1.3",60,"THANKS",1865.79,"FINGER","Unrelated",49.37499994,13,1,42,"Studied",NA,NA
"KB",1,"2020-08-25_16h59.58.799","S2.3ConstantTotalFinal","2020.1.3",60,"XXXXX",8001.17,"SAME","Identical",51.25000002,14,1,NA,NA,NA,NA
"KB",1,"2020-08-25_16h59.58.799","S2.3ConstantTotalFinal","2020.1.3",60,"KNIFE",5100.005,"KNIFE","Identical",50.83000008,15,1,29,"Studied","Identical",NA
"KB",1,"2020-08-25_16h59.58.799","S2.3ConstantTotalFinal","2020.1.3",60,"XXXXX",7999.71,"WHERE","Unrelated",49.37999975,16,1,NA,NA,NA,NA
"KB",1,"2020-08-25_16h59.58.799","S2.3ConstantTotalFinal","2020.1.3",60,"FUNERAL",6081.81,"POSTAGE","Related",50.02499977,17,1,NA,NA,NA,"STAMP"
"KB",1,"2020-08-25_16h59.58.799","S2.3ConstantTotalFinal","2020.1.3",60,"XXXXX",7999.26,"VOTE","Identical",49.6050003,18,1,NA,NA,NA,NA
"KB",1,"2020-08-25_16h59.58.799","S2.3ConstantTotalFinal","2020.1.3",60,"XXXXX",8000.555,"SPOON","Unrelated",49.01000019,19,1,NA,NA,NA,NA
"KB",1,"2020-08-25_16h59.58.799","S2.3ConstantTotalFinal","2020.1.3",60,"XXXXX",381.825,"NECK","Identical",66.70500012,20,1,NA,NA,NA,NA
"KB",1,"2020-08-25_16h59.58.799","S2.3ConstantTotalFinal","2020.1.3",60,"XXXXX",267.2000001,"DRUGS","Identical",49.11500029,21,1,NA,NA,NA,NA
"KB",1,"2020-08-25_16h59.58.799","S2.3ConstantTotalFinal","2020.1.3",60,"XXXXX",2233.965,"SILVER","Identical",50.96999975,22,1,NA,NA,NA,NA
"KB",1,"2020-08-25_16h59.58.799","S2.3ConstantTotalFinal","2020.1.3",60,"XXXXX",534.8650003,"SALIVA","Related",49.52500015,23,1,NA,NA,NA,"SPIT"
"KB",1,"2020-08-25_16h59.58.799","S2.3ConstantTotalFinal","2020.1.3",60,"XXXXX",116.9599998,"THROW","Unrelated",42.77499998,24,1,NA,NA,NA,NA
"KB",1,"2020-08-25_16h59.58.799","S2.3ConstantTotalFinal","2020.1.3",60,"XXXXX",267.98,"BIRTH","Related",49.57500007,25,1,NA,NA,NA,"DEATH"
"KB",1,"2020-08-25_16h59.58.799","S2.3ConstantTotalFinal","2020.1.3",60,"XXXXX",533.2999998,"WORST","Unrelated",49.56500046,26,1,NA,NA,NA,NA
"KB",1,"2020-08-25_16h59.58.799","S2.3ConstantTotalFinal","2020.1.3",60,"XXXXX",317.02,"TEETH","Unrelated",50.09499984,27,1,NA,NA,NA,NA
"KB",1,"2020-08-25_16h59.58.799","S2.3ConstantTotalFinal","2020.1.3",60,"TEACHER",5416.495,"YOURS","Unrelated",49.98000013,28,1,NA,NA,NA,NA
"KB",1,"2020-08-25_16h59.58.799","S2.3ConstantTotalFinal","2020.1.3",60,"XXXXX",1966.33,"IMMORAL","Related",48.91999997,29,1,NA,NA,NA,"WRONG"
"KB",1,"2020-08-25_16h59.58.799","S2.3ConstantTotalFinal","2020.1.3",60,"XXXXX",2477.28,"CORAL","Unrelated",49.2250002,30,1,NA,NA,NA,NA
"KB",1,"2020-08-25_16h59.58.799","S2.3ConstantTotalFinal","2020.1.3",60,"XXXXX",8001.48,"ENGAGE","Related",48.66500013,31,1,NA,NA,NA,"MARRY"
"KB",1,"2020-08-25_16h59.58.799","S2.3ConstantTotalFinal","2020.1.3",60,"XXXXX",8000.435,"PARDON","Related",48.37500025,32,1,NA,NA,NA,"EXCUSE"
"KB",1,"2020-08-25_16h59.58.799","S2.3ConstantTotalFinal","2020.1.3",60,"XXXXX",7998.12,"YOUNG","Identical",56.46000011,33,1,NA,NA,NA,NA
"KB",1,"2020-08-25_16h59.58.799","S2.3ConstantTotalFinal","2020.1.3",60,"XXXXX",7999.545,"TRACTOR","Related",51.71999987,34,1,NA,NA,NA,"TRAILER"
"KB",1,"2020-08-25_16h59.58.799","S2.3ConstantTotalFinal","2020.1.3",60,"XXXXX",7998.685,"LEASE","Related",49.55499992,35,1,NA,NA,NA,"RENT"
"KB",1,"2020-08-25_16h59.58.799","S2.3ConstantTotalFinal","2020.1.3",60,"XXXXX",284.2850001,"MUSCLE","Unrelated",49.75999985,36,1,NA,NA,NA,NA
"KB",1,"2020-08-25_16h59.58.799","S2.3ConstantTotalFinal","2020.1.3",60,"TALL",2750.125,"SHORT","Unrelated",48.19,37,1,NA,NA,NA,NA
"KB",1,"2020-08-25_16h59.58.799","S2.3ConstantTotalFinal","2020.1.3",60,"XXXXX",7999.445,"DEEP","Related",48.30000037,38,1,NA,NA,NA,"SHALLOW"
"KB",1,"2020-08-25_16h59.58.799","S2.3ConstantTotalFinal","2020.1.3",60,"XXXXX",811.2150002,"SLIDE","Identical",49.30499988,39,1,NA,NA,NA,NA
"KB",1,"2020-08-25_16h59.58.799","S2.3ConstantTotalFinal","2020.1.3",60,"XXXXX",1199.98,"BEFORE","Unrelated",49.66499982,40,1,NA,NA,NA,NA
"KB",1,"2020-08-25_16h59.58.799","S2.3ConstantTotalFinal","2020.1.3",60,"XXXXX",866.3350004,"SILENCE","Related",48.91999997,41,1,NA,NA,NA,"QUIET"
"KB",1,"2020-08-25_16h59.58.799","S2.3ConstantTotalFinal","2020.1.3",60,"XXXXX",5500.405,"CHARGE","Related",49.89499971,42,1,NA,NA,NA,"CARD"
"KB",1,"2020-08-25_16h59.58.799","S2.3ConstantTotalFinal","2020.1.3",60,"GRAND",1682.185,"firstword","firstword",NA,1,2,42,"Studied",NA,NA
"KB",1,"2020-08-25_16h59.58.799","S2.3ConstantTotalFinal","2020.1.3",60,"LIGHT",2000.22,"ROSE","Identical",67.95499986,2,2,1,"Studied",NA,NA
"KB",1,"2020-08-25_16h59.58.799","S2.3ConstantTotalFinal","2020.1.3",60,"ROSE",1166.95,"WRITE","Identical",51.01499986,3,2,2,"Studied","Identical",NA
"KB",1,"2020-08-25_16h59.58.799","S2.3ConstantTotalFinal","2020.1.3",60,"PROPER",2132.515,"STREAM","Unrelated",49.92000014,4,2,27,"Studied",NA,NA
"KB",1,"2020-08-25_16h59.58.799","S2.3ConstantTotalFinal","2020.1.3",60,"MATH",1466.51,"CELL","Identical",65.69499988,5,2,28,"Studied",NA,NA
"KB",1,"2020-08-25_16h59.58.799","S2.3ConstantTotalFinal","2020.1.3",60,"DOCTOR",1567.88,"STORY","Unrelated",49.29999961,6,2,29,"Studied",NA,NA
"KB",1,"2020-08-25_16h59.58.799","S2.3ConstantTotalFinal","2020.1.3",60,"SKIN",1817.27,"SHEEP","Identical",50.39000046,7,2,30,"Studied",NA,NA
"KB",1,"2020-08-25_16h59.58.799","S2.3ConstantTotalFinal","2020.1.3",60,"BIKE",1350.98,"LENGTH","Unrelated",50.9850001,8,2,32,"Studied",NA,NA
"KB",1,"2020-08-25_16h59.58.799","S2.3ConstantTotalFinal","2020.1.3",60,"PENNY",1584.54,"SHIFT","Related",49.76500012,9,2,33,"Studied",NA,"MOVE"
"KB",1,"2020-08-25_16h59.58.799","S2.3ConstantTotalFinal","2020.1.3",60,"GUILT",1252,"CRACKER","Unrelated",48.38499986,10,2,3,"Studied",NA,NA
"KB",1,"2020-08-25_16h59.58.799","S2.3ConstantTotalFinal","2020.1.3",60,"STRESS",1532.405,"LEGS","Related",50.42500002,11,2,5,"Studied",NA,"ARMS"
"KB",1,"2020-08-25_16h59.58.799","S2.3ConstantTotalFinal","2020.1.3",60,"TOOTH",1265.83,"CITY","Related",48.87000006,12,2,13,"Studied",NA,"TOWN"
"KB",1,"2020-08-25_16h59.58.799","S2.3ConstantTotalFinal","2020.1.3",60,"UNDER",1433.775,"SELF","Identical",48.7449998,13,2,14,"Studied",NA,NA
"KB",1,"2020-08-25_16h59.58.799","S2.3ConstantTotalFinal","2020.1.3",60,"BABY",2283.055,"EXPLODE","Identical",50.87499972,14,2,18,"Studied",NA,NA
"KB",1,"2020-08-25_16h59.58.799","S2.3ConstantTotalFinal","2020.1.3",60,"BRAIN",1367.35,"NEPHEW","Unrelated",49.1200001,15,2,19,"Studied",NA,NA
"KB",1,"2020-08-25_16h59.58.799","S2.3ConstantTotalFinal","2020.1.3",60,"ARMS",1517.22,"CHEESE","Unrelated",50.22000009,16,2,16,"Studied",NA,NA
"KB",1,"2020-08-25_16h59.58.799","S2.3ConstantTotalFinal","2020.1.3",60,"STEAL",1999.28,"TOUCH","Identical",51.17499968,17,2,17,"Studied",NA,NA
"KB",1,"2020-08-25_16h59.58.799","S2.3ConstantTotalFinal","2020.1.3",60,"RULE",6017.615,"FAKE","Identical",50.88,18,2,4,"Studied",NA,NA
"KB",1,"2020-08-25_16h59.58.799","S2.3ConstantTotalFinal","2020.1.3",60,"XXXXX",8000.6,"SONG","Unrelated",48.24000038,19,2,NA,NA,NA,NA
"KB",1,"2020-08-25_16h59.58.799","S2.3ConstantTotalFinal","2020.1.3",60,"XXXXX",8000.26,"AGAIN","Related",48.99499984,20,2,NA,NA,NA,"REPEAT"
"KB",1,"2020-08-25_16h59.58.799","S2.3ConstantTotalFinal","2020.1.3",60,"XXXXX",7990.635,"YARN","Related",49.21499966,21,2,NA,NA,NA,"KNIT"
"KB",1,"2020-08-25_16h59.58.799","S2.3ConstantTotalFinal","2020.1.3",60,"XXXXX",8000.215,"BIRD","Unrelated",50.18999986,22,2,NA,NA,NA,NA
"KB",1,"2020-08-25_16h59.58.799","S2.3ConstantTotalFinal","2020.1.3",60,"XPLODE",2049.125,"STUPID","Identical",48.97999996,23,2,NA,NA,NA,NA
"KB",1,"2020-08-25_16h59.58.799","S2.3ConstantTotalFinal","2020.1.3",60,"XXXXX",2085.905,"BLOUSE","Related",50.25499966,24,2,NA,NA,NA,"SHIRT"
"KB",1,"2020-08-25_16h59.58.799","S2.3ConstantTotalFinal","2020.1.3",60,"XXXXX",8000.185,"SELLER","Unrelated",51.20499991,25,2,NA,NA,NA,NA
"KB",1,"2020-08-25_16h59.58.799","S2.3ConstantTotalFinal","2020.1.3",60,"XXXXX",5733.075,"TOMB","Related",49.27999992,26,2,NA,NA,NA,"GRAVE"
"KB",1,"2020-08-25_16h59.58.799","S2.3ConstantTotalFinal","2020.1.3",60,"XXXXX",7999.155,"SKULL","Related",48.77500003,27,2,NA,NA,NA,"HEAD"
"KB",1,"2020-08-25_16h59.58.799","S2.3ConstantTotalFinal","2020.1.3",60,"XXXXX",3499,"NIGHTS","Identical",49.62999979,28,2,NA,NA,NA,NA
"KB",1,"2020-08-25_16h59.58.799","S2.3ConstantTotalFinal","2020.1.3",60,"XXXXX",8001.685,"WASP","Related",49.64999994,29,2,NA,NA,NA,"STING"
"KB",1,"2020-08-25_16h59.58.799","S2.3ConstantTotalFinal","2020.1.3",60,"XXXXX",399.4399998,"JAIL","Unrelated",48.70499996,30,2,NA,NA,NA,NA
"KB",1,"2020-08-25_16h59.58.799","S2.3ConstantTotalFinal","2020.1.3",60,"XXXXX",7999.49,"SUBJECT","Identical",49.28500019,31,2,NA,NA,NA,NA
"KB",1,"2020-08-25_16h59.58.799","S2.3ConstantTotalFinal","2020.1.3",60,"XXXXX",2115.24,"GALLON","Related",66.8250001,32,2,NA,NA,NA,"MILK"
"KB",1,"2020-08-25_16h59.58.799","S2.3ConstantTotalFinal","2020.1.3",60,"XXXXX",232.785,"TIMBER","Related",50.64000003,33,2,NA,NA,NA,"WOOD"
"KB",1,"2020-08-25_16h59.58.799","S2.3ConstantTotalFinal","2020.1.3",60,"XXXXX",298.7199998,"SESSION","Related",49.80000015,34,2,NA,NA,NA,"CLASS"
"KB",1,"2020-08-25_16h59.58.799","S2.3ConstantTotalFinal","2020.1.3",60,"XXXXX",449.12,"SPOTS","Identical",50.57499977,35,2,NA,NA,NA,NA
"KB",1,"2020-08-25_16h59.58.799","S2.3ConstantTotalFinal","2020.1.3",60,"XXXXX",533.415,"LOAF","Related",51.02499994,36,2,NA,NA,NA,"BREAD"
"KB",1,"2020-08-25_16h59.58.799","S2.3ConstantTotalFinal","2020.1.3",60,"XXXXX",817.9549999,"LADDER","Related",49.49499993,37,2,NA,NA,NA,"CLIMB"
"KB",1,"2020-08-25_16h59.58.799","S2.3ConstantTotalFinal","2020.1.3",60,"XXXXX",566.2400001,"CHANGE","Unrelated",48.9099999,38,2,NA,NA,NA,NA
"KB",1,"2020-08-25_16h59.58.799","S2.3ConstantTotalFinal","2020.1.3",60,"XXXXX",666.5750002,"TWELVE","Unrelated",50.35499996,39,2,NA,NA,NA,NA
"KB",1,"2020-08-25_16h59.58.799","S2.3ConstantTotalFinal","2020.1.3",60,"XXXXX",632.2750002,"LAWYER","Unrelated",50.36500003,40,2,NA,NA,NA,NA
"KB",1,"2020-08-25_16h59.58.799","S2.3ConstantTotalFinal","2020.1.3",60,"XXXXX",348.5599998,"FISH","Unrelated",51.03999982,41,2,NA,NA,NA,NA
"KB",1,"2020-08-25_16h59.58.799","S2.3ConstantTotalFinal","2020.1.3",60,"XXXXX",400.0949999,"NICKEL","Unrelated",49.82500011,42,2,NA,NA,NA,NA
"KB",1,"2020-08-25_16h59.58.799","S2.3ConstantTotalFinal","2020.1.3",60,"CARRY",1623.585,"firstword","firstword",NA,1,3,40,"Studied",NA,NA
"KB",1,"2020-08-25_16h59.58.799","S2.3ConstantTotalFinal","2020.1.3",60,"BOSS",1849.73,"VAGUE","Related",49.92000014,2,3,41,"Studied",NA,"UNCLEAR"
"KB",1,"2020-08-25_16h59.58.799","S2.3ConstantTotalFinal","2020.1.3",60,"NINE",3482.915,"JEANS","Identical",48.9099999,3,3,42,"Studied",NA,NA
"KB",1,"2020-08-25_16h59.58.799","S2.3ConstantTotalFinal","2020.1.3",60,"EFFECT",1565.01,"TRASH","Unrelated",48.44000004,4,3,1,"Studied",NA,NA
"KB",1,"2020-08-25_16h59.58.799","S2.3ConstantTotalFinal","2020.1.3",60,"SLEEP",1966.23,"PAPER","Identical",49.1200001,5,3,2,"Studied",NA,NA
"KB",1,"2020-08-25_16h59.58.799","S2.3ConstantTotalFinal","2020.1.3",60,"SOFT",4799.985,"MONKEY","Identical",49.47499977,6,3,34,"Studied",NA,NA
"KB",1,"2020-08-25_16h59.58.799","S2.3ConstantTotalFinal","2020.1.3",60,"MONKEY",2142.9,"DIGNITY","Related",50.32499973,7,3,33,"Studied","Identical","PRIDE"
"KB",1,"2020-08-25_16h59.58.799","S2.3ConstantTotalFinal","2020.1.3",60,"PROPER",2299.715,"DIRT","Unrelated",49.66000002,8,3,NA,NA,NA,NA
"KB",1,"2020-08-25_16h59.58.799","S2.3ConstantTotalFinal","2020.1.3",60,"TEACH",2315.89,"SPICE","Identical",50.63499976,9,3,NA,NA,NA,NA
"KB",1,"2020-08-25_16h59.58.799","S2.3ConstantTotalFinal","2020.1.3",60,"XXXXX",8012.325,"SCHEME","Related",49.17499982,10,3,NA,NA,NA,"PLAN"
"KB",1,"2020-08-25_16h59.58.799","S2.3ConstantTotalFinal","2020.1.3",60,"XXXXX",7999.14,"DESIRE","Related",49.28499972,11,3,NA,NA,NA,"WANT"
"KB",1,"2020-08-25_16h59.58.799","S2.3ConstantTotalFinal","2020.1.3",60,"XXXXX",8000.05,"SMILE","Unrelated",50.23499997,12,3,NA,NA,NA,NA
"KB",1,"2020-08-25_16h59.58.799","S2.3ConstantTotalFinal","2020.1.3",60,"XXXXX",8000.415,"ERASER","Related",49.53499977,13,3,NA,NA,NA,"PENCIL"
"KB",1,"2020-08-25_16h59.58.799","S2.3ConstantTotalFinal","2020.1.3",60,"XXXXX",8000.44,"THIEF","Unrelated",50.605,14,3,NA,NA,NA,NA
"KB",1,"2020-08-25_16h59.58.799","S2.3ConstantTotalFinal","2020.1.3",60,"XXXXX",7999.18,"SMART","Identical",48.72999992,15,3,NA,NA,NA,NA
"KB",1,"2020-08-25_16h59.58.799","S2.3ConstantTotalFinal","2020.1.3",60,"XXXXX",8016.76,"TELLER","Related",49.98999974,16,3,NA,NA,NA,"BANK"
"KB",1,"2020-08-25_16h59.58.799","S2.3ConstantTotalFinal","2020.1.3",60,"XXXXX",2683.705,"BORED","Related",50.055,17,3,NA,NA,NA,"TIRED"
"KB",1,"2020-08-25_16h59.58.799","S2.3ConstantTotalFinal","2020.1.3",60,"XXXXX",1098.505,"MEDIUM","Related",48.46000019,18,3,NA,NA,NA,"LARGE"
"KB",1,"2020-08-25_16h59.58.799","S2.3ConstantTotalFinal","2020.1.3",60,"XXXXX",66.81500003,"PICTURE","Unrelated",49.52500015,19,3,NA,NA,NA,NA
"KB",1,"2020-08-25_16h59.58.799","S2.3ConstantTotalFinal","2020.1.3",60,"XXXXX",499.2749998,"ANGER","Related",50.93999999,20,3,NA,NA,NA,"MAD"
"KB",1,"2020-08-25_16h59.58.799","S2.3ConstantTotalFinal","2020.1.3",60,"XXXXX",994.2700001,"BLACK","Unrelated",50.02499977,21,3,NA,NA,NA,NA
"KB",1,"2020-08-25_16h59.58.799","S2.3ConstantTotalFinal","2020.1.3",60,"XXXXX",148.8650003,"GREET","Related",49.78499981,22,3,NA,NA,NA,"HELLO"
"KB",1,"2020-08-25_16h59.58.799","S2.3ConstantTotalFinal","2020.1.3",60,"XXXXX",1015.555,"BELOW","Unrelated",48.95500001,23,3,NA,NA,NA,NA
"KB",1,"2020-08-25_16h59.58.799","S2.3ConstantTotalFinal","2020.1.3",60,"XXXXX",8004.605,"SHRINK","Related",49.74999977,24,3,NA,NA,NA,"SMALL"
"KB",1,"2020-08-25_16h59.58.799","S2.3ConstantTotalFinal","2020.1.3",60,"SMART",1350.145,"TIGHT","Unrelated",66.43000012,25,3,22,"Studied","Identical",NA
"KB",1,"2020-08-25_16h59.58.799","S2.3ConstantTotalFinal","2020.1.3",60,"XXXXX",7999.505,"OVEN","Identical",49.54000004,26,3,NA,NA,NA,NA
"KB",1,"2020-08-25_16h59.58.799","S2.3ConstantTotalFinal","2020.1.3",60,"XXXXX",7432.645,"BOAT","Related",50.76499982,27,3,NA,NA,NA,"WATER"
"KB",1,"2020-08-25_16h59.58.799","S2.3ConstantTotalFinal","2020.1.3",60,"XXXXX",4634.12,"FRONT","Identical",49.26999984,28,3,NA,NA,NA,NA
"KB",1,"2020-08-25_16h59.58.799","S2.3ConstantTotalFinal","2020.1.3",60,"XXXXX",949.9650002,"ONCE","Identical",48.99000004,29,3,NA,NA,NA,NA
"KB",1,"2020-08-25_16h59.58.799","S2.3ConstantTotalFinal","2020.1.3",60,"XXXXX",8000.32,"ALLOW","Identical",50.31000031,30,3,NA,NA,NA,NA
"KB",1,"2020-08-25_16h59.58.799","S2.3ConstantTotalFinal","2020.1.3",60,"XXXXX",1565.78,"LEARN","Unrelated",46.41000042,31,3,NA,NA,NA,NA
"KB",1,"2020-08-25_16h59.58.799","S2.3ConstantTotalFinal","2020.1.3",60,"XXXXX",8000.77,"MOAT","Related",50.21000002,32,3,NA,NA,NA,"CASTLE"
"KB",1,"2020-08-25_16h59.58.799","S2.3ConstantTotalFinal","2020.1.3",60,"XXXXX",932.7449999,"CARBON","Related",49.51999988,33,3,NA,NA,NA,"COPY"
"KB",1,"2020-08-25_16h59.58.799","S2.3ConstantTotalFinal","2020.1.3",60,"XXXXX",248.7599999,"SCRATCH","Related",50.34499988,34,3,NA,NA,NA,"ITCH"
"KB",1,"2020-08-25_16h59.58.799","S2.3ConstantTotalFinal","2020.1.3",60,"XXXXX",100.7400001,"FROG","Unrelated",48.19499981,35,3,NA,NA,NA,NA
"KB",1,"2020-08-25_16h59.58.799","S2.3ConstantTotalFinal","2020.1.3",60,"XXXXX",934.8849999,"MAXIMUM","Related",50.4399999,36,3,NA,NA,NA,"MINIMUM"
"KB",1,"2020-08-25_16h59.58.799","S2.3ConstantTotalFinal","2020.1.3",60,"XXXXX",2783.51,"BAKE","Related",49.97000005,37,3,NA,NA,NA,"CAKE"
"KB",1,"2020-08-25_16h59.58.799","S2.3ConstantTotalFinal","2020.1.3",60,"XXXXX",483.765,"MINOR","Unrelated",50.31000031,38,3,NA,NA,NA,NA
"KB",1,"2020-08-25_16h59.58.799","S2.3ConstantTotalFinal","2020.1.3",60,"XXXXX",8000.53,"FIRE","Identical",48.06500021,39,3,NA,NA,NA,NA
"KB",1,"2020-08-25_16h59.58.799","S2.3ConstantTotalFinal","2020.1.3",60,"XXXXX",584.785,"GLASSES","Identical",49.45999989,40,3,NA,NA,NA,NA
"KB",1,"2020-08-25_16h59.58.799","S2.3ConstantTotalFinal","2020.1.3",60,"XXXXX",8000.295,"LAKE","Unrelated",50.69500022,41,3,NA,NA,NA,NA
"KB",1,"2020-08-25_16h59.58.799","S2.3ConstantTotalFinal","2020.1.3",60,"XXXXX",8044.735,"MAIL","Related",48.04500006,42,3,NA,NA,NA,"LETTER"
"KB",1,"2020-08-25_16h59.58.799","S2.3ConstantTotalFinal","2020.1.3",60,"COLLECT ",3013.66,"firstword","firstword",NA,1,4,NA,NA,NA,NA
"KB",1,"2020-08-25_16h59.58.799","S2.3ConstantTotalFinal","2020.1.3",60,"LOSE",2411.385,"SHIP","Identical",48.72499965,2,4,42,"Studied",NA,NA
"KB",1,"2020-08-25_16h59.58.799","S2.3ConstantTotalFinal","2020.1.3",60,"DESERT",1720.265,"CANDLE","Unrelated",48.85500018,3,4,37,"Studied",NA,NA
"KB",1,"2020-08-25_16h59.58.799","S2.3ConstantTotalFinal","2020.1.3",60,"BREAK",1982.675,"STRANGE","Identical",48.98500023,4,4,35,"Studied",NA,NA
"KB",1,"2020-08-25_16h59.58.799","S2.3ConstantTotalFinal","2020.1.3",60,"GAME",1567.7,"GOURMET","Related",50.15999964,5,4,36,"Studied",NA,"FOOD"
"KB",1,"2020-08-25_16h59.58.799","S2.3ConstantTotalFinal","2020.1.3",60,"LAUGH",1851.645,"SOUR","Identical",48.77500003,6,4,34,"Studied",NA,NA
"KB",1,"2020-08-25_16h59.58.799","S2.3ConstantTotalFinal","2020.1.3",60,"TREE",1067.025,"STORE","Identical",51.91499973,7,4,1,"Studied",NA,NA
"KB",1,"2020-08-25_16h59.58.799","S2.3ConstantTotalFinal","2020.1.3",60,"HAPPY",1849.65,"MIGHT","Related",50.38999999,8,4,2,"Studied",NA,"MAYBE"
"KB",1,"2020-08-25_16h59.58.799","S2.3ConstantTotalFinal","2020.1.3",60,"ROOF",1349.01,"WARM","Identical",49.59500022,9,4,6,"Studied",NA,NA
"KB",1,"2020-08-25_16h59.58.799","S2.3ConstantTotalFinal","2020.1.3",60,"LOVE",1567.205,"VERB","Unrelated",49.40999998,10,4,8,"Studied",NA,NA
"KB",1,"2020-08-25_16h59.58.799","S2.3ConstantTotalFinal","2020.1.3",60,"LETTUCE",2099.18,"SICK","Identical",49.59500022,11,4,9,"Studied",NA,NA
"KB",1,"2020-08-25_16h59.58.799","S2.3ConstantTotalFinal","2020.1.3",60,"DRESS",1118.895,"STICKY","Identical",49.31500042,12,4,5,"Studied",NA,NA
"KB",1,"2020-08-25_16h59.58.799","S2.3ConstantTotalFinal","2020.1.3",60,"XXXXX",7999.69,"LESS","Unrelated",49.9900002,13,4,NA,NA,NA,NA
"KB",1,"2020-08-25_16h59.58.799","S2.3ConstantTotalFinal","2020.1.3",60,"ACKET",1383.71,"VOLCANO","Identical",49.75500004,14,4,NA,NA,NA,NA
"KB",1,"2020-08-25_16h59.58.799","S2.3ConstantTotalFinal","2020.1.3",60,"CKET",792.9349998,"BAND","Related",49.9549997,15,4,NA,NA,NA,"MUSIC "
"KB",1,"2020-08-25_16h59.58.799","S2.3ConstantTotalFinal","2020.1.3",60,"E",332.2300003,"CHIME","Related",50.93500018,16,4,NA,NA,NA,"BELL"
"KB",1,"2020-08-25_16h59.58.799","S2.3ConstantTotalFinal","2020.1.3",60,"XXXXX",7996.91,"MOTHER","Unrelated",51.59500008,17,4,NA,NA,NA,NA
"KB",1,"2020-08-25_16h59.58.799","S2.3ConstantTotalFinal","2020.1.3",60,"XXXXX",8003.45,"CLUE","Unrelated",49.37000014,18,4,NA,NA,NA,NA
"KB",1,"2020-08-25_16h59.58.799","S2.3ConstantTotalFinal","2020.1.3",60,"XXXXX",7999.47,"MAGIC","Identical",49.03000034,19,4,NA,NA,NA,NA
"KB",1,"2020-08-25_16h59.58.799","S2.3ConstantTotalFinal","2020.1.3",60,"XXXXX",8000.835,"NAVY","Unrelated",49.32999983,20,4,NA,NA,NA,NA
"KB",1,"2020-08-25_16h59.58.799","S2.3ConstantTotalFinal","2020.1.3",60,"XXXXX",8001.725,"BOARD","Identical",50.99499971,21,4,NA,NA,NA,NA
"KB",1,"2020-08-25_16h59.58.799","S2.3ConstantTotalFinal","2020.1.3",60,"AIR",1099.83,"SPIDER","Unrelated",50.1600001,22,4,NA,NA,NA,NA
"KB",1,"2020-08-25_16h59.58.799","S2.3ConstantTotalFinal","2020.1.3",60,"EAR",1100.445,"CLEAR","Identical",48.80500026,23,4,NA,NA,NA,NA
"KB",1,"2020-08-25_16h59.58.799","S2.3ConstantTotalFinal","2020.1.3",60,"BOARD",5217.15,"LISTEN","Related",49.72499982,24,4,33,"Studied","Identical","HEAR"
"KB",1,"2020-08-25_16h59.58.799","S2.3ConstantTotalFinal","2020.1.3",60,"XXXXX",7999.45,"KIDNAP","Unrelated",50.74999994,25,4,NA,NA,NA,NA
"KB",1,"2020-08-25_16h59.58.799","S2.3ConstantTotalFinal","2020.1.3",60,"XXXXX",3034.22,"NONE","Identical",50.46499986,26,4,NA,NA,NA,NA
"KB",1,"2020-08-25_16h59.58.799","S2.3ConstantTotalFinal","2020.1.3",60,"XXXXX",4237.79,"MOST","Unrelated",50.59499992,27,4,NA,NA,NA,NA
"KB",1,"2020-08-25_16h59.58.799","S2.3ConstantTotalFinal","2020.1.3",60,"XXXXX",482.2450001,"STREET","Identical",50.73500006,28,4,NA,NA,NA,NA
"KB",1,"2020-08-25_16h59.58.799","S2.3ConstantTotalFinal","2020.1.3",60,"XXXXX",849.8900002,"CHURCH","Identical",49.56499999,29,4,NA,NA,NA,NA
"KB",1,"2020-08-25_16h59.58.799","S2.3ConstantTotalFinal","2020.1.3",60,"XXXXX",1066.35,"MIDDLE","Unrelated",49.27999992,30,4,NA,NA,NA,NA
"KB",1,"2020-08-25_16h59.58.799","S2.3ConstantTotalFinal","2020.1.3",60,"XXXXX",3699.845,"SEEK","Unrelated",49.62499999,31,4,NA,NA,NA,NA
"KB",1,"2020-08-25_16h59.58.799","S2.3ConstantTotalFinal","2020.1.3",60,"XXXXX",666.04,"SWORD","Identical",49.70500013,32,4,NA,NA,NA,NA
"KB",1,"2020-08-25_16h59.58.799","S2.3ConstantTotalFinal","2020.1.3",60,"XXXXX",6367.145,"DECADE","Related",49.5000002,33,4,NA,NA,NA,"YEAR"
"KB",1,"2020-08-25_16h59.58.799","S2.3ConstantTotalFinal","2020.1.3",60,"XXXXX",6931.635,"SEARCH","Related",50.5049997,34,4,NA,NA,NA,"FIND"
"KB",1,"2020-08-25_16h59.58.799","S2.3ConstantTotalFinal","2020.1.3",60,"XXXXX",2949.865,"SING","Identical",48.42999997,35,4,NA,NA,NA,NA
"KB",1,"2020-08-25_16h59.58.799","S2.3ConstantTotalFinal","2020.1.3",60,"XXXXX",3583.47,"BRANCH","Unrelated",50.44999998,36,4,NA,NA,NA,NA
"KB",1,"2020-08-25_16h59.58.799","S2.3ConstantTotalFinal","2020.1.3",60,"XXXXX",1415.7,"TALK","Identical",49.62000018,37,4,NA,NA,NA,NA
"KB",1,"2020-08-25_16h59.58.799","S2.3ConstantTotalFinal","2020.1.3",60,"XXXXX",8000.825,"SMELL","Identical",49.505,38,4,NA,NA,NA,NA
"KB",1,"2020-08-25_16h59.58.799","S2.3ConstantTotalFinal","2020.1.3",60,"XXXXX",416.2900001,"LICE","Related",48.5650003,39,4,NA,NA,NA,"HAIR"
"KB",1,"2020-08-25_16h59.58.799","S2.3ConstantTotalFinal","2020.1.3",60,"XXXXX",433.0100003,"GATHER","Related",49.82000031,40,4,NA,NA,NA,"COLLECT"
"KB",1,"2020-08-25_16h59.58.799","S2.3ConstantTotalFinal","2020.1.3",60,"XXXXX",2869.375,"NOSE","Unrelated",48.49500023,41,4,NA,NA,NA,NA
"KB",1,"2020-08-25_16h59.58.799","S2.3ConstantTotalFinal","2020.1.3",60,"XXXXX",3635.605,"READ","Unrelated",49.57500007,42,4,NA,NA,NA,NA
