"DelayedWord","DelayedRT","Studied","StudyPosition","Block","ReportedPrimeFromDay1","Day1OutputPosition","Day1PrimeCondition","Day1Prime","Day1PrimeFor","RelatedPrimePresentedonDay1"
"BLACK",1366.725,"Studied",15,1,NA,"23","Related","HINGE","DOOR",NA
"TRASH",2417.17,"Studied",16,1,NA,NA,NA,NA,NA,"GARBAGE"
"BUTTER",1532.8,"Studied",1,2,NA,"1","firstword","firstword",NA,NA
"SQUARE",1867.42,"Studied",2,2,NA,"2","Unrelated","STREET",NA,NA
"THIEF",1983.63,"Studied",1,1,NA,"1","firstword","firstword",NA,NA
"SWEET",3066.275,"Studied",2,1,NA,"2","Identical","STOMACH",NA,NA
"SHOES",2083.36,"Studied",3,1,NA,"3","Identical","BELOW",NA,NA
"SORRY",1666.055,"Studied",4,1,"Identical","4","Identical","SORRY",NA,NA
"STOMACH",2217.515,"Studied",9,1,"Identical","7","Related","MARSH","SWAMP",NA
"SWAMP",1667.18,"Studied",10,1,NA,"8","Identical","SMOKE",NA,"MARSH"
"SMOKE",2035.27,"Studied",12,1,"Identical","9","Unrelated","OVEN",NA,NA
"SMILE",2167.055,"Studied",13,1,NA,"10","Related","GIFT","PRESENT",NA
"SPOON",1982.52,"Studied",16,3,"Identical",NA,NA,NA,NA,NA
"STARS",3733.43,"Studied",22,1,NA,"21","Identical","FROG",NA,NA
"CLUE",4182.99,"Studied",5,2,NA,"4","Related","TUTU","BALLET",NA
"MIDDLE",1366.49,"Studied",6,2,NA,"5","Related","ARMY","NAVY",NA
"GRASS",2617.175,"Studied",1,3,NA,"9","Identical","SHORT",NA,NA
"ENTER",2349.725,"Studied",4,3,NA,"11","Identical","MINUTE",NA,NA
"STAIRS",1449.205,"Studied",3,4,NA,"14","Unrelated","GRAVE",NA,NA
"TWELVE",2349.385,"Studied",4,4,NA,"15","Identical","DAGGER",NA,NA
"CLAM",1166.775,"Studied",6,4,NA,"17","Unrelated","ARMS",NA,NA
"CHEESE",2383.5,"Studied",9,4,NA,"20","Unrelated","WRITE",NA,NA
"BOMB",1616.405,"Studied",17,4,NA,"23","Related","DIME","NICKEL","ATOM"
"WEST",2084.525,"Studied",14,4,"Identical","28","Identical","HORN",NA,NA
"DREAM",1182.55,"Studied",12,4,NA,NA,NA,NA,NA,"IMAGINE"
"GUITAR",1400.545,"Studied",11,4,NA,"22","Identical","WORK",NA,NA
"EGGS",1683.135,"Studied",32,4,NA,"11","Identical","BIRD",NA,NA
"ORANGE",2016.34,"Studied",37,4,NA,"6","Unrelated","LIGHT",NA,NA
"DAGGER",2417.495,"Studied",20,4,"Identical","29","Related","SCARE","FRIGHT",NA
"CRACKER",2689.26,"Studied",21,4,"Identical","24","Related","HYMN","SONG",NA
"PICKLE",2004.845,"Studied",23,4,NA,"26","Unrelated","REPEAT",NA,NA
"FISH",2200.555,"Studied",31,4,NA,"27","Related","DIGIT","NUMBER","BAIT"
"WINTER",2350.655,"Studied",18,2,"Identical",NA,NA,NA,NA,NA
"DEVIL",1232.515,"Studied",28,1,NA,"27","Identical","HOOP",NA,NA
"KILL",1467.245,"Studied",29,1,"Identical","19","Identical","KILL",NA,NA
"KISS",966.795,"Studied",31,1,"Identical","18","Related","GLOBE","WORLD",NA
"BELOW",1325.46,"Studied",33,1,"Identical","17","Identical","KISS",NA,NA
"FIVE",1551.805,"Studied",41,1,NA,"15","Identical","TIGHT",NA,"FOUR"
"WHEAT",1626.63,"Studied",38,1,NA,"13","Related","CAMERA","PICTURE",NA
"STATES",2967.065,"Studied",23,2,NA,"19","Unrelated","FIND",NA,"UNITED"
"",482.565,NA,NA,NA,NA,NA,NA,NA,NA,NA
"",483.555,NA,NA,NA,NA,NA,NA,NA,NA,NA
"",300.275,NA,NA,NA,NA,NA,NA,NA,NA,NA
"",334.26,NA,NA,NA,NA,NA,NA,NA,NA,NA
"",315.98,NA,NA,NA,NA,NA,NA,NA,NA,NA
"",318.875,NA,NA,NA,NA,NA,NA,NA,NA,NA
"",282.77,NA,NA,NA,NA,NA,NA,NA,NA,NA
"",284.14,NA,NA,NA,NA,NA,NA,NA,NA,NA
"",283.435,NA,NA,NA,NA,NA,NA,NA,NA,NA
"",253.95,NA,NA,NA,NA,NA,NA,NA,NA,NA
"",250.435,NA,NA,NA,NA,NA,NA,NA,NA,NA
"",250.255,NA,NA,NA,NA,NA,NA,NA,NA,NA
"",241.795,NA,NA,NA,NA,NA,NA,NA,NA,NA
"",283.91,NA,NA,NA,NA,NA,NA,NA,NA,NA
"",268.27,NA,NA,NA,NA,NA,NA,NA,NA,NA
"",249.335,NA,NA,NA,NA,NA,NA,NA,NA,NA
"",214.39,NA,NA,NA,NA,NA,NA,NA,NA,NA
"",149.955,NA,NA,NA,NA,NA,NA,NA,NA,NA
"",216.62,NA,NA,NA,NA,NA,NA,NA,NA,NA
"",166.585,NA,NA,NA,NA,NA,NA,NA,NA,NA
"",184.375,NA,NA,NA,NA,NA,NA,NA,NA,NA
"",216.575,NA,NA,NA,NA,NA,NA,NA,NA,NA
"",201.49,NA,NA,NA,NA,NA,NA,NA,NA,NA
"",235.055,NA,NA,NA,NA,NA,NA,NA,NA,NA
"",266.29,NA,NA,NA,NA,NA,NA,NA,NA,NA
"",233.335,NA,NA,NA,NA,NA,NA,NA,NA,NA
"",205.145,NA,NA,NA,NA,NA,NA,NA,NA,NA
"",217.985,NA,NA,NA,NA,NA,NA,NA,NA,NA
"",150.78,NA,NA,NA,NA,NA,NA,NA,NA,NA
"",167.18,NA,NA,NA,NA,NA,NA,NA,NA,NA
"",49.765,NA,NA,NA,NA,NA,NA,NA,NA,NA
"",33.92,NA,NA,NA,NA,NA,NA,NA,NA,NA
"",601.025,NA,NA,NA,NA,NA,NA,NA,NA,NA
"",583.635,NA,NA,NA,NA,NA,NA,NA,NA,NA
"",100.23,NA,NA,NA,NA,NA,NA,NA,NA,NA
"",750.24,NA,NA,NA,NA,NA,NA,NA,NA,NA
"",316.955,NA,NA,NA,NA,NA,NA,NA,NA,NA
"",267.63,NA,NA,NA,NA,NA,NA,NA,NA,NA
"",966.925,NA,NA,NA,NA,NA,NA,NA,NA,NA
"",333.16,NA,NA,NA,NA,NA,NA,NA,NA,NA
"",433.39,NA,NA,NA,NA,NA,NA,NA,NA,NA
"",82.40499999,NA,NA,NA,NA,NA,NA,NA,NA,NA
"",201.705,NA,NA,NA,NA,NA,NA,NA,NA,NA
"",217.27,NA,NA,NA,NA,NA,NA,NA,NA,NA
"",183.035,NA,NA,NA,NA,NA,NA,NA,NA,NA
"",116.615,NA,NA,NA,NA,NA,NA,NA,NA,NA
"",165.77,NA,NA,NA,NA,NA,NA,NA,NA,NA
"",49.81000001,NA,NA,NA,NA,NA,NA,NA,NA,NA
"",200.285,NA,NA,NA,NA,NA,NA,NA,NA,NA
"",133.425,NA,NA,NA,NA,NA,NA,NA,NA,NA
"",214.555,NA,NA,NA,NA,NA,NA,NA,NA,NA
"",160.355,NA,NA,NA,NA,NA,NA,NA,NA,NA
"",149.9,NA,NA,NA,NA,NA,NA,NA,NA,NA
"",150.995,NA,NA,NA,NA,NA,NA,NA,NA,NA
"",159.19,NA,NA,NA,NA,NA,NA,NA,NA,NA
"",148.45,NA,NA,NA,NA,NA,NA,NA,NA,NA
"",117,NA,NA,NA,NA,NA,NA,NA,NA,NA
"",99.93,NA,NA,NA,NA,NA,NA,NA,NA,NA
"",83.84000001,NA,NA,NA,NA,NA,NA,NA,NA,NA
"",151,NA,NA,NA,NA,NA,NA,NA,NA,NA
