"participant","session","date","expName","psychopyVersion","frameRate","RecalledWord","RT","Prime","PrimeCon","PrimeDuration","OutputPosition","Block","StudyPosition","Studied","PrimeRecalledCondition","PrimeFor"
"LG",1,"2020-08-24_16h22.35.705","S2.2ConstantTotalFinal","2020.1.3",60,"HAPPY",1168,"firstword","firstword",NA,1,1,41,"Studied",NA,NA
"LG",1,"2020-08-24_16h22.35.705","S2.2ConstantTotalFinal","2020.1.3",60,"MUSIC",986,"WILD","Unrelated",48,2,1,NA,NA,NA,NA
"LG",1,"2020-08-24_16h22.35.705","S2.2ConstantTotalFinal","2020.1.3",60,"SHIP",2889,"CAMEL","Related",50,3,1,1,"Studied",NA,"DESERT"
"LG",1,"2020-08-24_16h22.35.705","S2.2ConstantTotalFinal","2020.1.3",60,"SWORD",1702,"HEAR","Identical",50,4,1,2,"Studied",NA,NA
"LG",1,"2020-08-24_16h22.35.705","S2.2ConstantTotalFinal","2020.1.3",60,"SING",884,"PICK","Related",50,5,1,3,"Studied",NA,"CHOOSE"
"LG",1,"2020-08-24_16h22.35.705","S2.2ConstantTotalFinal","2020.1.3",60,"PROBLEM",1720,"MOST","Unrelated",50,6,1,4,"Studied",NA,NA
"LG",1,"2020-08-24_16h22.35.705","S2.2ConstantTotalFinal","2020.1.3",60,"CLEAR",969,"SALAD","Related",51,7,1,34,"Studied",NA,"LETTUCE"
"LG",1,"2020-08-24_16h22.35.705","S2.2ConstantTotalFinal","2020.1.3",60,"TREE",969,"HAIR","Identical",50,8,1,27,"Studied",NA,NA
"LG",1,"2020-08-24_16h22.35.705","S2.2ConstantTotalFinal","2020.1.3",60,"CHOOSE",7880,"MIGHT","Related",50,9,1,30,"Studied",NA,"MAYBE"
"LG",1,"2020-08-24_16h22.35.705","S2.2ConstantTotalFinal","2020.1.3",60,"XXXXX",7999,"TEST","Unrelated",50,10,1,NA,NA,NA,NA
"LG",1,"2020-08-24_16h22.35.705","S2.2ConstantTotalFinal","2020.1.3",60,"XXXXX",7998,"SLOW","Unrelated",50,11,1,NA,NA,NA,NA
"LG",1,"2020-08-24_16h22.35.705","S2.2ConstantTotalFinal","2020.1.3",60,"XXXXX",7999,"LOSE","Identical",51,12,1,NA,NA,NA,NA
"LG",1,"2020-08-24_16h22.35.705","S2.2ConstantTotalFinal","2020.1.3",60,"MONARCH",6930,"STORE","Identical",50,13,1,NA,NA,NA,NA
"LG",1,"2020-08-24_16h22.35.705","S2.2ConstantTotalFinal","2020.1.3",60,"XXXXX",7998,"PAIN","Unrelated",50,14,1,NA,NA,NA,NA
"LG",1,"2020-08-24_16h22.35.705","S2.2ConstantTotalFinal","2020.1.3",60,"SMELL",2721,"ZERO","Related",49,15,1,25,"Studied",NA,"NONE"
"LG",1,"2020-08-24_16h22.35.705","S2.2ConstantTotalFinal","2020.1.3",60,"BREAK",1068,"BRANCH","Unrelated",51,16,1,26,"Studied",NA,NA
"LG",1,"2020-08-24_16h22.35.705","S2.2ConstantTotalFinal","2020.1.3",60,"TREE",5844,"CHIME","Related",50,17,1,27,"Studied",NA,"BELL"
"LG",1,"2020-08-24_16h22.35.705","S2.2ConstantTotalFinal","2020.1.3",60,"LOVE",6044,"VIRUS","Related",50,18,1,5,"Studied",NA,"SICK"
"LG",1,"2020-08-24_16h22.35.705","S2.2ConstantTotalFinal","2020.1.3",60,"XXXXX",7999,"GOURMET","Related",50,19,1,NA,NA,NA,"FOOD"
"LG",1,"2020-08-24_16h22.35.705","S2.2ConstantTotalFinal","2020.1.3",60,"XXXXX",7998,"NAVY","Unrelated",51,20,1,NA,NA,NA,NA
"LG",1,"2020-08-24_16h22.35.705","S2.2ConstantTotalFinal","2020.1.3",60,"GAME",2204,"SQUARE","Unrelated",50,21,1,10,"Studied",NA,NA
"LG",1,"2020-08-24_16h22.35.705","S2.2ConstantTotalFinal","2020.1.3",60,"LOSE",1352,"BALLET","Unrelated",49,22,1,11,"Studied","Identical",NA
"LG",1,"2020-08-24_16h22.35.705","S2.2ConstantTotalFinal","2020.1.3",60,"XXXXX",7999,"THREAD","Unrelated",51,23,1,NA,NA,NA,NA
"LG",1,"2020-08-24_16h22.35.705","S2.2ConstantTotalFinal","2020.1.3",60,"XXXXX",7997,"VOLCANO","Identical",50,24,1,NA,NA,NA,NA
"LG",1,"2020-08-24_16h22.35.705","S2.2ConstantTotalFinal","2020.1.3",60,"XXXXX",7998,"YEAR","Identical",51,25,1,NA,NA,NA,NA
"LG",1,"2020-08-24_16h22.35.705","S2.2ConstantTotalFinal","2020.1.3",60,"FLASH",6177,"MIDDLE","Unrelated",50,26,1,NA,NA,NA,NA
"LG",1,"2020-08-24_16h22.35.705","S2.2ConstantTotalFinal","2020.1.3",60,"XXXXX",7997,"SOUR","Identical",50,27,1,NA,NA,NA,NA
"LG",1,"2020-08-24_16h22.35.705","S2.2ConstantTotalFinal","2020.1.3",60,"SWORD",6278,"MOTHER","Unrelated",50,28,1,2,"Studied",NA,NA
"LG",1,"2020-08-24_16h22.35.705","S2.2ConstantTotalFinal","2020.1.3",60,"XXXXX",7998,"BOARD","Identical",50,29,1,NA,NA,NA,NA
"LG",1,"2020-08-24_16h22.35.705","S2.2ConstantTotalFinal","2020.1.3",60,"XXXXX",7999,"BORROW","Unrelated",50,30,1,NA,NA,NA,NA
"LG",1,"2020-08-24_16h22.35.705","S2.2ConstantTotalFinal","2020.1.3",60,"XXXXX",7998,"SOAP","Unrelated",50,31,1,NA,NA,NA,NA
"LG",1,"2020-08-24_16h22.35.705","S2.2ConstantTotalFinal","2020.1.3",60,"XXXXX",7999,"ROOF","Identical",49,32,1,NA,NA,NA,NA
"LG",1,"2020-08-24_16h22.35.705","S2.2ConstantTotalFinal","2020.1.3",60,"XXXXX",7998,"CHAPEL","Related",50,33,1,NA,NA,NA,"CHURCH"
"LG",1,"2020-08-24_16h22.35.705","S2.2ConstantTotalFinal","2020.1.3",60,"JACKE",7998,"TOES","Unrelated",50,34,1,NA,NA,NA,NA
"LG",1,"2020-08-24_16h22.35.705","S2.2ConstantTotalFinal","2020.1.3",60,"JACKET",1136,"WAND","Related",50,35,1,12,"Studied",NA,"MAGIC"
"LG",1,"2020-08-24_16h22.35.705","S2.2ConstantTotalFinal","2020.1.3",60,"DRESS",2119,"STRANGE","Identical",49,36,1,16,"Studied",NA,NA
"LG",1,"2020-08-24_16h22.35.705","S2.2ConstantTotalFinal","2020.1.3",60,"STORE",1103,"NEWS","Unrelated",49,37,1,8,"Studied","Identical",NA
"LG",1,"2020-08-24_16h22.35.705","S2.2ConstantTotalFinal","2020.1.3",60,"HAIR",2054,"WARM","Identical",50,38,1,9,"Studied","Identical",NA
"LG",1,"2020-08-24_16h22.35.705","S2.2ConstantTotalFinal","2020.1.3",60,"TAKE",3790,"TAKE","Identical",51,39,1,7,"Studied","Identical",NA
"LG",1,"2020-08-24_16h22.35.705","S2.2ConstantTotalFinal","2020.1.3",60,"XXXXX",7999,"COLLECT","Identical",50,40,1,NA,NA,NA,NA
"LG",1,"2020-08-24_16h22.35.705","S2.2ConstantTotalFinal","2020.1.3",60,"COLLECT",1619,"FIND","Identical",50,41,1,17,"Studied","Identical",NA
"LG",1,"2020-08-24_16h22.35.705","S2.2ConstantTotalFinal","2020.1.3",60,"XXXXX",7999,"ALIVE","Unrelated",51,42,1,NA,NA,NA,NA
"LG",1,"2020-08-24_16h22.35.705","S2.2ConstantTotalFinal","2020.1.3",60,"YOUNG",1186,"firstword","firstword",NA,1,2,41,"Studied",NA,NA
"LG",1,"2020-08-24_16h22.35.705","S2.2ConstantTotalFinal","2020.1.3",60,"DISAGREE",1603,"PART","Related",50,2,2,42,"Studied",NA,"PIECE"
"LG",1,"2020-08-24_16h22.35.705","S2.2ConstantTotalFinal","2020.1.3",60,"POTATO",1586,"DISLIKE","Related",50,3,2,20,"Studied",NA,"HATE"
"LG",1,"2020-08-24_16h22.35.705","S2.2ConstantTotalFinal","2020.1.3",60,"CARD",969,"WRONG","Identical",50,4,2,19,"Studied",NA,NA
"LG",1,"2020-08-24_16h22.35.705","S2.2ConstantTotalFinal","2020.1.3",60,"MARRY",968,"SLIDE","Identical",50,5,2,22,"Studied",NA,NA
"LG",1,"2020-08-24_16h22.35.705","S2.2ConstantTotalFinal","2020.1.3",60,"VOTE",767,"AIRPORT","Related",50,6,2,21,"Studied",NA,"PLANE "
"LG",1,"2020-08-24_16h22.35.705","S2.2ConstantTotalFinal","2020.1.3",60,"DRUGS",1286,"MINUTE","Unrelated",50,7,2,25,"Studied",NA,NA
"LG",1,"2020-08-24_16h22.35.705","S2.2ConstantTotalFinal","2020.1.3",60,"WRONG",1051,"SPOON","Unrelated",49,8,2,26,"Studied","Identical",NA
"LG",1,"2020-08-24_16h22.35.705","S2.2ConstantTotalFinal","2020.1.3",60,"HATE",702,"ADULT","Related",51,9,2,27,"Studied",NA,"CHILD"
"LG",1,"2020-08-24_16h22.35.705","S2.2ConstantTotalFinal","2020.1.3",60,"SPIT",835,"DEATH","Identical",50,10,2,24,"Studied",NA,NA
"LG",1,"2020-08-24_16h22.35.705","S2.2ConstantTotalFinal","2020.1.3",60,"SILVER",1570,"ROCK","Unrelated",50,11,2,29,"Studied",NA,NA
"LG",1,"2020-08-24_16h22.35.705","S2.2ConstantTotalFinal","2020.1.3",60,"EXACT",1353,"ZEBRA","Related",50,12,2,30,"Studied",NA,"STRIPE"
"LG",1,"2020-08-24_16h22.35.705","S2.2ConstantTotalFinal","2020.1.3",60,"THIN",884,"SKETCH","Related",50,13,2,4,"Studied",NA,"DRAW"
"LG",1,"2020-08-24_16h22.35.705","S2.2ConstantTotalFinal","2020.1.3",60,"SCISSORS",1870,"ANIMAL","Unrelated",50,14,2,7,"Studied",NA,NA
"LG",1,"2020-08-24_16h22.35.705","S2.2ConstantTotalFinal","2020.1.3",60,"CLOWN",1619,"SHERIFF","Identical",49,15,2,15,"Studied",NA,NA
"LG",1,"2020-08-24_16h22.35.705","S2.2ConstantTotalFinal","2020.1.3",60,"SCISSORS",3656,"INTENT","Related",50,16,2,7,"Studied",NA,"PURPOSE"
"LG",1,"2020-08-24_16h22.35.705","S2.2ConstantTotalFinal","2020.1.3",60,"DRAW",4007,"SAME","Identical",49,17,2,12,"Studied",NA,NA
"LG",1,"2020-08-24_16h22.35.705","S2.2ConstantTotalFinal","2020.1.3",60,"SHERIFF",2355,"TICK","Related",50,18,2,11,"Studied","Identical","TOCK"
"LG",1,"2020-08-24_16h22.35.705","S2.2ConstantTotalFinal","2020.1.3",60,"SHALLOW",3323,"TRACTOR","Related",50,19,2,5,"Studied",NA,"TRAILER"
"LG",1,"2020-08-24_16h22.35.705","S2.2ConstantTotalFinal","2020.1.3",60,"QUIET",1619,"TOOL","Identical",50,20,2,2,"Studied",NA,NA
"LG",1,"2020-08-24_16h22.35.705","S2.2ConstantTotalFinal","2020.1.3",60,"BUSH",984,"SEVERAL","Related",51,21,2,39,"Studied",NA,"MANY"
"LG",1,"2020-08-24_16h22.35.705","S2.2ConstantTotalFinal","2020.1.3",60,"SLIDE",1085,"RENT","Identical",50,22,2,38,"Studied","Identical",NA
"LG",1,"2020-08-24_16h22.35.705","S2.2ConstantTotalFinal","2020.1.3",60,"XXXXX",7998,"THANKS","Identical",50,23,2,NA,NA,NA,NA
"LG",1,"2020-08-24_16h22.35.705","S2.2ConstantTotalFinal","2020.1.3",60,"TOCK",3239,"BEHIND","Unrelated",50,24,2,1,"Studied",NA,NA
"LG",1,"2020-08-24_16h22.35.705","S2.2ConstantTotalFinal","2020.1.3",60,"CLOWN",2839,"PARDON","Related",51,25,2,15,"Studied",NA,"EXCUSE"
"LG",1,"2020-08-24_16h22.35.705","S2.2ConstantTotalFinal","2020.1.3",60,"XXXXX",7998,"MEAN","Unrelated",50,26,2,NA,NA,NA,NA
"LG",1,"2020-08-24_16h22.35.705","S2.2ConstantTotalFinal","2020.1.3",60,"XXXXX",7998,"LEAVES","Unrelated",50,27,2,NA,NA,NA,NA
"LG",1,"2020-08-24_16h22.35.705","S2.2ConstantTotalFinal","2020.1.3",60,"XXXXX",7997,"BLADE","Related",50,28,2,NA,NA,NA,"KNIFE"
"LG",1,"2020-08-24_16h22.35.705","S2.2ConstantTotalFinal","2020.1.3",60,"XXXXX",7998,"TEETH","Unrelated",50,29,2,NA,NA,NA,NA
"LG",1,"2020-08-24_16h22.35.705","S2.2ConstantTotalFinal","2020.1.3",60,"XXXXX",7998,"THROAT","Related",50,30,2,NA,NA,NA,"NECK"
"LG",1,"2020-08-24_16h22.35.705","S2.2ConstantTotalFinal","2020.1.3",60,"XXXXX",7998,"HAIL","Related",49,31,2,NA,NA,NA,"RAIN"
"LG",1,"2020-08-24_16h22.35.705","S2.2ConstantTotalFinal","2020.1.3",60,"XXXXX",7999,"GIRLS","Unrelated",50,32,2,NA,NA,NA,NA
"LG",1,"2020-08-24_16h22.35.705","S2.2ConstantTotalFinal","2020.1.3",60,"CHILD",5226,"POSTAGE","Related",50,33,2,14,"Studied",NA,"STAMP"
"LG",1,"2020-08-24_16h22.35.705","S2.2ConstantTotalFinal","2020.1.3",60,"XXXXX",7998,"FINGER","Unrelated",51,34,2,NA,NA,NA,NA
"LG",1,"2020-08-24_16h22.35.705","S2.2ConstantTotalFinal","2020.1.3",60,"XXXXX",7998,"QUEEN","Unrelated",50,35,2,NA,NA,NA,NA
"LG",1,"2020-08-24_16h22.35.705","S2.2ConstantTotalFinal","2020.1.3",60,"XXXXX",7998,"ANNOY","Identical",50,36,2,NA,NA,NA,NA
"LG",1,"2020-08-24_16h22.35.705","S2.2ConstantTotalFinal","2020.1.3",60,"XXXXX",7997,"PARCEL","Related",49,37,2,NA,NA,NA,"PACKAGE"
"LG",1,"2020-08-24_16h22.35.705","S2.2ConstantTotalFinal","2020.1.3",60,"PIECE",6814,"GENUINE","Related",51,38,2,3,"Studied",NA,"REAL"
"LG",1,"2020-08-24_16h22.35.705","S2.2ConstantTotalFinal","2020.1.3",60,"XXXXX",7998,"GRASS","Unrelated",50,39,2,NA,NA,NA,NA
"LG",1,"2020-08-24_16h22.35.705","S2.2ConstantTotalFinal","2020.1.3",60,"XXXXX",7998,"TIGER","Unrelated",51,40,2,NA,NA,NA,NA
"LG",1,"2020-08-24_16h22.35.705","S2.2ConstantTotalFinal","2020.1.3",60,"XXXXX",7998,"WHERE","Unrelated",51,41,2,NA,NA,NA,NA
"LG",1,"2020-08-24_16h22.35.705","S2.2ConstantTotalFinal","2020.1.3",60,"XXXXX",7997,"FENCE","Unrelated",50,42,2,NA,NA,NA,NA
"LG",1,"2020-08-24_16h22.35.705","S2.2ConstantTotalFinal","2020.1.3",60,"SPOT",1068,"firstword","firstword",NA,1,3,NA,NA,NA,NA
"LG",1,"2020-08-24_16h22.35.705","S2.2ConstantTotalFinal","2020.1.3",60,"BRAIN",1169,"NEPHEW","Unrelated",50,2,3,27,"Studied",NA,NA
"LG",1,"2020-08-24_16h22.35.705","S2.2ConstantTotalFinal","2020.1.3",60,"RULE",852,"STOP","Unrelated",50,3,3,28,"Studied",NA,NA
"LG",1,"2020-08-24_16h22.35.705","S2.2ConstantTotalFinal","2020.1.3",60,"ROSE",668,"LAWYER","Unrelated",49,4,3,40,"Studied",NA,NA
"LG",1,"2020-08-24_16h22.35.705","S2.2ConstantTotalFinal","2020.1.3",60,"WOOD",752,"OUTTAKE","Unrelated",50,5,3,41,"Studied",NA,NA
"LG",1,"2020-08-24_16h22.35.705","S2.2ConstantTotalFinal","2020.1.3",60,"SHIRT",973,"IMPLODE","Related",50,6,3,42,"Studied",NA,"EXPLODE"
"LG",1,"2020-08-24_16h22.35.705","S2.2ConstantTotalFinal","2020.1.3",60,"FAKE",801,"GALLON","Related",50,7,3,22,"Studied",NA,"MILK"
"LG",1,"2020-08-24_16h22.35.705","S2.2ConstantTotalFinal","2020.1.3",60,"LIGHTING",1251,"SKULL","Related",50,8,3,NA,NA,NA,"HEAD"
"LG",1,"2020-08-24_16h22.35.705","S2.2ConstantTotalFinal","2020.1.3",60,"LIGHT",785,"GUILT","Identical",50,9,3,23,"Studied",NA,NA
"LG",1,"2020-08-24_16h22.35.705","S2.2ConstantTotalFinal","2020.1.3",60,"DOCTOT",1035,"STING","Identical",50,10,3,NA,NA,NA,NA
"LG",1,"2020-08-24_16h22.35.705","S2.2ConstantTotalFinal","2020.1.3",60,"DOCTOR",1136,"LENGTH","Unrelated",50,11,3,24,"Studied",NA,NA
"LG",1,"2020-08-24_16h22.35.705","S2.2ConstantTotalFinal","2020.1.3",60,"SKIN",1569,"SELF","Identical",49,12,3,12,"Studied",NA,NA
"LG",1,"2020-08-24_16h22.35.705","S2.2ConstantTotalFinal","2020.1.3",60,"ARMS",752,"REPEAT","Identical",51,13,3,34,"Studied",NA,NA
"LG",1,"2020-08-24_16h22.35.705","S2.2ConstantTotalFinal","2020.1.3",60,"STRESS",1720,"BEACH","Unrelated",50,14,3,25,"Studied",NA,NA
"LG",1,"2020-08-24_16h22.35.705","S2.2ConstantTotalFinal","2020.1.3",60,"GUILT",1035,"BABY","Identical",50,15,3,39,"Studied","Identical",NA
"LG",1,"2020-08-24_16h22.35.705","S2.2ConstantTotalFinal","2020.1.3",60,"STUPID",3923,"TOUCH","Identical",50,16,3,26,"Studied",NA,NA
"LG",1,"2020-08-24_16h22.35.705","S2.2ConstantTotalFinal","2020.1.3",60,"BABY",1302,"PRIM","Related",50,17,3,37,"Studied","Identical","PROPER"
"LG",1,"2020-08-24_16h22.35.705","S2.2ConstantTotalFinal","2020.1.3",60,"BIKE",919,"GRAND","Identical",51,18,3,30,"Studied",NA,NA
"LG",1,"2020-08-24_16h22.35.705","S2.2ConstantTotalFinal","2020.1.3",60,"SHELF",984,"NUMBER","Unrelated",50,19,3,NA,NA,NA,NA
"LG",1,"2020-08-24_16h22.35.705","S2.2ConstantTotalFinal","2020.1.3",60,"BREAD",2071,"GUITAR","Unrelated",51,20,3,32,"Studied",NA,NA
"LG",1,"2020-08-24_16h22.35.705","S2.2ConstantTotalFinal","2020.1.3",60,"PENNY",1469,"SHEETS","Unrelated",50,21,3,1,"Studied",NA,NA
"LG",1,"2020-08-24_16h22.35.705","S2.2ConstantTotalFinal","2020.1.3",60,"WRITE",1102,"WRITE","Identical",50,22,3,2,"Studied","Identical",NA
"LG",1,"2020-08-24_16h22.35.705","S2.2ConstantTotalFinal","2020.1.3",60,"SUBJECT",6161,"MATH","Identical",50,23,3,13,"Studied",NA,NA
"LG",1,"2020-08-24_16h22.35.705","S2.2ConstantTotalFinal","2020.1.3",60,"TOOTH",1453,"SESSION","Related",50,24,3,9,"Studied",NA,"CLASS"
"LG",1,"2020-08-24_16h22.35.705","S2.2ConstantTotalFinal","2020.1.3",60,"XXXXX",7998,"GRAVE","Identical",50,25,3,NA,NA,NA,NA
"LG",1,"2020-08-24_16h22.35.705","S2.2ConstantTotalFinal","2020.1.3",60,"GRAVE",4125,"LADDER","Related",50,26,3,5,"Studied","Identical","CLIMB"
"LG",1,"2020-08-24_16h22.35.705","S2.2ConstantTotalFinal","2020.1.3",60,"STEAL",6646,"BENEATH","Related",51,27,3,15,"Studied",NA,"UNDER"
"LG",1,"2020-08-24_16h22.35.705","S2.2ConstantTotalFinal","2020.1.3",60,"TOUCH",1652,"CRACKER","Unrelated",51,28,3,18,"Studied","Identical",NA
"LG",1,"2020-08-24_16h22.35.705","S2.2ConstantTotalFinal","2020.1.3",60,"XXXXX",7998,"GROSS","Unrelated",50,29,3,NA,NA,NA,NA
"LG",1,"2020-08-24_16h22.35.705","S2.2ConstantTotalFinal","2020.1.3",60,"XXXXX",7997,"JAIL","Unrelated",50,30,3,NA,NA,NA,NA
"LG",1,"2020-08-24_16h22.35.705","S2.2ConstantTotalFinal","2020.1.3",60,"XXXXX",7998,"MONEY","Unrelated",50,31,3,NA,NA,NA,NA
"LG",1,"2020-08-24_16h22.35.705","S2.2ConstantTotalFinal","2020.1.3",60,"XXXXX",7998,"SICKLE","Related",50,32,3,NA,NA,NA,"CELL"
"LG",1,"2020-08-24_16h22.35.705","S2.2ConstantTotalFinal","2020.1.3",60,"XXXXX",7998,"SHIFT","Related",50,33,3,NA,NA,NA,"MOVE"
"LG",1,"2020-08-24_16h22.35.705","S2.2ConstantTotalFinal","2020.1.3",60,"MILK",1619,"SONG","Unrelated",51,34,3,3,"Studied",NA,NA
"LG",1,"2020-08-24_16h22.35.705","S2.2ConstantTotalFinal","2020.1.3",60,"XXXXX",7998,"YARN","Related",50,35,3,NA,NA,NA,"KNIT"
"LG",1,"2020-08-24_16h22.35.705","S2.2ConstantTotalFinal","2020.1.3",60,"SHEEP",5578,"STORY","Unrelated",49,36,3,11,"Studied",NA,NA
"LG",1,"2020-08-24_16h22.35.705","S2.2ConstantTotalFinal","2020.1.3",60,"XXXXX",7998,"LEOPARD","Related",50,37,3,NA,NA,NA,"SPOTS"
"LG",1,"2020-08-24_16h22.35.705","S2.2ConstantTotalFinal","2020.1.3",60,"XXXXX",7997,"CITY","Related",51,38,3,NA,NA,NA,"TOWN"
"LG",1,"2020-08-24_16h22.35.705","S2.2ConstantTotalFinal","2020.1.3",60,"XXXXX",7998,"NIGHTS","Identical",50,39,3,NA,NA,NA,NA
"LG",1,"2020-08-24_16h22.35.705","S2.2ConstantTotalFinal","2020.1.3",60,"XXXXX",7998,"BIRD","Unrelated",51,40,3,NA,NA,NA,NA
"LG",1,"2020-08-24_16h22.35.705","S2.2ConstantTotalFinal","2020.1.3",60,"XXXXX",7998,"FLOWER","Unrelated",50,41,3,NA,NA,NA,NA
"LG",1,"2020-08-24_16h22.35.705","S2.2ConstantTotalFinal","2020.1.3",60,"XXXXX",7998,"WEST","Unrelated",50,42,3,NA,NA,NA,NA
"LG",1,"2020-08-24_16h22.35.705","S2.2ConstantTotalFinal","2020.1.3",60,"PRIDE",1219,"firstword","firstword",NA,1,4,42,"Studied",NA,NA
"LG",1,"2020-08-24_16h22.35.705","S2.2ConstantTotalFinal","2020.1.3",60,"PLAN",1086,"SMART","Identical",49,2,4,38,"Studied",NA,NA
"LG",1,"2020-08-24_16h22.35.705","S2.2ConstantTotalFinal","2020.1.3",60,"BALL",2555,"ALLOW","Identical",49,3,4,NA,NA,NA,NA
"LG",1,"2020-08-24_16h22.35.705","S2.2ConstantTotalFinal","2020.1.3",60,"WATER",934,"COPY","Identical",51,4,4,40,"Studied",NA,NA
"LG",1,"2020-08-24_16h22.35.705","S2.2ConstantTotalFinal","2020.1.3",60,"CARRY",1119,"DOOR","Unrelated",50,5,4,41,"Studied",NA,NA
"LG",1,"2020-08-24_16h22.35.705","S2.2ConstantTotalFinal","2020.1.3",60,"MAID",752,"NOISE","Unrelated",50,6,4,22,"Studied",NA,NA
"LG",1,"2020-08-24_16h22.35.705","S2.2ConstantTotalFinal","2020.1.3",60,"SPICE",851,"OVEN","Identical",50,7,4,21,"Studied",NA,NA
"LG",1,"2020-08-24_16h22.35.705","S2.2ConstantTotalFinal","2020.1.3",60,"ONCE",734,"MOAT","Related",51,8,4,25,"Studied",NA,"CASTLE"
"LG",1,"2020-08-24_16h22.35.705","S2.2ConstantTotalFinal","2020.1.3",60,"COPY",1236,"TELLER","Related",49,9,4,23,"Studied","Identical","BANK"
"LG",1,"2020-08-24_16h22.35.705","S2.2ConstantTotalFinal","2020.1.3",60,"PAPER",817,"DOZE","Related",51,10,4,20,"Studied",NA,"SLEEP"
"LG",1,"2020-08-24_16h22.35.705","S2.2ConstantTotalFinal","2020.1.3",60,"WANT",885,"FIVE","Unrelated",51,11,4,24,"Studied",NA,NA
"LG",1,"2020-08-24_16h22.35.705","S2.2ConstantTotalFinal","2020.1.3",60,"BOSS",868,"FINISH","Identical",50,12,4,26,"Studied",NA,NA
"LG",1,"2020-08-24_16h22.35.705","S2.2ConstantTotalFinal","2020.1.3",60,"LARGE",918,"LEARN","Unrelated",51,13,4,28,"Studied",NA,NA
"LG",1,"2020-08-24_16h22.35.705","S2.2ConstantTotalFinal","2020.1.3",60,"GLASSES",1203,"HOTEL","Unrelated",50,14,4,27,"Studied",NA,NA
"LG",1,"2020-08-24_16h22.35.705","S2.2ConstantTotalFinal","2020.1.3",60,"FIRE",885,"TIRED","Identical",51,15,4,19,"Studied",NA,NA
"LG",1,"2020-08-24_16h22.35.705","S2.2ConstantTotalFinal","2020.1.3",60,"TIRED",1537,"SATIN","Related",50,16,4,1,"Studied","Identical","SILK"
"LG",1,"2020-08-24_16h22.35.705","S2.2ConstantTotalFinal","2020.1.3",60,"HELLO",1486,"CAKE","Identical",50,17,4,18,"Studied",NA,NA
"LG",1,"2020-08-24_16h22.35.705","S2.2ConstantTotalFinal","2020.1.3",60,"MONKEY",5677,"DENIM","Related",50,18,4,6,"Studied",NA,"JEANS"
"LG",1,"2020-08-24_16h22.35.705","S2.2ConstantTotalFinal","2020.1.3",60,"OVEN",1636,"BACK","Related",50,19,4,8,"Studied","Identical","FRONT"
"LG",1,"2020-08-24_16h22.35.705","S2.2ConstantTotalFinal","2020.1.3",60,"CAKE",1519,"STOMACH","Unrelated",50,20,4,14,"Studied","Identical",NA
"LG",1,"2020-08-24_16h22.35.705","S2.2ConstantTotalFinal","2020.1.3",60,"PENCIL",5343,"MINOR","Unrelated",50,21,4,7,"Studied",NA,NA
"LG",1,"2020-08-24_16h22.35.705","S2.2ConstantTotalFinal","2020.1.3",60,"CASTLE",5209,"MAXIMUM","Related",50,22,4,16,"Studied",NA,"MINIMUM"
"LG",1,"2020-08-24_16h22.35.705","S2.2ConstantTotalFinal","2020.1.3",60,"MAD",1319,"LETTER","Identical",50,23,4,12,"Studied",NA,NA
"LG",1,"2020-08-24_16h22.35.705","S2.2ConstantTotalFinal","2020.1.3",60,"JEANS",4575,"EFFECT","Identical",50,24,4,10,"Studied",NA,NA
"LG",1,"2020-08-24_16h22.35.705","S2.2ConstantTotalFinal","2020.1.3",60,"SOFT",5443,"SHRINK","Related",51,25,4,5,"Studied",NA,"SMALL"
"LG",1,"2020-08-24_16h22.35.705","S2.2ConstantTotalFinal","2020.1.3",60,"XXXXX",7999,"GRAMMAR","Related",50,26,4,NA,NA,NA,"ENGLISH"
"LG",1,"2020-08-24_16h22.35.705","S2.2ConstantTotalFinal","2020.1.3",60,"XXXXX",7997,"THIEF","Unrelated",50,27,4,NA,NA,NA,NA
"LG",1,"2020-08-24_16h22.35.705","S2.2ConstantTotalFinal","2020.1.3",60,"XXXXX",7999,"ALLERGY","Related",51,28,4,NA,NA,NA,"SNEEZE"
"LG",1,"2020-08-24_16h22.35.705","S2.2ConstantTotalFinal","2020.1.3",60,"XXXXX",7999,"UNCLEAR","Identical",49,29,4,NA,NA,NA,NA
"LG",1,"2020-08-24_16h22.35.705","S2.2ConstantTotalFinal","2020.1.3",60,"XXXXX",7998,"JUMP","Unrelated",51,30,4,NA,NA,NA,NA
"LG",1,"2020-08-24_16h22.35.705","S2.2ConstantTotalFinal","2020.1.3",60,"XXXXX",7999,"SURE","Identical",50,31,4,NA,NA,NA,NA
"LG",1,"2020-08-24_16h22.35.705","S2.2ConstantTotalFinal","2020.1.3",60,"XXXXX",7998,"SWEET","Unrelated",50,32,4,NA,NA,NA,NA
"LG",1,"2020-08-24_16h22.35.705","S2.2ConstantTotalFinal","2020.1.3",60,"XXXXX",7998,"NINE","Identical",51,33,4,NA,NA,NA,NA
"LG",1,"2020-08-24_16h22.35.705","S2.2ConstantTotalFinal","2020.1.3",60,"XXXXX",7999,"ITCH","Identical",50,34,4,NA,NA,NA,NA
"LG",1,"2020-08-24_16h22.35.705","S2.2ConstantTotalFinal","2020.1.3",60,"XXXXX",7998,"DUSK","Unrelated",50,35,4,NA,NA,NA,NA
"LG",1,"2020-08-24_16h22.35.705","S2.2ConstantTotalFinal","2020.1.3",60,"XXXXX",7998,"DEVIL","Unrelated",50,36,4,NA,NA,NA,NA
"LG",1,"2020-08-24_16h22.35.705","S2.2ConstantTotalFinal","2020.1.3",60,"XXXXX",7998,"BELOW","Unrelated",50,37,4,NA,NA,NA,NA
"LG",1,"2020-08-24_16h22.35.705","S2.2ConstantTotalFinal","2020.1.3",60,"XXXXX",7997,"POUND","Unrelated",49,38,4,NA,NA,NA,NA
"LG",1,"2020-08-24_16h22.35.705","S2.2ConstantTotalFinal","2020.1.3",60,"XXXXX",7998,"SHOES","Unrelated",50,39,4,NA,NA,NA,NA
"LG",1,"2020-08-24_16h22.35.705","S2.2ConstantTotalFinal","2020.1.3",60,"XXXXX",7998,"STARS","Unrelated",51,40,4,NA,NA,NA,NA
"LG",1,"2020-08-24_16h22.35.705","S2.2ConstantTotalFinal","2020.1.3",60,"XXXXX",7998,"TRASH","Unrelated",51,41,4,NA,NA,NA,NA
"LG",1,"2020-08-24_16h22.35.705","S2.2ConstantTotalFinal","2020.1.3",60,"SILK",7029,"WHEAT","Unrelated",50,42,4,13,"Studied",NA,NA
