"participant","session","date","expName","psychopyVersion","frameRate","RecalledWord","RT","Prime","PrimeCon","PrimeDuration","OutputPosition","Block","StudyPosition","Studied","PrimeRecalledCondition","PrimeFor"
"NG",1,"2020-10-22_13h24.21.496","S1.4ConstantTotalFinal","2020.1.3",60,"YELLOW",1396.815,"firstword","firstword",NA,1,1,2,"Studied",NA,NA
"NG",1,"2020-10-22_13h24.21.496","S1.4ConstantTotalFinal","2020.1.3",60,"ORANGE",1661.685,"WEST","Identical",58.46999993,2,1,23,"Studied",NA,NA
"NG",1,"2020-10-22_13h24.21.496","S1.4ConstantTotalFinal","2020.1.3",60,"EGGS",1332.015,"GROSS","Identical",36.02500004,3,1,22,"Studied",NA,NA
"NG",1,"2020-10-22_13h24.21.496","S1.4ConstantTotalFinal","2020.1.3",60,"TWELVE",2533.445,"PICKLE","Identical",49.95499994,4,1,31,"Studied",NA,NA
"NG",1,"2020-10-22_13h24.21.496","S1.4ConstantTotalFinal","2020.1.3",60,"BEACH",1200.05,"INMATE","Related",49.19000005,5,1,18,"Studied",NA,"JAIL"
"NG",1,"2020-10-22_13h24.21.496","S1.4ConstantTotalFinal","2020.1.3",60,"CHAIR",965.025,"FAKE","Unrelated",49.55999996,6,1,9,"Studied",NA,NA
"NG",1,"2020-10-22_13h24.21.496","S1.4ConstantTotalFinal","2020.1.3",60,"FRIGHT",1194.3,"CLAM","Identical",41.48499994,7,1,40,"Studied",NA,NA
"NG",1,"2020-10-22_13h24.21.496","S1.4ConstantTotalFinal","2020.1.3",60,"CHEESE",1299.065,"GUILT","Unrelated",49.92999998,8,1,11,"Studied",NA,NA
"NG",1,"2020-10-22_13h24.21.496","S1.4ConstantTotalFinal","2020.1.3",60,"CRACKER",1761.01,"DIGIT","Related",50.93500006,9,1,10,"Studied",NA,"NUMBER"
"NG",1,"2020-10-22_13h24.21.496","S1.4ConstantTotalFinal","2020.1.3",60,"DREAM",4249.95,"LENGTH","Identical",50.11499999,10,1,19,"Studied",NA,NA
"NG",1,"2020-10-22_13h24.21.496","S1.4ConstantTotalFinal","2020.1.3",60,"BEACH",1191.625,"WRITE","Unrelated",49.51499996,11,1,18,"Studied",NA,NA
"NG",1,"2020-10-22_13h24.21.496","S1.4ConstantTotalFinal","2020.1.3",60,"PAIR",3416.835,"STRESS","Unrelated",48.62000002,12,1,NA,NA,NA,NA
"NG",1,"2020-10-22_13h24.21.496","S1.4ConstantTotalFinal","2020.1.3",60,"RIGHT",5041.205,"GRAND","Unrelated",49.15999994,13,1,4,"Studied",NA,NA
"NG",1,"2020-10-22_13h24.21.496","S1.4ConstantTotalFinal","2020.1.3",60,"CRICKET",2319.185,"LAWYER","Identical",50.605,14,1,NA,NA,NA,NA
"NG",1,"2020-10-22_13h24.21.496","S1.4ConstantTotalFinal","2020.1.3",60,"SONG",3648.285,"BIRD","Identical",40.91500002,15,1,25,"Studied",NA,NA
"NG",1,"2020-10-22_13h24.21.496","S1.4ConstantTotalFinal","2020.1.3",60,"HORN",1199.13,"WEIGHT","Identical",49.51499996,16,1,38,"Studied",NA,NA
"NG",1,"2020-10-22_13h24.21.496","S1.4ConstantTotalFinal","2020.1.3",60,"BIRD",2066.425,"GUITAR","Identical",50.33999996,17,1,39,"Studied","Identical",NA
"NG",1,"2020-10-22_13h24.21.496","S1.4ConstantTotalFinal","2020.1.3",60,"BOMB",1534.11,"MONEY","Identical",50.00000005,18,1,37,"Studied",NA,NA
"NG",1,"2020-10-22_13h24.21.496","S1.4ConstantTotalFinal","2020.1.3",60,"LAWYER",2632.8,"HEAD","Unrelated",45.70999998,19,1,26,"Studied","Identical",NA
"NG",1,"2020-10-22_13h24.21.496","S1.4ConstantTotalFinal","2020.1.3",60,"SHEETS",1465.375,"HOPE","Related",51.04000005,20,1,27,"Studied",NA,"GLORY"
"NG",1,"2020-10-22_13h24.21.496","S1.4ConstantTotalFinal","2020.1.3",60,"PLIGHT",7726.36,"SELLER","Identical",39.04000006,21,1,NA,NA,NA,NA
"NG",1,"2020-10-22_13h24.21.496","S1.4ConstantTotalFinal","2020.1.3",60,"XXXXX",7998.92,"NIECE","Related",47.94000008,22,1,NA,NA,NA,"NEPHEW"
"NG",1,"2020-10-22_13h24.21.496","S1.4ConstantTotalFinal","2020.1.3",60,"DAGGER",1954.055,"DAGGER","Identical",49.20499993,23,1,36,"Studied","Identical",NA
"NG",1,"2020-10-22_13h24.21.496","S1.4ConstantTotalFinal","2020.1.3",60,"XXXXX",7998.195,"DIME","Related",50.3,24,1,NA,NA,NA,"NICKEL"
"NG",1,"2020-10-22_13h24.21.496","S1.4ConstantTotalFinal","2020.1.3",60,"XXXXX",7992.1,"FLOWER","Identical",48.28999995,25,1,NA,NA,NA,NA
"NG",1,"2020-10-22_13h24.21.496","S1.4ConstantTotalFinal","2020.1.3",60,"MARKER",1633.2,"MOVE","Unrelated",48.68000001,26,1,NA,NA,NA,NA
"NG",1,"2020-10-22_13h24.21.496","S1.4ConstantTotalFinal","2020.1.3",60,"XXXXX",8004.39,"ALTER","Related",50.16999994,27,1,NA,NA,NA,"CHANGE"
"NG",1,"2020-10-22_13h24.21.496","S1.4ConstantTotalFinal","2020.1.3",60,"XXXXX",7999.01,"OUTTAKE","Identical",48.22,28,1,NA,NA,NA,NA
"NG",1,"2020-10-22_13h24.21.496","S1.4ConstantTotalFinal","2020.1.3",60,"XXXXX",8000.41,"TOOTH","Unrelated",55.06000004,29,1,NA,NA,NA,NA
"NG",1,"2020-10-22_13h24.21.496","S1.4ConstantTotalFinal","2020.1.3",60,"WORK",2033.925,"WORK","Identical",46.14500003,30,1,32,"Studied","Identical",NA
"NG",1,"2020-10-22_13h24.21.496","S1.4ConstantTotalFinal","2020.1.3",60,"XXXXX",8002.72,"BAIT","Related",49.81999996,31,1,NA,NA,NA,"FISH"
"NG",1,"2020-10-22_13h24.21.496","S1.4ConstantTotalFinal","2020.1.3",60,"XXXXX",7998.59,"STAIRS","Identical",49.86999999,32,1,NA,NA,NA,NA
"NG",1,"2020-10-22_13h24.21.496","S1.4ConstantTotalFinal","2020.1.3",60,"XXXXX",8000,"SHEEP","Unrelated",47.22499999,33,1,NA,NA,NA,NA
"NG",1,"2020-10-22_13h24.21.496","S1.4ConstantTotalFinal","2020.1.3",60,"PAINT",1955.35,"PENNY","Unrelated",48.30500006,34,1,NA,NA,NA,NA
"NG",1,"2020-10-22_13h24.21.496","S1.4ConstantTotalFinal","2020.1.3",60,"ROUGH",1977.705,"ROUGH","Related",50.35499996,35,1,NA,NA,"Related","SMOOTH"
"NG",1,"2020-10-22_13h24.21.496","S1.4ConstantTotalFinal","2020.1.3",60,"STOP",2157.02,"STOP","Identical",46.11500003,36,1,15,"Studied","Identical",NA
"NG",1,"2020-10-22_13h24.21.496","S1.4ConstantTotalFinal","2020.1.3",60,"HISTORY",2167.245,"STREAM","Identical",51.08,37,1,NA,NA,NA,NA
"NG",1,"2020-10-22_13h24.21.496","S1.4ConstantTotalFinal","2020.1.3",60,"XXXXX",7993.165,"STORY","Identical",36.68999998,38,1,NA,NA,NA,NA
"NG",1,"2020-10-22_13h24.21.496","S1.4ConstantTotalFinal","2020.1.3",60,"XXXXX",7992.19,"SUBJECT","Unrelated",56.45999999,39,1,NA,NA,NA,NA
"NG",1,"2020-10-22_13h24.21.496","S1.4ConstantTotalFinal","2020.1.3",60,"MIGHT",5989.305,"MILK","Unrelated",54.50999993,40,1,NA,NA,NA,NA
"NG",1,"2020-10-22_13h24.21.496","S1.4ConstantTotalFinal","2020.1.3",60,"CLIMB",2010.86,"CLIMB","Unrelated",39.69000001,41,1,NA,NA,"Unrelated",NA
"NG",1,"2020-10-22_13h24.21.496","S1.4ConstantTotalFinal","2020.1.3",60,"XXXXX",8002.125,"TOWN","Unrelated",37.00999997,42,1,NA,NA,NA,NA
"NG",1,"2020-10-22_13h24.21.496","S1.4ConstantTotalFinal","2020.1.3",60,"POUND",1466.185,"firstword","firstword",NA,1,2,1,"Studied",NA,NA
"NG",1,"2020-10-22_13h24.21.496","S1.4ConstantTotalFinal","2020.1.3",60,"KISS",1339.75,"GLASSES","Unrelated",40.08499999,2,2,2,"Studied",NA,NA
"NG",1,"2020-10-22_13h24.21.496","S1.4ConstantTotalFinal","2020.1.3",60,"FROG",1112.705,"WHITE","Related",36.06499999,3,2,3,"Studied",NA,"BLACK"
"NG",1,"2020-10-22_13h24.21.496","S1.4ConstantTotalFinal","2020.1.3",60,"DEVIL",1961.63,"SORRY","Identical",36.16499994,4,2,4,"Studied",NA,NA
"NG",1,"2020-10-22_13h24.21.496","S1.4ConstantTotalFinal","2020.1.3",60,"FROG",1809.03,"GEEK","Identical",50.36500003,5,2,3,"Studied",NA,NA
"NG",1,"2020-10-22_13h24.21.496","S1.4ConstantTotalFinal","2020.1.3",60,"SWEET",1422.83,"SWEET","Identical",37.365,6,2,8,"Studied","Identical",NA
"NG",1,"2020-10-22_13h24.21.496","S1.4ConstantTotalFinal","2020.1.3",60,"HOTEL",1120.45,"ONCE","Unrelated",50.64500007,7,2,6,"Studied",NA,NA
"NG",1,"2020-10-22_13h24.21.496","S1.4ConstantTotalFinal","2020.1.3",60,"LAND",714.495,"SOUND","Related",38.46499999,8,2,34,"Studied",NA,"NOISE"
"NG",1,"2020-10-22_13h24.21.496","S1.4ConstantTotalFinal","2020.1.3",60,"LAKE",789.69,"LAKE","Identical",50.71500002,9,2,7,"Studied","Identical",NA
"NG",1,"2020-10-22_13h24.21.496","S1.4ConstantTotalFinal","2020.1.3",60,"BLACK",938.9,"BANK","Unrelated",50.39499991,10,2,10,"Studied",NA,NA
"NG",1,"2020-10-22_13h24.21.496","S1.4ConstantTotalFinal","2020.1.3",60,"SWAMP",1383.755,"BOSS","Unrelated",36.69500002,11,2,5,"Studied",NA,NA
"NG",1,"2020-10-22_13h24.21.496","S1.4ConstantTotalFinal","2020.1.3",60,"BRIDE",1030.655,"GALAXY","Related",51.21000006,12,2,26,"Studied",NA,"STARS"
"NG",1,"2020-10-22_13h24.21.496","S1.4ConstantTotalFinal","2020.1.3",60,"MINOR",1044.12,"MAID","Unrelated",50.285,13,2,38,"Studied",NA,NA
"NG",1,"2020-10-22_13h24.21.496","S1.4ConstantTotalFinal","2020.1.3",60,"TRASH",1216.655,"BELOW","Identical",57.53500003,14,2,36,"Studied",NA,NA
"NG",1,"2020-10-22_13h24.21.496","S1.4ConstantTotalFinal","2020.1.3",60,"THIEF",1476.1,"DIRT","Identical",50.18999998,15,2,37,"Studied",NA,NA
"NG",1,"2020-10-22_13h24.21.496","S1.4ConstantTotalFinal","2020.1.3",60,"SMILE",1151.76,"GHOST","Identical",49.75499993,16,2,39,"Studied",NA,NA
"NG",1,"2020-10-22_13h24.21.496","S1.4ConstantTotalFinal","2020.1.3",60,"TRASH",2949.26,"SKIP","Related",56.86499993,17,2,36,"Studied",NA,"JUMP"
"NG",1,"2020-10-22_13h24.21.496","S1.4ConstantTotalFinal","2020.1.3",60,"WHEAT",1609.83,"WHEAT","Identical",50.47499994,18,2,22,"Studied","Identical",NA
"NG",1,"2020-10-22_13h24.21.496","S1.4ConstantTotalFinal","2020.1.3",60,"ROAD",2382.76,"ROAD","Identical",36.65499995,19,2,32,"Studied","Identical",NA
"NG",1,"2020-10-22_13h24.21.496","S1.4ConstantTotalFinal","2020.1.3",60,"SOTH",915.8600001,"ITCH","Unrelated",63.83500004,20,2,NA,NA,NA,NA
"NG",1,"2020-10-22_13h24.21.496","S1.4ConstantTotalFinal","2020.1.3",60,"BELOW",1083.125,"ABDOMEN","Related",58.84499999,21,2,40,"Studied","Identical","STOMACH"
"NG",1,"2020-10-22_13h24.21.496","S1.4ConstantTotalFinal","2020.1.3",60,"SOUTH",1873.75,"CABOOSE","Related",50.46499998,22,2,35,"Studied",NA,"TRAIN"
"NG",1,"2020-10-22_13h24.21.496","S1.4ConstantTotalFinal","2020.1.3",60,"LEARN",5867.51,"MONKEY","Unrelated",49.10499998,23,2,18,"Studied",NA,NA
"NG",1,"2020-10-22_13h24.21.496","S1.4ConstantTotalFinal","2020.1.3",60,"GEEK",1231.26,"KILL","Identical",48.0849999,24,2,16,"Studied","Identical",NA
"NG",1,"2020-10-22_13h24.21.496","S1.4ConstantTotalFinal","2020.1.3",60,"DROP",4850.62,"DEAF","Identical",50.07999996,25,2,NA,NA,NA,NA
"NG",1,"2020-10-22_13h24.21.496","S1.4ConstantTotalFinal","2020.1.3",60,"XXXXX",8000.67,"CIGAR","Related",40.55000003,26,2,NA,NA,NA,"SMOKE"
"NG",1,"2020-10-22_13h24.21.496","S1.4ConstantTotalFinal","2020.1.3",60,"XXXXX",7989.18,"LETTER","Unrelated",48.04000002,27,2,NA,NA,NA,NA
"NG",1,"2020-10-22_13h24.21.496","S1.4ConstantTotalFinal","2020.1.3",60,"SLEEP",1497.61,"SLEEP","Unrelated",48.10999997,28,2,NA,NA,"Unrelated",NA
"NG",1,"2020-10-22_13h24.21.496","S1.4ConstantTotalFinal","2020.1.3",60,"ODOR",1432.54,"DOOR","Identical",42.5049999,29,2,NA,NA,NA,NA
"NG",1,"2020-10-22_13h24.21.496","S1.4ConstantTotalFinal","2020.1.3",60,"DUSK",1132.165,"DUSK","Identical",49.93500002,30,2,30,"Studied","Identical",NA
"NG",1,"2020-10-22_13h24.21.496","S1.4ConstantTotalFinal","2020.1.3",60,"GHOST",1059.49,"TIGHT","Identical",50.16500002,31,2,29,"Studied","Identical",NA
"NG",1,"2020-10-22_13h24.21.496","S1.4ConstantTotalFinal","2020.1.3",60,"XXXXX",8010.495,"CARRY","Unrelated",36.86499991,32,2,NA,NA,NA,NA
"NG",1,"2020-10-22_13h24.21.496","S1.4ConstantTotalFinal","2020.1.3",60,"CAKE",827.195,"CAKE","Unrelated",56.88499997,33,2,NA,NA,"Unrelated",NA
"NG",1,"2020-10-22_13h24.21.496","S1.4ConstantTotalFinal","2020.1.3",60,"HOOP",1332.575,"HOOP","Identical",49.69999997,34,2,14,"Studied","Identical",NA
"NG",1,"2020-10-22_13h24.21.496","S1.4ConstantTotalFinal","2020.1.3",60,"CAUGHT",2166.24,"CAMERA","Related",50.61999999,35,2,NA,NA,NA,"PICTURE"
"NG",1,"2020-10-22_13h24.21.496","S1.4ConstantTotalFinal","2020.1.3",60,"XXXXX",7995.335,"PENCIL","Unrelated",43.36500005,36,2,NA,NA,NA,NA
"NG",1,"2020-10-22_13h24.21.496","S1.4ConstantTotalFinal","2020.1.3",60,"SLIGHT",3804.295,"SILK","Unrelated",37.32500004,37,2,NA,NA,NA,NA
"NG",1,"2020-10-22_13h24.21.496","S1.4ConstantTotalFinal","2020.1.3",60,"CAUGHT",4782.295,"WORLD","Identical",38.37000008,38,2,NA,NA,NA,NA
"NG",1,"2020-10-22_13h24.21.496","S1.4ConstantTotalFinal","2020.1.3",60,"XXXXX",8001.965,"FIVE","Identical",49.46000001,39,2,NA,NA,NA,NA
"NG",1,"2020-10-22_13h24.21.496","S1.4ConstantTotalFinal","2020.1.3",60,"CAMO",846.5000001,"CAMP","Identical",40.47499993,40,2,NA,NA,NA,NA
"NG",1,"2020-10-22_13h24.21.496","S1.4ConstantTotalFinal","2020.1.3",60,"CAMP",1049.42,"PRIDE","Unrelated",36.74499993,41,2,23,"Studied","Identical",NA
"NG",1,"2020-10-22_13h24.21.496","S1.4ConstantTotalFinal","2020.1.3",60,"XXXXX",8003.67,"PRESENT","Identical",50.20499998,42,2,NA,NA,NA,NA
"NG",1,"2020-10-22_13h24.21.496","S1.4ConstantTotalFinal","2020.1.3",60,"HUNGER",1074.035,"firstword","firstword",NA,1,3,15,"Studied",NA,NA
"NG",1,"2020-10-22_13h24.21.496","S1.4ConstantTotalFinal","2020.1.3",60,"PURPLE",1298.755,"PURPLE","Identical",47.56500002,2,3,16,"Studied","Identical",NA
"NG",1,"2020-10-22_13h24.21.496","S1.4ConstantTotalFinal","2020.1.3",60,"THIRST",1233.435,"TENNIS","Identical",50.285,3,3,17,"Studied",NA,NA
"NG",1,"2020-10-22_13h24.21.496","S1.4ConstantTotalFinal","2020.1.3",60,"NAVY",853.54,"SOAP","Identical",36.815,4,3,18,"Studied",NA,NA
"NG",1,"2020-10-22_13h24.21.496","S1.4ConstantTotalFinal","2020.1.3",60,"BORROW",1382.76,"BREAK","Unrelated",36.66999994,5,3,31,"Studied",NA,NA
"NG",1,"2020-10-22_13h24.21.496","S1.4ConstantTotalFinal","2020.1.3",60,"WAITER",1025.09,"CENTER","Related",50.27500005,6,3,36,"Studied",NA,"MIDDLE"
"NG",1,"2020-10-22_13h24.21.496","S1.4ConstantTotalFinal","2020.1.3",60,"SPIDER",3344.905,"SUMMER","Related",49.95500005,7,3,4,"Studied",NA,"WINTER"
"NG",1,"2020-10-22_13h24.21.496","S1.4ConstantTotalFinal","2020.1.3",60,"MOTHER",1048.48,"TOUR","Identical",36.42500006,8,3,5,"Studied",NA,NA
"NG",1,"2020-10-22_13h24.21.496","S1.4ConstantTotalFinal","2020.1.3",60,"TEST",2150.015,"DEAD","Related",40.53500004,9,3,2,"Studied",NA,"ALIVE"
"NG",1,"2020-10-22_13h24.21.496","S1.4ConstantTotalFinal","2020.1.3",60,"WILD",986.6050001,"MORE","Related",49.90999994,10,3,1,"Studied",NA,"LESS"
"NG",1,"2020-10-22_13h24.21.496","S1.4ConstantTotalFinal","2020.1.3",60,"SLOW",1001.96,"UNITED","Related",38.65500004,11,3,3,"Studied",NA,"STATES"
"NG",1,"2020-10-22_13h24.21.496","S1.4ConstantTotalFinal","2020.1.3",60,"NAVY",1716.155,"CLEAR","Unrelated",50.73500006,12,3,18,"Studied",NA,NA
"NG",1,"2020-10-22_13h24.21.496","S1.4ConstantTotalFinal","2020.1.3",60,"SEEK",1021.685,"SEEK","Identical",50.055,13,3,38,"Studied","Identical",NA
"NG",1,"2020-10-22_13h24.21.496","S1.4ConstantTotalFinal","2020.1.3",60,"THIRST",1470.05,"PAIL","Related",37.92499995,14,3,17,"Studied",NA,"BUCKET"
"NG",1,"2020-10-22_13h24.21.496","S1.4ConstantTotalFinal","2020.1.3",60,"BUCKET",1217.97,"ABDUCT","Related",36.845,15,3,35,"Studied",NA,"KIDNAP"
"NG",1,"2020-10-22_13h24.21.496","S1.4ConstantTotalFinal","2020.1.3",60,"TENNIS",1196.265,"NOSE","Identical",50.25500001,16,3,30,"Studied","Identical",NA
"NG",1,"2020-10-22_13h24.21.496","S1.4ConstantTotalFinal","2020.1.3",60,"BALLET",1116.64,"LOVE","Unrelated",50.12500007,17,3,29,"Studied",NA,NA
"NG",1,"2020-10-22_13h24.21.496","S1.4ConstantTotalFinal","2020.1.3",60,"TOES",820.145,"READ","Identical",50.41000003,18,3,33,"Studied",NA,NA
"NG",1,"2020-10-22_13h24.21.496","S1.4ConstantTotalFinal","2020.1.3",60,"XXXXX",8003.14,"COLLECT","Unrelated",38.42,19,3,NA,NA,NA,NA
"NG",1,"2020-10-22_13h24.21.496","S1.4ConstantTotalFinal","2020.1.3",60,"PICKLE",1173.33,"CIRCLE","Related",36.86500003,20,3,NA,NA,"Identical","SQUARE"
"NG",1,"2020-10-22_13h24.21.496","S1.4ConstantTotalFinal","2020.1.3",60,"XXXXX",7991.61,"SWORD","Unrelated",58.13499994,21,3,NA,NA,NA,NA
"NG",1,"2020-10-22_13h24.21.496","S1.4ConstantTotalFinal","2020.1.3",60,"READ",872.535,"PEANUT","Related",48.56999998,22,3,27,"Studied","Identical","BUTTER"
"NG",1,"2020-10-22_13h24.21.496","S1.4ConstantTotalFinal","2020.1.3",60,"NEWS",1082.63,"PAIN","Identical",39.76499999,23,3,28,"Studied",NA,NA
"NG",1,"2020-10-22_13h24.21.496","S1.4ConstantTotalFinal","2020.1.3",60,"STORY",1102.365,"STORE","Unrelated",39.8700001,24,3,NA,NA,"Identical",NA
"NG",1,"2020-10-22_13h24.21.496","S1.4ConstantTotalFinal","2020.1.3",60,"XXXXX",8001.405,"INHALE","Identical",36.88000003,25,3,NA,NA,NA,NA
"NG",1,"2020-10-22_13h24.21.496","S1.4ConstantTotalFinal","2020.1.3",60,"FIND",1955.885,"FIND","Unrelated",48.8150001,26,3,NA,NA,"Unrelated",NA
"NG",1,"2020-10-22_13h24.21.496","S1.4ConstantTotalFinal","2020.1.3",60,"XXXXX",8004.525,"FIRST","Identical",38.68499992,27,3,NA,NA,NA,NA
"NG",1,"2020-10-22_13h24.21.496","S1.4ConstantTotalFinal","2020.1.3",60,"BRANCH",1657.55,"BRANCH","Identical",49.81999996,28,3,6,"Studied","Identical",NA
"NG",1,"2020-10-22_13h24.21.496","S1.4ConstantTotalFinal","2020.1.3",60,"XXXXX",8002.625,"GLANCE","Related",49.81500003,29,3,NA,NA,NA,"LOOK"
"NG",1,"2020-10-22_13h24.21.496","S1.4ConstantTotalFinal","2020.1.3",60,"CHEER",2898.39,"THREAD","Identical",38.99999999,30,3,NA,NA,NA,NA
"NG",1,"2020-10-22_13h24.21.496","S1.4ConstantTotalFinal","2020.1.3",60,"SUPPER",1264.295,"DINNER","Related",37.04999993,31,3,11,"Studied",NA,"SUPPER"
"NG",1,"2020-10-22_13h24.21.496","S1.4ConstantTotalFinal","2020.1.3",60,"XXXXX",8016.445,"HAIR","Unrelated",38.47000003,32,3,NA,NA,NA,NA
"NG",1,"2020-10-22_13h24.21.496","S1.4ConstantTotalFinal","2020.1.3",60,"CANDLE",1092.27,"WICK","Related",52.14000004,33,3,8,"Studied",NA,"CANDLE"
"NG",1,"2020-10-22_13h24.21.496","S1.4ConstantTotalFinal","2020.1.3",60,"XXXXX",7994.69,"HINT","Related",42.36999992,34,3,NA,NA,NA,"CLUE"
"NG",1,"2020-10-22_13h24.21.496","S1.4ConstantTotalFinal","2020.1.3",60,"HOOK",3987.38,"CHOOSE","Unrelated",41.34499992,35,3,NA,NA,NA,NA
"NG",1,"2020-10-22_13h24.21.496","S1.4ConstantTotalFinal","2020.1.3",60,"TIGHT",4686.64,"CHAIN","Identical",40.93000002,36,3,NA,NA,"Identical",NA
"NG",1,"2020-10-22_13h24.21.496","S1.4ConstantTotalFinal","2020.1.3",60,"VERB",1931.39,"VERB","Identical",40.46000005,37,3,23,"Studied","Identical",NA
"NG",1,"2020-10-22_13h24.21.496","S1.4ConstantTotalFinal","2020.1.3",60,"DRAW",3083.43,"DRESS","Unrelated",44.80499995,38,3,NA,NA,"Unrelated",NA
"NG",1,"2020-10-22_13h24.21.496","S1.4ConstantTotalFinal","2020.1.3",60,"XXXXX",8001.65,"TALK","Unrelated",49.87499991,39,3,NA,NA,NA,NA
"NG",1,"2020-10-22_13h24.21.496","S1.4ConstantTotalFinal","2020.1.3",60,"LEAST",1206.68,"LEAST","Related",49.40999998,40,3,NA,NA,"Related","MOST"
"NG",1,"2020-10-22_13h24.21.496","S1.4ConstantTotalFinal","2020.1.3",60,"MOST",1643.87,"WARM","Unrelated",40.69499997,41,3,19,"Studied",NA,NA
"NG",1,"2020-10-22_13h24.21.496","S1.4ConstantTotalFinal","2020.1.3",60,"ARGUE",1141.96,"ARGUE","Identical",41.28,42,3,20,"Studied","Identical",NA
"NG",1,"2020-10-22_13h24.21.496","S1.4ConstantTotalFinal","2020.1.3",60,"MEAN",864.9800001,"firstword","firstword",NA,1,4,1,"Studied",NA,NA
"NG",1,"2020-10-22_13h24.21.496","S1.4ConstantTotalFinal","2020.1.3",60,"CORAL ",1596.83,"BUCK","Related",40.48999993,2,4,NA,NA,NA,"DOLLAR"
"NG",1,"2020-10-22_13h24.21.496","S1.4ConstantTotalFinal","2020.1.3",60,"LEAVES",1120.4,"DISAGREE","Unrelated",38.48500003,3,4,31,"Studied",NA,NA
"NG",1,"2020-10-22_13h24.21.496","S1.4ConstantTotalFinal","2020.1.3",60,"CANCR",1130.1,"WEED","Related",49.39499998,4,4,NA,NA,NA,"GRASS"
"NG",1,"2020-10-22_13h24.21.496","S1.4ConstantTotalFinal","2020.1.3",60,"ENTER",919.49,"DRUGS","Unrelated",38.115,5,4,24,"Studied",NA,NA
"NG",1,"2020-10-22_13h24.21.496","S1.4ConstantTotalFinal","2020.1.3",60,"BELOW",1020.635,"MANY","Unrelated",39.88000005,6,4,NA,NA,"Identical",NA
"NG",1,"2020-10-22_13h24.21.496","S1.4ConstantTotalFinal","2020.1.3",60,"ROCK",1303.135,"HALF","Related",50.01000001,7,4,20,"Studied",NA,"WHOLE"
"NG",1,"2020-10-22_13h24.21.496","S1.4ConstantTotalFinal","2020.1.3",60,"WORST",1064.245,"ANNOY","Unrelated",49.04000007,8,4,4,"Studied",NA,NA
"NG",1,"2020-10-22_13h24.21.496","S1.4ConstantTotalFinal","2020.1.3",60,"OFFICE",1143.515,"FORK","Related",39.97500008,9,4,10,"Studied",NA,"SPOON"
"NG",1,"2020-10-22_13h24.21.496","S1.4ConstantTotalFinal","2020.1.3",60,"PLAND",1210.475,"BEFORE","Identical",49.72999997,10,4,NA,NA,NA,NA
"NG",1,"2020-10-22_13h24.21.496","S1.4ConstantTotalFinal","2020.1.3",60,"THERE",935.25,"OPEN","Related",50.76499993,11,4,40,"Studied",NA,"CLOSE"
"NG",1,"2020-10-22_13h24.21.496","S1.4ConstantTotalFinal","2020.1.3",60,"WHERE",1078.345,"TROT","Related",50.27500005,12,4,36,"Studied",NA,"HORSE"
"NG",1,"2020-10-22_13h24.21.496","S1.4ConstantTotalFinal","2020.1.3",60,"OFFICE",1764.28,"SHOVE","Identical",50.04499992,13,4,10,"Studied",NA,NA
"NG",1,"2020-10-22_13h24.21.496","S1.4ConstantTotalFinal","2020.1.3",60,"CLOSE",1051.59,"SHARK","Identical",45.17000006,14,4,33,"Studied",NA,NA
"NG",1,"2020-10-22_13h24.21.496","S1.4ConstantTotalFinal","2020.1.3",60,"BELOW",6121.9,"DEATH","Unrelated",49.44000009,15,4,NA,NA,"Identical",NA
"NG",1,"2020-10-22_13h24.21.496","S1.4ConstantTotalFinal","2020.1.3",60,"THROW",1097.45,"THROW","Identical",47.29500005,16,4,29,"Studied","Identical",NA
"NG",1,"2020-10-22_13h24.21.496","S1.4ConstantTotalFinal","2020.1.3",60,"QUEEN",1436.81,"QUEEN","Identical",45.37499999,17,4,16,"Studied","Identical",NA
"NG",1,"2020-10-22_13h24.21.496","S1.4ConstantTotalFinal","2020.1.3",60,"GIRLS",893.2549999,"PURPOSE","Unrelated",44.59999991,18,4,18,"Studied",NA,NA
"NG",1,"2020-10-22_13h24.21.496","S1.4ConstantTotalFinal","2020.1.3",60,"PHONE",5937.15,"PHONE","Identical",50.07,19,4,32,"Studied","Identical",NA
"NG",1,"2020-10-22_13h24.21.496","S1.4ConstantTotalFinal","2020.1.3",60,"XXXXX",7996.505,"FENCE","Identical",42.365,20,4,NA,NA,NA,NA
"NG",1,"2020-10-22_13h24.21.496","S1.4ConstantTotalFinal","2020.1.3",60,"BEHIND",1559.645,"BEHIND","Identical",49.85499999,21,4,25,"Studied","Identical",NA
"NG",1,"2020-10-22_13h24.21.496","S1.4ConstantTotalFinal","2020.1.3",60,"TRAIN",1178.195,"TRAILER","Unrelated",50.41999999,22,4,NA,NA,NA,NA
"NG",1,"2020-10-22_13h24.21.496","S1.4ConstantTotalFinal","2020.1.3",60,"STRAIGHT",4224.3,"VOTE","Unrelated",42.29999997,23,4,NA,NA,NA,NA
"NG",1,"2020-10-22_13h24.21.496","S1.4ConstantTotalFinal","2020.1.3",60,"TIGER",1109.285,"CANCER","Identical",48.95500001,24,4,34,"Studied",NA,NA
"NG",1,"2020-10-22_13h24.21.496","S1.4ConstantTotalFinal","2020.1.3",60,"XXXXX",7990.2,"EXCUSE","Unrelated",49.26499992,25,4,NA,NA,NA,NA
"NG",1,"2020-10-22_13h24.21.496","S1.4ConstantTotalFinal","2020.1.3",60,"PEPPER",1348.47,"PEPPER","Identical",45.21999997,26,4,37,"Studied","Identical",NA
"NG",1,"2020-10-22_13h24.21.496","S1.4ConstantTotalFinal","2020.1.3",60,"MINUTE",1523.475,"MINUTE","Identical",49.60499995,27,4,11,"Studied","Identical",NA
"NG",1,"2020-10-22_13h24.21.496","S1.4ConstantTotalFinal","2020.1.3",60,"RETURN",7183.35,"RENT","Unrelated",50.15000002,28,4,NA,NA,NA,NA
"NG",1,"2020-10-22_13h24.21.496","S1.4ConstantTotalFinal","2020.1.3",60,"XXXXX",7994.555,"TEETH","Identical",55.78499998,29,4,NA,NA,NA,NA
"NG",1,"2020-10-22_13h24.21.496","S1.4ConstantTotalFinal","2020.1.3",60,"CANDLE",5956.395,"YOURS","Identical",38.79999998,30,4,NA,NA,NA,NA
"NG",1,"2020-10-22_13h24.21.496","S1.4ConstantTotalFinal","2020.1.3",60,"XXXXX",7998.4,"LATE","Related",39.89499994,31,4,NA,NA,NA,"EARLY"
"NG",1,"2020-10-22_13h24.21.496","S1.4ConstantTotalFinal","2020.1.3",60,"CLOCK",1527.195,"CLOCK","Identical",48.23000007,32,4,26,"Studied","Identical",NA
"NG",1,"2020-10-22_13h24.21.496","S1.4ConstantTotalFinal","2020.1.3",60,"AUNT",938.9699999,"AUNT","Related",41.05500004,33,4,NA,NA,"Related","UNCLE"
"NG",1,"2020-10-22_13h24.21.496","S1.4ConstantTotalFinal","2020.1.3",60,"PLANT",1053.83,"PLANT","Identical",49.96500001,34,4,8,"Studied","Identical",NA
"NG",1,"2020-10-22_13h24.21.496","S1.4ConstantTotalFinal","2020.1.3",60,"DOOR",876.4500001,"SPIT","Unrelated",39.36499998,35,4,NA,NA,"Identical",NA
"NG",1,"2020-10-22_13h24.21.496","S1.4ConstantTotalFinal","2020.1.3",60,"PAINT",2761.14,"PINT","Related",48.24000003,36,4,NA,NA,NA,"QUART"
"NG",1,"2020-10-22_13h24.21.496","S1.4ConstantTotalFinal","2020.1.3",60,"WORST",4711.105,"FINGER","Identical",41.81000008,37,4,4,"Studied",NA,NA
"NG",1,"2020-10-22_13h24.21.496","S1.4ConstantTotalFinal","2020.1.3",60,"DRAW",1437.655,"DRAW","Unrelated",49.24000008,38,4,NA,NA,"Unrelated",NA
"NG",1,"2020-10-22_13h24.21.496","S1.4ConstantTotalFinal","2020.1.3",60,"MUSCLE",3805.49,"MUSCLE","Identical",49.86999999,39,4,7,"Studied","Identical",NA
"NG",1,"2020-10-22_13h24.21.496","S1.4ConstantTotalFinal","2020.1.3",60,"SMOOTH",1517.965,"ANIMAL","Identical",46.51000001,40,4,NA,NA,NA,NA
"NG",1,"2020-10-22_13h24.21.496","S1.4ConstantTotalFinal","2020.1.3",60,"DAGGER",1541.4,"STAMP","Unrelated",49.60999999,41,4,NA,NA,"Identical",NA
"NG",1,"2020-10-22_13h24.21.496","S1.4ConstantTotalFinal","2020.1.3",60,"TEETH",7562.11,"PLUS","Related",43.19500003,42,4,28,"Studied","Identical","MINUS"
