"DelayedWord","DelayedRT","Studied","StudyPosition","Block","ReportedPrimeFromDay1","Day1OutputPosition","Day1PrimeCondition","Day1Prime","Day1PrimeFor","RelatedPrimePresentedonDay1"
"TOOL",2166.46,"Studied",14,3,NA,"7","Unrelated","HORSE",NA,NA
"MATH",953.65,"Studied",4,4,NA,"6","Related","GRAFT","SKIN",NA
"WALLET",4783.39,NA,NA,NA,NA,NA,NA,NA,NA,NA
"GRAVE",2081.685,"Studied",31,4,NA,"26","Unrelated","NEPHEW",NA,NA
"OVEN",949.31,"Studied",10,1,"Identical","20","Related","MEDIUM","LARGE",NA
"CHILD",1633,"Studied",1,3,NA,"1","firstword","firstword",NA,NA
"ITCH",3000.145,"Studied",27,1,NA,"15","Unrelated","KILL",NA,NA
"SOIT",1083.51,NA,NA,NA,NA,NA,NA,NA,NA,NA
"SPIT",1183.885,"Studied",39,3,NA,"20","Related","PART","PIECE",NA
"SHALLOW",1349.68,"Studied",8,3,"Identical","21","Identical","SCISSORS",NA,NA
"ENGLISH",1984.9,"Studied",5,1,NA,"3","Identical","OVEN",NA,NA
"COPY",2733.5,"Studied",2,1,NA,"2","Unrelated","GEEK",NA,NA
"SHERIFF",4750.01,"Studied",9,3,NA,"5","Related","GENUINE","REAL",NA
"CARRY",1282.32,"Studied",26,1,NA,"9,19","Identical","MONKEY",NA,"HAUL"
"FRAME",5334.085,NA,NA,NA,NA,"22","Identical","WATER",NA,NA
"UNCLEAR",4033.105,"Studied",1,1,NA,"1","firstword","firstword",NA,NA
"",7995.28,NA,NA,NA,NA,NA,NA,NA,NA,NA
"CAKE",1786.8,"Studied",36,1,NA,"12","Related","ALLERGY","SNEEZE",NA
"SOUR",8000.5,"Studied",7,2,"Identical","32","Identical","SOUR",NA,NA
"CHOOSE",3584.505,"Studied",33,2,NA,"6","Identical","COLLECT",NA,NA
"FOOD",2099.095,"Studied",21,2,NA,NA,NA,NA,NA,"GOURMET"
"SWORD",2416.46,"Studied",20,2,NA,NA,NA,NA,NA,"SABER"
"HEAR",3868.275,"Studied",41,2,NA,NA,NA,NA,NA,"LISTEN"
"STAMP",6199.575,"Studied",13,3,NA,"11,33","Related","THROAT","NECK",NA
"CLIMB",2399.47,"Studied",18,4,NA,"34","Identical","SHIRT",NA,"LADDER"
"",8000.77,NA,NA,NA,NA,NA,NA,NA,NA,NA
"COLLECT",7999.835,"Studied",8,2,"Identical",NA,NA,NA,NA,NA
"",8000.66,NA,NA,NA,NA,NA,NA,NA,NA,NA
"WOOD",4216.84,"Studied",3,4,NA,"8,11","Related","LAMB","SHEEP",NA
"BUSH",5267.72,"Studied",35,3,NA,"10","Identical","SHALLOW",NA,NA
"MONEY",6100.375,NA,NA,NA,NA,"23","Identical","MINIMUM",NA,NA
"GUILT",5685.575,"Studied",10,4,"Identical","19","Related","LADDER","CLIMB",NA
"HAPPY",8000.2,"Studied",22,2,"Identical","30","Identical","HAPPY",NA,NA
"",7999.805,NA,NA,NA,NA,NA,NA,NA,NA,NA
"STING",4782.235,"Studied",17,4,NA,"17","Identical","KNIT",NA,NA
"",8004.135,NA,NA,NA,NA,NA,NA,NA,NA,NA
"SLEEPY",5579.71,NA,NA,NA,NA,"18","Unrelated","PICTURE",NA,NA
"TIRED",5799.505,"Studied",21,1,NA,"17","Identical","ALLOW",NA,NA
"",8000.095,NA,NA,NA,NA,NA,NA,NA,NA,NA
"CHID",7998.335,NA,NA,NA,NA,NA,NA,NA,NA,NA
"",7999.455,NA,NA,NA,NA,NA,NA,NA,NA,NA
"",8003.4,NA,NA,NA,NA,NA,NA,NA,NA,NA
"STREET",4067.29,"Studied",12,2,NA,NA,NA,NA,NA,"MAIN"
"",7999.59,NA,NA,NA,NA,NA,NA,NA,NA,NA
"CLOWN",1749.11,"Studied",10,3,NA,"6","Identical","PURPOSE",NA,NA
"",8002.31,NA,NA,NA,NA,NA,NA,NA,NA,NA
"FRIEND",8002.325,NA,NA,NA,NA,NA,NA,NA,NA,NA
"",8002.81,NA,NA,NA,NA,NA,NA,NA,NA,NA
"ENGLIS",6154.79,NA,NA,NA,NA,NA,NA,NA,NA,NA
"SICK",4319.645,"Studied",1,2,NA,"1","firstword","firstword",NA,NA
"LOVE",2096.425,"Studied",36,2,NA,"22","Identical","MAGIC",NA,NA
"",8000.735,NA,NA,NA,NA,NA,NA,NA,NA,NA
"WORK",2334.015,NA,NA,NA,NA,NA,NA,NA,NA,NA
"",8024.975,NA,NA,NA,NA,NA,NA,NA,NA,NA
"UNCEL",8000.065,NA,NA,NA,NA,NA,NA,NA,NA,NA
"UNCLEAR",7000.305,"Studied",1,1,NA,"1","firstword","firstword",NA,NA
"",8006.55,NA,NA,NA,NA,NA,NA,NA,NA,NA
"",8000.045,NA,NA,NA,NA,NA,NA,NA,NA,NA
"YEAR",7700.005,"Studied",3,2,NA,"3","Unrelated","LOOK",NA,NA
"",8000.315,NA,NA,NA,NA,NA,NA,NA,NA,NA
"MONEY",7998.445,NA,NA,NA,NA,"23","Identical","MINIMUM",NA,NA
"",7998.86,NA,NA,NA,NA,NA,NA,NA,NA,NA
"BIRD",5551.095,NA,NA,NA,"Unrelated",NA,NA,NA,NA,NA
"",7998.345,NA,NA,NA,NA,NA,NA,NA,NA,NA
"BUSH",3449.55,"Studied",35,3,NA,"10","Identical","SHALLOW",NA,NA
"",8003.345,NA,NA,NA,NA,NA,NA,NA,NA,NA
"DRESS",3465.785,"Studied",30,2,NA,"5,16","Related","BAND","MUSIC ",NA
"",7999.675,NA,NA,NA,NA,NA,NA,NA,NA,NA
"",7999.95,NA,NA,NA,NA,NA,NA,NA,NA,NA
"BIRTHDAY",2051.835,NA,NA,NA,NA,NA,NA,NA,NA,NA
"CARDF",8001.13,NA,NA,NA,NA,NA,NA,NA,NA,NA
"CARD",2116.3,"Studied",18,3,"Identical","12","Identical","HATE",NA,NA
"",7999.545,NA,NA,NA,NA,NA,NA,NA,NA,NA
"",8000.365,NA,NA,NA,NA,NA,NA,NA,NA,NA
"",7998.595,NA,NA,NA,NA,NA,NA,NA,NA,NA
"SHIP",3220.625,"Studied",42,2,"Identical","21","Related","LICE","HAIR",NA
"",7999.555,NA,NA,NA,NA,NA,NA,NA,NA,NA
"KNIFE",8000.495,"Studied",32,3,NA,"15","Related","ZEBRA","STRIPE",NA
"DAGGER",3214.015,NA,NA,NA,NA,NA,NA,NA,NA,NA
"",7999.12,NA,NA,NA,NA,NA,NA,NA,NA,NA
"",8000.51,NA,NA,NA,NA,NA,NA,NA,NA,NA
"JEANS",1418.41,"Studied",9,1,NA,"21","Unrelated","STOMACH",NA,"DENIM"
"",8001.4,NA,NA,NA,NA,NA,NA,NA,NA,NA
"PAPER",6366.43,"Studied",15,1,NA,"14","Identical","FRONT",NA,NA
"",8002.095,NA,NA,NA,NA,NA,NA,NA,NA,NA
"",8005.185,NA,NA,NA,NA,NA,NA,NA,NA,NA
"PENCIL",2367.185,"Studied",28,1,NA,NA,NA,NA,NA,"ERASER"
"",7988.79,NA,NA,NA,NA,NA,NA,NA,NA,NA
"",7999.96,NA,NA,NA,NA,NA,NA,NA,NA,NA
"",8000.27,NA,NA,NA,NA,NA,NA,NA,NA,NA
"",8003.505,NA,NA,NA,NA,NA,NA,NA,NA,NA
"PLANT",2466.555,NA,NA,NA,"Unrelated",NA,NA,NA,NA,NA
"",8001.4,NA,NA,NA,NA,NA,NA,NA,NA,NA
"",7990.25,NA,NA,NA,NA,NA,NA,NA,NA,NA
"",8002.285,NA,NA,NA,NA,NA,NA,NA,NA,NA
"",4799.86,NA,NA,NA,NA,NA,NA,NA,NA,NA
