"participant","session","date","expName","psychopyVersion","frameRate","RecalledWord","RT","Prime","PrimeCon","PrimeDuration","OutputPosition","Block","StudyPosition","Studied","PrimeRecalledCondition","PrimeFor"
"RF2",1,"2020-11-02_14h09.37.359","S2.2ConstantTotalFinal","2020.1.3",60,"HEAR",2782.175,"firstword","firstword",NA,1,1,35,"Studied",NA,NA
"RF2",1,"2020-11-02_14h09.37.359","S2.2ConstantTotalFinal","2020.1.3",60,"BELL",1699.485,"BIZZARE","Related",49.12500001,2,1,25,"Studied",NA,"STRANGE"
"RF2",1,"2020-11-02_14h09.37.359","S2.2ConstantTotalFinal","2020.1.3",60,"HAIR",1368.15,"TOUR","Unrelated",51.1,3,1,41,"Studied",NA,NA
"RF2",1,"2020-11-02_14h09.37.359","S2.2ConstantTotalFinal","2020.1.3",60,"LAUGH",1634.035,"LAUGH","Identical",41.195,4,1,30,"Studied","Identical",NA
"RF2",1,"2020-11-02_14h09.37.359","S2.2ConstantTotalFinal","2020.1.3",60,"CHURCH",1782.39,"WAND","Related",50.605,5,1,10,"Studied",NA,"MAGIC"
"RF2",1,"2020-11-02_14h09.37.359","S2.2ConstantTotalFinal","2020.1.3",60,"LOVE",1718.375,"CAPTAIN","Related",50.01000001,6,1,13,"Studied",NA,"SHIP"
"RF2",1,"2020-11-02_14h09.37.359","S2.2ConstantTotalFinal","2020.1.3",60,"SMELL",1322.745,"PERFUME","Related",49.66,7,1,42,"Studied",NA,"SMELL"
"RF2",1,"2020-11-02_14h09.37.359","S2.2ConstantTotalFinal","2020.1.3",60,"LOSE",1150.07,"JACKET","Identical",49.09,8,1,19,"Studied",NA,NA
"RF2",1,"2020-11-02_14h09.37.359","S2.2ConstantTotalFinal","2020.1.3",60,"GAME",2333.66,"PROBLEM","Identical",50.00500001,9,1,31,"Studied",NA,NA
"RF2",1,"2020-11-02_14h09.37.359","S2.2ConstantTotalFinal","2020.1.3",60,"MUSIC",2416.67,"SHATTER","Related",50.03500001,10,1,NA,NA,NA,"BREAK"
"RF2",1,"2020-11-02_14h09.37.359","S2.2ConstantTotalFinal","2020.1.3",60,"TREE",1576.215,"DELIGHT","Related",53.875,11,1,36,"Studied",NA,"HAPPY"
"RF2",1,"2020-11-02_14h09.37.359","S2.2ConstantTotalFinal","2020.1.3",60,"FOOD",1520.62,"TENNIS","Unrelated",50.015,12,1,27,"Studied",NA,NA
"RF2",1,"2020-11-02_14h09.37.359","S2.2ConstantTotalFinal","2020.1.3",60,"VOLCANO",2897.885,"CAMEL","Related",50.2,13,1,12,"Studied",NA,"DESERT"
"RF2",1,"2020-11-02_14h09.37.359","S2.2ConstantTotalFinal","2020.1.3",60,"DESERT",1949.205,"MAYBE","Identical",49.39,14,1,8,"Studied",NA,NA
"RF2",1,"2020-11-02_14h09.37.359","S2.2ConstantTotalFinal","2020.1.3",60,"MAGIC",1717.27,"STREET","Identical",50.90500001,15,1,18,"Studied",NA,NA
"RF2",1,"2020-11-02_14h09.37.359","S2.2ConstantTotalFinal","2020.1.3",60,"LETTUCE",4061.445,"SABER","Related",51.055,16,1,1,"Studied",NA,"SWORD"
"RF2",1,"2020-11-02_14h09.37.359","S2.2ConstantTotalFinal","2020.1.3",60,"JACKET",4152.685,"CLARIFY","Related",48.83499999,17,1,5,"Studied","Identical","CLEAR"
"RF2",1,"2020-11-02_14h09.37.359","S2.2ConstantTotalFinal","2020.1.3",60,"XXXXX",8000.13,"TAKE","Identical",49.3,18,1,NA,NA,NA,NA
"RF2",1,"2020-11-02_14h09.37.359","S2.2ConstantTotalFinal","2020.1.3",60,"ROOF",1996.24,"BALLET","Unrelated",49.59,19,1,2,"Studied",NA,NA
"RF2",1,"2020-11-02_14h09.37.359","S2.2ConstantTotalFinal","2020.1.3",60,"XXXXX",7999.79,"TALK","Identical",51.86000001,20,1,NA,NA,NA,NA
"RF2",1,"2020-11-02_14h09.37.359","S2.2ConstantTotalFinal","2020.1.3",60,"XXXXX",7997.385,"ARGUE","Unrelated",50.495,21,1,NA,NA,NA,NA
"RF2",1,"2020-11-02_14h09.37.359","S2.2ConstantTotalFinal","2020.1.3",60,"XXXXX",7998.075,"HEATER","Related",48.125,22,1,NA,NA,NA,"WARM"
"RF2",1,"2020-11-02_14h09.37.359","S2.2ConstantTotalFinal","2020.1.3",60,"XXXXX",8002.15,"DECADE","Related",50.11500001,23,1,NA,NA,NA,"YEAR"
"RF2",1,"2020-11-02_14h09.37.359","S2.2ConstantTotalFinal","2020.1.3",60,"XXXXX",7999.365,"SEARCH","Related",48.895,24,1,NA,NA,NA,"FIND"
"RF2",1,"2020-11-02_14h09.37.359","S2.2ConstantTotalFinal","2020.1.3",60,"XXXXX",7999.585,"GATHER","Related",52.19,25,1,NA,NA,NA,"COLLECT"
"RF2",1,"2020-11-02_14h09.37.359","S2.2ConstantTotalFinal","2020.1.3",60,"XXXXX",7999.735,"SHOP","Related",51.28500001,26,1,NA,NA,NA,"STORE"
"RF2",1,"2020-11-02_14h09.37.359","S2.2ConstantTotalFinal","2020.1.3",60,"XXXXX",7999.075,"BUTTER","Unrelated",49.86499999,27,1,NA,NA,NA,NA
"RF2",1,"2020-11-02_14h09.37.359","S2.2ConstantTotalFinal","2020.1.3",60,"XXXXX",8000.14,"CHOOSE","Identical",48.36999999,28,1,NA,NA,NA,NA
"RF2",1,"2020-11-02_14h09.37.359","S2.2ConstantTotalFinal","2020.1.3",60,"XXXXX",8002.04,"GLUE","Related",49.86499999,29,1,NA,NA,NA,"STICKY"
"RF2",1,"2020-11-02_14h09.37.359","S2.2ConstantTotalFinal","2020.1.3",60,"XXXXX",7988.55,"GOWN","Related",50.29500001,30,1,NA,NA,NA,"DRESS"
"RF2",1,"2020-11-02_14h09.37.359","S2.2ConstantTotalFinal","2020.1.3",60,"XXXXX",7995.195,"VIRUS","Related",49.10500001,31,1,NA,NA,NA,"SICK"
"RF2",1,"2020-11-02_14h09.37.359","S2.2ConstantTotalFinal","2020.1.3",60,"XXXXX",8000.27,"ZERO","Related",51.41,32,1,NA,NA,NA,"NONE"
"RF2",1,"2020-11-02_14h09.37.359","S2.2ConstantTotalFinal","2020.1.3",60,"XXXXX",7999.71,"CHOIR","Related",46.42500001,33,1,NA,NA,NA,"SING"
"RF2",1,"2020-11-02_14h09.37.359","S2.2ConstantTotalFinal","2020.1.3",60,"XXXXX",8000.545,"TART","Related",48.60000001,34,1,NA,NA,NA,"SOUR"
"RF2",1,"2020-11-02_14h09.37.359","S2.2ConstantTotalFinal","2020.1.3",60,"XXXXX",7998.22,"BOARD","Identical",47.73000001,35,1,NA,NA,NA,NA
"RF2",1,"2020-11-02_14h09.37.359","S2.2ConstantTotalFinal","2020.1.3",60,"XXXXX",8000.605,"SLOW","Unrelated",42.315,36,1,NA,NA,NA,NA
"RF2",1,"2020-11-02_14h09.37.359","S2.2ConstantTotalFinal","2020.1.3",60,"XXXXX",8003.415,"SPIDER","Unrelated",50.42,37,1,NA,NA,NA,NA
"RF2",1,"2020-11-02_14h09.37.359","S2.2ConstantTotalFinal","2020.1.3",60,"XXXXX",8005.435,"ALIVE","Unrelated",50.03499999,38,1,NA,NA,NA,NA
"RF2",1,"2020-11-02_14h09.37.359","S2.2ConstantTotalFinal","2020.1.3",60,"XXXXX",7990.725,"CLUE","Unrelated",49.82499999,39,1,NA,NA,NA,NA
"RF2",1,"2020-11-02_14h09.37.359","S2.2ConstantTotalFinal","2020.1.3",60,"XXXXX",8003.275,"READ","Unrelated",49.85,40,1,NA,NA,NA,NA
"RF2",1,"2020-11-02_14h09.37.359","S2.2ConstantTotalFinal","2020.1.3",60,"XXXXX",8002.39,"SOAP","Unrelated",50.405,41,1,NA,NA,NA,NA
"RF2",1,"2020-11-02_14h09.37.359","S2.2ConstantTotalFinal","2020.1.3",60,"XXXXX",8001.105,"TEST","Unrelated",47.995,42,1,NA,NA,NA,NA
"RF2",1,"2020-11-02_14h09.37.359","S2.2ConstantTotalFinal","2020.1.3",60,"SAME",1884.255,"firstword","firstword",NA,1,2,40,"Studied",NA,NA
"RF2",1,"2020-11-02_14h09.37.359","S2.2ConstantTotalFinal","2020.1.3",60,"HATE",2101.025,"RAIN","Identical",47.695,2,2,35,"Studied",NA,NA
"RF2",1,"2020-11-02_14h09.37.359","S2.2ConstantTotalFinal","2020.1.3",60,"XXXXX",8004.88,"ANNOY","Identical",50.65999999,3,2,NA,NA,NA,NA
"RF2",1,"2020-11-02_14h09.37.359","S2.2ConstantTotalFinal","2020.1.3",60,"DISAGREE",2102.27,"GENUINE","Related",49.38,4,2,33,"Studied",NA,"REAL"
"RF2",1,"2020-11-02_14h09.37.359","S2.2ConstantTotalFinal","2020.1.3",60,"DRUGS",1967.745,"TARNISH","Related",49.505,5,2,27,"Studied",NA,"SILVER"
"RF2",1,"2020-11-02_14h09.37.359","S2.2ConstantTotalFinal","2020.1.3",60,"THANK",3637.02,"MANY","Identical",49.10999999,6,2,NA,NA,NA,NA
"RF2",1,"2020-11-02_14h09.37.359","S2.2ConstantTotalFinal","2020.1.3",60,"THANKS",2155.98,"BALLOT","Related",49.375,7,2,32,"Studied",NA,"VOTE"
"RF2",1,"2020-11-02_14h09.37.359","S2.2ConstantTotalFinal","2020.1.3",60,"CLOWN",1720.565,"PACKAGE","Identical",50.16500001,8,2,26,"Studied",NA,NA
"RF2",1,"2020-11-02_14h09.37.359","S2.2ConstantTotalFinal","2020.1.3",60,"RAIN",1871.26,"IMMORAL","Related",49.99500001,9,2,2,"Studied","Identical","WRONG"
"RF2",1,"2020-11-02_14h09.37.359","S2.2ConstantTotalFinal","2020.1.3",60,"KNIFE",1887.875,"TRACTOR","Related",51.26000001,10,2,3,"Studied",NA,"TRAILER"
"RF2",1,"2020-11-02_14h09.37.359","S2.2ConstantTotalFinal","2020.1.3",60,"SIDE",1217.135,"PLIERS","Related",50.85,11,2,NA,NA,NA,"TOOL"
"RF2",1,"2020-11-02_14h09.37.359","S2.2ConstantTotalFinal","2020.1.3",60,"SCISSORS",3768.05,"STRIPE","Identical",49.07000001,12,2,5,"Studied",NA,NA
"RF2",1,"2020-11-02_14h09.37.359","S2.2ConstantTotalFinal","2020.1.3",60,"QUEST",3749.885,"THERE","Unrelated",49.195,13,2,NA,NA,NA,NA
"RF2",1,"2020-11-02_14h09.37.359","S2.2ConstantTotalFinal","2020.1.3",60,"YOUNG",2701.005,"TOCK","Identical",49.035,14,2,6,"Studied",NA,NA
"RF2",1,"2020-11-02_14h09.37.359","S2.2ConstantTotalFinal","2020.1.3",60,"BUSH",4365.725,"SHALLOW","Identical",49.91999999,15,2,14,"Studied",NA,NA
"RF2",1,"2020-11-02_14h09.37.359","S2.2ConstantTotalFinal","2020.1.3",60,"SHALLOW",3066.825,"PIECE","Identical",50.15,16,2,12,"Studied","Identical",NA
"RF2",1,"2020-11-02_14h09.37.359","S2.2ConstantTotalFinal","2020.1.3",60,"VOTE",2883.09,"MARRY","Identical",49.465,17,2,21,"Studied",NA,NA
"RF2",1,"2020-11-02_14h09.37.359","S2.2ConstantTotalFinal","2020.1.3",60,"XXXXX",8002.44,"MINUTE","Unrelated",50.015,18,2,NA,NA,NA,NA
"RF2",1,"2020-11-02_14h09.37.359","S2.2ConstantTotalFinal","2020.1.3",60,"POTATO",3711.94,"INTENT","Related",50.535,19,2,18,"Studied",NA,"PURPOSE"
"RF2",1,"2020-11-02_14h09.37.359","S2.2ConstantTotalFinal","2020.1.3",60,"XXXXX",8002.28,"TEETH","Unrelated",50.57000001,20,2,NA,NA,NA,NA
"RF2",1,"2020-11-02_14h09.37.359","S2.2ConstantTotalFinal","2020.1.3",60,"XXXXX",8003.13,"CLOSE","Unrelated",48.87499999,21,2,NA,NA,NA,NA
"RF2",1,"2020-11-02_14h09.37.359","S2.2ConstantTotalFinal","2020.1.3",60,"XXXXX",8000.615,"YOURS","Unrelated",49.47499999,22,2,NA,NA,NA,NA
"RF2",1,"2020-11-02_14h09.37.359","S2.2ConstantTotalFinal","2020.1.3",60,"XXXXX",8003.405,"QUIET","Identical",49.56499999,23,2,NA,NA,NA,NA
"RF2",1,"2020-11-02_14h09.37.359","S2.2ConstantTotalFinal","2020.1.3",60,"XXXXX",7999.02,"GLIDE","Related",50.345,24,2,NA,NA,NA,NA
"RF2",1,"2020-11-02_14h09.37.359","S2.2ConstantTotalFinal","2020.1.3",60,"XXXXX",7997.39,"SHOVE","Unrelated",51.96,25,2,NA,NA,NA,NA
"RF2",1,"2020-11-02_14h09.37.359","S2.2ConstantTotalFinal","2020.1.3",60,"XXXXX",8001.225,"DEATH","Identical",50.04,26,2,NA,NA,NA,NA
"RF2",1,"2020-11-02_14h09.37.359","S2.2ConstantTotalFinal","2020.1.3",60,"XXXXX",8005.845,"DEPUTY","Related",48.58999999,27,2,NA,NA,NA,"SHERIFF"
"RF2",1,"2020-11-02_14h09.37.359","S2.2ConstantTotalFinal","2020.1.3",60,"XXXXX",7990.64,"CORAL","Unrelated",48.945,28,2,NA,NA,NA,NA
"RF2",1,"2020-11-02_14h09.37.359","S2.2ConstantTotalFinal","2020.1.3",60,"XXXXX",8002.485,"SKETCH","Related",50.26999999,29,2,NA,NA,NA,"DRAW"
"RF2",1,"2020-11-02_14h09.37.359","S2.2ConstantTotalFinal","2020.1.3",60,"XXXXX",8006.025,"PHONE","Unrelated",48.61,30,2,NA,NA,NA,NA
"RF2",1,"2020-11-02_14h09.37.359","S2.2ConstantTotalFinal","2020.1.3",60,"XXXXX",7993.665,"WHERE","Unrelated",47.735,31,2,NA,NA,NA,NA
"RF2",1,"2020-11-02_14h09.37.359","S2.2ConstantTotalFinal","2020.1.3",60,"XXXXX",8037.42,"PARDON","Related",52.44499999,32,2,NA,NA,NA,"EXCUSE"
"RF2",1,"2020-11-02_14h09.37.359","S2.2ConstantTotalFinal","2020.1.3",60,"XXXXX",7988.775,"BEHIND","Unrelated",49.66500001,33,2,NA,NA,NA,NA
"RF2",1,"2020-11-02_14h09.37.359","S2.2ConstantTotalFinal","2020.1.3",60,"XXXXX",7997.94,"SPIT","Identical",48.66,34,2,NA,NA,NA,NA
"RF2",1,"2020-11-02_14h09.37.359","S2.2ConstantTotalFinal","2020.1.3",60,"XXXXX",8002.845,"AIRPORT","Related",48.39,35,2,NA,NA,NA,"PLANE "
"RF2",1,"2020-11-02_14h09.37.359","S2.2ConstantTotalFinal","2020.1.3",60,"XXXXX",7993.86,"STAMP","Identical",50.52,36,2,NA,NA,NA,NA
"RF2",1,"2020-11-02_14h09.37.359","S2.2ConstantTotalFinal","2020.1.3",60,"XXXXX",8001.43,"CHILD","Identical",48.995,37,2,NA,NA,NA,NA
"RF2",1,"2020-11-02_14h09.37.359","S2.2ConstantTotalFinal","2020.1.3",60,"XXXXX",8008.235,"LEASE","Related",42.77500001,38,2,NA,NA,NA,"RENT"
"RF2",1,"2020-11-02_14h09.37.359","S2.2ConstantTotalFinal","2020.1.3",60,"XXXXX",7988.8,"LEMON","Unrelated",48.255,39,2,NA,NA,NA,NA
"RF2",1,"2020-11-02_14h09.37.359","S2.2ConstantTotalFinal","2020.1.3",60,"XXXXX",7994.025,"UNCLE","Unrelated",48.44499999,40,2,NA,NA,NA,NA
"RF2",1,"2020-11-02_14h09.37.359","S2.2ConstantTotalFinal","2020.1.3",60,"XXXXX",7996.795,"NECK","Identical",35.86,41,2,NA,NA,NA,NA
"RF2",1,"2020-11-02_14h09.37.359","S2.2ConstantTotalFinal","2020.1.3",60,"XXXXX",8603.49,"WORST","Unrelated",50.03999999,42,2,NA,NA,NA,NA
"RF2",1,"2020-11-02_14h09.37.359","S2.2ConstantTotalFinal","2020.1.3",60,"SKIN",1124.405,"firstword","firstword",NA,1,3,42,"Studied",NA,NA
"RF2",1,"2020-11-02_14h09.37.359","S2.2ConstantTotalFinal","2020.1.3",60,"MATH",1635.505,"SKULL","Related",49.89000001,2,3,41,"Studied",NA,"HEAD"
"RF2",1,"2020-11-02_14h09.37.359","S2.2ConstantTotalFinal","2020.1.3",60,"WOOD",1459.97,"BEACH","Unrelated",50.135,3,3,29,"Studied",NA,NA
"RF2",1,"2020-11-02_14h09.37.359","S2.2ConstantTotalFinal","2020.1.3",60,"BREAD",3737.265,"STUPID","Identical",49.1,4,3,39,"Studied",NA,NA
"RF2",1,"2020-11-02_14h09.37.359","S2.2ConstantTotalFinal","2020.1.3",60,"STUPID",2572,"KNIT","Identical",51.815,5,3,37,"Studied","Identical",NA
"RF2",1,"2020-11-02_14h09.37.359","S2.2ConstantTotalFinal","2020.1.3",60,"BRAIN",4833.605,"CHAIR","Unrelated",49.01,6,3,18,"Studied",NA,NA
"RF2",1,"2020-11-02_14h09.37.359","S2.2ConstantTotalFinal","2020.1.3",60,"GRAND",4403.84,"ESTEEM","Related",50.52,7,3,35,"Studied",NA,"SELF"
"RF2",1,"2020-11-02_14h09.37.359","S2.2ConstantTotalFinal","2020.1.3",60,"BABY",1547.135,"SPOTS","Identical",50.25999999,8,3,34,"Studied",NA,NA
"RF2",1,"2020-11-02_14h09.37.359","S2.2ConstantTotalFinal","2020.1.3",60,"PENNY",1637.535,"BOMB","Unrelated",49.50000001,9,3,26,"Studied",NA,NA
"RF2",1,"2020-11-02_14h09.37.359","S2.2ConstantTotalFinal","2020.1.3",60,"ARMS",1388.655,"LIGHT","Identical",48.18000001,10,3,24,"Studied",NA,NA
"RF2",1,"2020-11-02_14h09.37.359","S2.2ConstantTotalFinal","2020.1.3",60,"MILK",2151.665,"MOVE","Identical",50.155,11,3,36,"Studied",NA,NA
"RF2",1,"2020-11-02_14h09.37.359","S2.2ConstantTotalFinal","2020.1.3",60,"WOOL",3267.79,"WRITE","Identical",35.705,12,3,NA,NA,NA,NA
"RF2",1,"2020-11-02_14h09.37.359","S2.2ConstantTotalFinal","2020.1.3",60,"WOOD",1206.69,"STOP","Unrelated",50.65999999,13,3,29,"Studied",NA,NA
"RF2",1,"2020-11-02_14h09.37.359","S2.2ConstantTotalFinal","2020.1.3",60,"RULE",2950.43,"SICKLE","Related",52.66999999,14,3,1,"Studied",NA,"CELL"
"RF2",1,"2020-11-02_14h09.37.359","S2.2ConstantTotalFinal","2020.1.3",60,"MOVE",1739.24,"SHAME","Related",50.70000001,15,3,3,"Studied","Identical","GUILT"
"RF2",1,"2020-11-02_14h09.37.359","S2.2ConstantTotalFinal","2020.1.3",60,"STING",3638.185,"CLASS","Identical",50.21999999,16,3,5,"Studied",NA,NA
"RF2",1,"2020-11-02_14h09.37.359","S2.2ConstantTotalFinal","2020.1.3",60,"SHIRT",2234.9,"TENSION","Related",49.71499999,17,3,20,"Studied",NA,"STRESS"
"RF2",1,"2020-11-02_14h09.37.359","S2.2ConstantTotalFinal","2020.1.3",60,"SUBJECT",3752.66,"PHONY","Related",36.34000001,18,3,14,"Studied",NA,"FAKE"
"RF2",1,"2020-11-02_14h09.37.359","S2.2ConstantTotalFinal","2020.1.3",60,"XXXXX",7998.83,"LADDER","Related",50.58499999,19,3,NA,NA,NA,"CLIMB"
"RF2",1,"2020-11-02_14h09.37.359","S2.2ConstantTotalFinal","2020.1.3",60,"ROSE",1728.95,"THORN","Related",49.61999999,20,3,10,"Studied",NA,"ROSE"
"RF2",1,"2020-11-02_14h09.37.359","S2.2ConstantTotalFinal","2020.1.3",60,"EXPLODE",2653.97,"IMPLODE","Related",48.985,21,3,21,"Studied",NA,"EXPLODE"
"RF2",1,"2020-11-02_14h09.37.359","S2.2ConstantTotalFinal","2020.1.3",60,"XXXXX",8006.475,"TWELVE","Unrelated",50.50500001,22,3,NA,NA,NA,NA
"RF2",1,"2020-11-02_14h09.37.359","S2.2ConstantTotalFinal","2020.1.3",60,"XXXXX",8002.475,"AGAIN","Related",50.135,23,3,NA,NA,NA,"REPEAT"
"RF2",1,"2020-11-02_14h09.37.359","S2.2ConstantTotalFinal","2020.1.3",60,"XXXXX",7999.955,"TOWN","Identical",48.47499999,24,3,NA,NA,NA,NA
"RF2",1,"2020-11-02_14h09.37.359","S2.2ConstantTotalFinal","2020.1.3",60,"XXXXX",8002.835,"PICKLE","Unrelated",49.38500001,25,3,NA,NA,NA,NA
"RF2",1,"2020-11-02_14h09.37.359","S2.2ConstantTotalFinal","2020.1.3",60,"XXXXX",8000.865,"PRIM","Related",49.72,26,3,NA,NA,NA,"PROPER"
"RF2",1,"2020-11-02_14h09.37.359","S2.2ConstantTotalFinal","2020.1.3",60,"XXXXX",8058.605,"SHEETS","Unrelated",47.86499999,27,3,NA,NA,NA,NA
"RF2",1,"2020-11-02_14h09.37.359","S2.2ConstantTotalFinal","2020.1.3",60,"XXXXX",8000.495,"CHEESE","Unrelated",47.83,28,3,NA,NA,NA,NA
"RF2",1,"2020-11-02_14h09.37.359","S2.2ConstantTotalFinal","2020.1.3",60,"XXXXX",7992.17,"GROSS","Unrelated",42.965,29,3,NA,NA,NA,NA
"RF2",1,"2020-11-02_14h09.37.359","S2.2ConstantTotalFinal","2020.1.3",60,"XXXXX",7989.095,"LAMB","Related",47.29,30,3,NA,NA,NA,"SHEEP"
"RF2",1,"2020-11-02_14h09.37.359","S2.2ConstantTotalFinal","2020.1.3",60,"XXXXX",7993.595,"PATIENT","Related",47.725,31,3,NA,NA,NA,"DOCTOR"
"RF2",1,"2020-11-02_14h09.37.359","S2.2ConstantTotalFinal","2020.1.3",60,"XXXXX",8003.37,"NIGHTS","Identical",45.77499999,32,3,NA,NA,NA,NA
"RF2",1,"2020-11-02_14h09.37.359","S2.2ConstantTotalFinal","2020.1.3",60,"XXXXX",7990.41,"TOMB","Related",48.045,33,3,NA,NA,NA,"GRAVE"
"RF2",1,"2020-11-02_14h09.37.359","S2.2ConstantTotalFinal","2020.1.3",60,"XXXXX",7997.63,"TOUCH","Identical",51.375,34,3,NA,NA,NA,NA
"RF2",1,"2020-11-02_14h09.37.359","S2.2ConstantTotalFinal","2020.1.3",60,"XXXXX",8006.425,"YELLOW","Unrelated",49.08,35,3,NA,NA,NA,NA
"RF2",1,"2020-11-02_14h09.37.359","S2.2ConstantTotalFinal","2020.1.3",60,"XXXXX",7991.65,"UNDER","Identical",49.52,36,3,NA,NA,NA,NA
"RF2",1,"2020-11-02_14h09.37.359","S2.2ConstantTotalFinal","2020.1.3",60,"XXXXX",7992.775,"STEAL","Identical",50.89500001,37,3,NA,NA,NA,NA
"RF2",1,"2020-11-02_14h09.37.359","S2.2ConstantTotalFinal","2020.1.3",60,"XXXXX",7993.86,"CLAM","Unrelated",49.9,38,3,NA,NA,NA,NA
"RF2",1,"2020-11-02_14h09.37.359","S2.2ConstantTotalFinal","2020.1.3",60,"XXXXX",8003.13,"TOOTH","Identical",48.96499999,39,3,NA,NA,NA,NA
"RF2",1,"2020-11-02_14h09.37.359","S2.2ConstantTotalFinal","2020.1.3",60,"XXXXX",7994.01,"PEDAL","Related",48.92,40,3,NA,NA,NA,"BIKE"
"RF2",1,"2020-11-02_14h09.37.359","S2.2ConstantTotalFinal","2020.1.3",60,"XXXXX",7991.89,"GUITAR","Unrelated",49.85,41,3,NA,NA,NA,NA
"RF2",1,"2020-11-02_14h09.37.359","S2.2ConstantTotalFinal","2020.1.3",60,"XXXXX",8005.045,"CHANGE","Unrelated",47.42500001,42,3,NA,NA,NA,NA
"RF2",1,"2020-11-02_14h09.37.359","S2.2ConstantTotalFinal","2020.1.3",60,"WANT",1562.61,"firstword","firstword",NA,1,4,42,"Studied",NA,NA
"RF2",1,"2020-11-02_14h09.37.359","S2.2ConstantTotalFinal","2020.1.3",60,"SLEEP",1630.62,"LARGE","Identical",47.825,2,4,41,"Studied",NA,NA
"RF2",1,"2020-11-02_14h09.37.359","S2.2ConstantTotalFinal","2020.1.3",60,"DEEP",1852.6,"DENIM","Related",49.98499999,3,4,NA,NA,NA,"JEANS"
"RF2",1,"2020-11-02_14h09.37.359","S2.2ConstantTotalFinal","2020.1.3",60,"JEAN",1274.74,"FRONT","Identical",48.11,4,4,NA,NA,NA,NA
"RF2",1,"2020-11-02_14h09.37.359","S2.2ConstantTotalFinal","2020.1.3",60,"SMART",1904.93,"CAUSE","Related",36.085,5,4,9,"Studied",NA,"EFFECT"
"RF2",1,"2020-11-02_14h09.37.359","S2.2ConstantTotalFinal","2020.1.3",60,"SILK",5166.075,"SMALL","Identical",49.035,6,4,19,"Studied",NA,NA
"RF2",1,"2020-11-02_14h09.37.359","S2.2ConstantTotalFinal","2020.1.3",60,"SNEEZE",3235.535,"CERTAIN","Related",50.82999999,7,4,20,"Studied",NA,"SURE"
"RF2",1,"2020-11-02_14h09.37.359","S2.2ConstantTotalFinal","2020.1.3",60,"PENCIL",1910.12,"PENCIL","Identical",50.215,8,4,7,"Studied","Identical",NA
"RF2",1,"2020-11-02_14h09.37.359","S2.2ConstantTotalFinal","2020.1.3",60,"BANK",1483.715,"SMOKE","Unrelated",36.30000001,9,4,5,"Studied",NA,NA
"RF2",1,"2020-11-02_14h09.37.359","S2.2ConstantTotalFinal","2020.1.3",60,"MONKEY",2673.12,"SHOES","Unrelated",45.115,10,4,1,"Studied",NA,NA
"RF2",1,"2020-11-02_14h09.37.359","S2.2ConstantTotalFinal","2020.1.3",60,"SLICE",3524.97,"COPY","Identical",52.19999999,11,4,NA,NA,NA,NA
"RF2",1,"2020-11-02_14h09.37.359","S2.2ConstantTotalFinal","2020.1.3",60,"SPICE",1595.33,"PERMIT","Related",48.7,12,4,2,"Studied",NA,"ALLOW"
"RF2",1,"2020-11-02_14h09.37.359","S2.2ConstantTotalFinal","2020.1.3",60,"XXXXX",7999.905,"STOMACH","Unrelated",36.175,13,4,NA,NA,NA,NA
"RF2",1,"2020-11-02_14h09.37.359","S2.2ConstantTotalFinal","2020.1.3",60,"OMEN",3536.415,"SERVANT","Related",49.805,14,4,NA,NA,NA,"MAID"
"RF2",1,"2020-11-02_14h09.37.359","S2.2ConstantTotalFinal","2020.1.3",60,"OPEN",3037.43,"BLACK","Unrelated",50.91999999,15,4,NA,NA,NA,NA
"RF2",1,"2020-11-02_14h09.37.359","S2.2ConstantTotalFinal","2020.1.3",60,"UNTIL",5910.795,"MARGIN","Related",41.065,16,4,NA,NA,NA,"PAPER"
"RF2",1,"2020-11-02_14h09.37.359","S2.2ConstantTotalFinal","2020.1.3",60,"XXXXX",8003.215,"FINISH","Identical",49.635,17,4,NA,NA,NA,NA
"RF2",1,"2020-11-02_14h09.37.359","S2.2ConstantTotalFinal","2020.1.3",60,"XXXXX",7988.975,"SCRATCH","Related",49.625,18,4,NA,NA,NA,"ITCH"
"RF2",1,"2020-11-02_14h09.37.359","S2.2ConstantTotalFinal","2020.1.3",60,"XXXXX",8004.86,"BLAZE","Related",49.06999999,19,4,NA,NA,NA,"FIRE"
"RF2",1,"2020-11-02_14h09.37.359","S2.2ConstantTotalFinal","2020.1.3",60,"XXXXX",8002.965,"BELOW","Unrelated",48.585,20,4,NA,NA,NA,NA
"RF2",1,"2020-11-02_14h09.37.359","S2.2ConstantTotalFinal","2020.1.3",60,"XXXXX",8006.43,"MAIL","Related",49.30999999,21,4,NA,NA,NA,"LETTER"
"RF2",1,"2020-11-02_14h09.37.359","S2.2ConstantTotalFinal","2020.1.3",60,"XXXXX",7990.955,"UNCLEAR","Identical",46.57000001,22,4,NA,NA,NA,NA
"RF2",1,"2020-11-02_14h09.37.359","S2.2ConstantTotalFinal","2020.1.3",60,"XXXXX",7989.07,"LEARN","Unrelated",46.94499999,23,4,NA,NA,NA,NA
"RF2",1,"2020-11-02_14h09.37.359","S2.2ConstantTotalFinal","2020.1.3",60,"XXXXX",7993.065,"LAKE","Unrelated",50.18999999,24,4,NA,NA,NA,NA
"RF2",1,"2020-11-02_14h09.37.359","S2.2ConstantTotalFinal","2020.1.3",60,"XXXXX",7994.23,"GHOST","Unrelated",51.79,25,4,NA,NA,NA,NA
"RF2",1,"2020-11-02_14h09.37.359","S2.2ConstantTotalFinal","2020.1.3",60,"XXXXX",7991.435,"GRAMMAR","Related",52.69000001,26,4,NA,NA,NA,"ENGLISH"
"RF2",1,"2020-11-02_14h09.37.359","S2.2ConstantTotalFinal","2020.1.3",60,"XXXXX",8005.7,"BOAT","Related",49.56,27,4,NA,NA,NA,"WATER"
"RF2",1,"2020-11-02_14h09.37.359","S2.2ConstantTotalFinal","2020.1.3",60,"XXXXX",7995.235,"HARD","Related",49.26000001,28,4,NA,NA,NA,"SOFT"
"RF2",1,"2020-11-02_14h09.37.359","S2.2ConstantTotalFinal","2020.1.3",60,"XXXXX",7995.185,"BALL","Identical",49.235,29,4,NA,NA,NA,NA
"RF2",1,"2020-11-02_14h09.37.359","S2.2ConstantTotalFinal","2020.1.3",60,"XXXXX",7993.23,"CASTLE","Identical",49.315,30,4,NA,NA,NA,NA
"RF2",1,"2020-11-02_14h09.37.359","S2.2ConstantTotalFinal","2020.1.3",60,"XXXXX",7995.855,"MAD","Identical",49.47499999,31,4,NA,NA,NA,NA
"RF2",1,"2020-11-02_14h09.37.359","S2.2ConstantTotalFinal","2020.1.3",60,"XXXXX",7998.95,"BAKE","Related",49.48999999,32,4,NA,NA,NA,"CAKE"
"RF2",1,"2020-11-02_14h09.37.359","S2.2ConstantTotalFinal","2020.1.3",60,"XXXXX",8072.4,"OVEN","Identical",49.325,33,4,NA,NA,NA,NA
"RF2",1,"2020-11-02_14h09.37.359","S2.2ConstantTotalFinal","2020.1.3",60,"XXXXX",7999.05,"WORLD","Unrelated",48.895,34,4,NA,NA,NA,NA
"RF2",1,"2020-11-02_14h09.37.359","S2.2ConstantTotalFinal","2020.1.3",60,"XXXXX",7992.105,"HELLO","Identical",50.11499999,35,4,NA,NA,NA,NA
"RF2",1,"2020-11-02_14h09.37.359","S2.2ConstantTotalFinal","2020.1.3",60,"XXXXX",7997.165,"MAXIMUM","Related",48.53999999,36,4,NA,NA,NA,"MINIMUM"
"RF2",1,"2020-11-02_14h09.37.359","S2.2ConstantTotalFinal","2020.1.3",60,"XXXXX",7992.43,"LENS","Related",49.56500001,37,4,NA,NA,NA,"GLASSES"
"RF2",1,"2020-11-02_14h09.37.359","S2.2ConstantTotalFinal","2020.1.3",60,"XXXXX",7996.76,"BORED","Related",50.39,38,4,NA,NA,NA,"TIRED"
"RF2",1,"2020-11-02_14h09.37.359","S2.2ConstantTotalFinal","2020.1.3",60,"XXXXX",8006.795,"MINOR","Unrelated",46.59499999,39,4,NA,NA,NA,NA
"RF2",1,"2020-11-02_14h09.37.359","S2.2ConstantTotalFinal","2020.1.3",60,"XXXXX",7995.14,"PLAN","Identical",49.40999999,40,4,NA,NA,NA,NA
"RF2",1,"2020-11-02_14h09.37.359","S2.2ConstantTotalFinal","2020.1.3",60,"XXXXX",7998.505,"ONCE","Identical",48.025,41,4,NA,NA,NA,NA
"RF2",1,"2020-11-02_14h09.37.359","S2.2ConstantTotalFinal","2020.1.3",60,"XXXXX",7989.115,"PRIDE","Identical",49.23,42,4,NA,NA,NA,NA
