"participant","session","date","expName","psychopyVersion","frameRate","RecalledWord","RT","Prime","PrimeCon","PrimeDuration","OutputPosition","Block","StudyPosition","Studied","PrimeRecalledCondition","PrimeFor"
"TP",1,"2020-10-27_15h05.26.190","S2.3ConstantTotalFinal","2020.1.3",60,"VOTE",2066.68,"firstword","firstword",NA,1,1,28,"Studied",NA,NA
"TP",1,"2020-10-27_15h05.26.190","S2.3ConstantTotalFinal","2020.1.3",60,"SHERIFF",2599.245,"QUIET","Identical",49.70999993,2,1,34,"Studied",NA,NA
"TP",1,"2020-10-27_15h05.26.190","S2.3ConstantTotalFinal","2020.1.3",60,"BUSH",1451.01,"QUART","Unrelated",49.75000001,3,1,35,"Studied",NA,NA
"TP",1,"2020-10-27_15h05.26.190","S2.3ConstantTotalFinal","2020.1.3",60,"SCISSOR",3765.705,"DEEP","Related",51.68499995,4,1,NA,NA,NA,"SHALLOW"
"TP",1,"2020-10-27_15h05.26.190","S2.3ConstantTotalFinal","2020.1.3",60,"MARRY",1833.505,"RENT","Identical",49.47999993,5,1,42,"Studied",NA,NA
"TP",1,"2020-10-27_15h05.26.190","S2.3ConstantTotalFinal","2020.1.3",60,"CLOWN",1782.36,"THANKS","Identical",36.16500006,6,1,29,"Studied",NA,NA
"TP",1,"2020-10-27_15h05.26.190","S2.3ConstantTotalFinal","2020.1.3",60,"POTATO",1688.72,"QUEEN","Unrelated",50.17000006,7,1,24,"Studied",NA,NA
"TP",1,"2020-10-27_15h05.26.190","S2.3ConstantTotalFinal","2020.1.3",60,"KNIFE",1453.845,"INTENT","Related",59.9949999,8,1,23,"Studied",NA,"PURPOSE"
"TP",1,"2020-10-27_15h05.26.190","S2.3ConstantTotalFinal","2020.1.3",60,"DEATH",1783.495,"RAIN","Identical",50.09999999,9,1,40,"Studied",NA,NA
"TP",1,"2020-10-27_15h05.26.190","S2.3ConstantTotalFinal","2020.1.3",60,"RENT",1234.095,"NECK","Identical",64.38,10,1,21,"Studied","Identical",NA
"TP",1,"2020-10-27_15h05.26.190","S2.3ConstantTotalFinal","2020.1.3",60,"EXACT",1970.185,"SILVER","Identical",50.17499998,11,1,1,"Studied",NA,NA
"TP",1,"2020-10-27_15h05.26.190","S2.3ConstantTotalFinal","2020.1.3",60,"THANKS",1761.135,"STRIPE","Identical",49.11500006,12,1,2,"Studied","Identical",NA
"TP",1,"2020-10-27_15h05.26.190","S2.3ConstantTotalFinal","2020.1.3",60,"CARD",1183.065,"FOUND","Unrelated",56.14500004,13,1,4,"Studied",NA,NA
"TP",1,"2020-10-27_15h05.26.190","S2.3ConstantTotalFinal","2020.1.3",60,"SAME",4618.35,"FENCE","Unrelated",44.42999989,14,1,5,"Studied",NA,NA
"TP",1,"2020-10-27_15h05.26.190","S2.3ConstantTotalFinal","2020.1.3",60,"THIN",1636.615,"GLIDE","Related",49.67500002,15,1,6,"Studied",NA,NA
"TP",1,"2020-10-27_15h05.26.190","S2.3ConstantTotalFinal","2020.1.3",60,"PACKAGE",2034.63,"PARDON","Related",37.77000005,16,1,41,"Studied",NA,"EXCUSE"
"TP",1,"2020-10-27_15h05.26.190","S2.3ConstantTotalFinal","2020.1.3",60,"WRONG",3285.43,"MANY","Identical",53.67499997,17,1,19,"Studied",NA,NA
"TP",1,"2020-10-27_15h05.26.190","S2.3ConstantTotalFinal","2020.1.3",60,"RENT",1500.545,"CHILD","Identical",49.78500004,18,1,21,"Studied","Identical",NA
"TP",1,"2020-10-27_15h05.26.190","S2.3ConstantTotalFinal","2020.1.3",60,"BELIEVE",6501.59,"TOOL","Identical",48.97,19,1,NA,NA,NA,NA
"TP",1,"2020-10-27_15h05.26.190","S2.3ConstantTotalFinal","2020.1.3",60,"XXXXX",8000.675,"HORSE","Unrelated",49.96999993,20,1,NA,NA,NA,NA
"TP",1,"2020-10-27_15h05.26.190","S2.3ConstantTotalFinal","2020.1.3",60,"BUSH",2803.615,"DRAW","Identical",49.90999994,21,1,35,"Studied",NA,NA
"TP",1,"2020-10-27_15h05.26.190","S2.3ConstantTotalFinal","2020.1.3",60,"XXXXX",8000.81,"SALIVA","Related",54.12500002,22,1,NA,NA,NA,"SPIT"
"TP",1,"2020-10-27_15h05.26.190","S2.3ConstantTotalFinal","2020.1.3",60,"XXXXX",7994.44,"CLOCK","Unrelated",49.3650001,23,1,NA,NA,NA,NA
"TP",1,"2020-10-27_15h05.26.190","S2.3ConstantTotalFinal","2020.1.3",60,"XXXXX",8000.975,"BEHIND","Unrelated",50.06000004,24,1,NA,NA,NA,NA
"TP",1,"2020-10-27_15h05.26.190","S2.3ConstantTotalFinal","2020.1.3",60,"XXXXX",8003.465,"BOTHER","Related",49.85499999,25,1,NA,NA,NA,"ANNOY"
"TP",1,"2020-10-27_15h05.26.190","S2.3ConstantTotalFinal","2020.1.3",60,"XXXXX",8001.615,"TICK","Related",51.19000003,26,1,NA,NA,NA,"TOCK"
"TP",1,"2020-10-27_15h05.26.190","S2.3ConstantTotalFinal","2020.1.3",60,"XXXXX",8002.785,"AIRPORT","Related",48.82999999,27,1,NA,NA,NA,"PLANE "
"TP",1,"2020-10-27_15h05.26.190","S2.3ConstantTotalFinal","2020.1.3",60,"XXXXX",8014.01,"FINGER","Unrelated",50.04,28,1,NA,NA,NA,NA
"TP",1,"2020-10-27_15h05.26.190","S2.3ConstantTotalFinal","2020.1.3",60,"XXXXX",3887.845,"HATE","Identical",50.30499992,29,1,NA,NA,NA,NA
"TP",1,"2020-10-27_15h05.26.190","S2.3ConstantTotalFinal","2020.1.3",60,"XXXXX",454.0199999,"PIECE","Identical",51.24000006,30,1,NA,NA,NA,NA
"TP",1,"2020-10-27_15h05.26.190","S2.3ConstantTotalFinal","2020.1.3",60,"XXXXX",565.5449999,"TRACTOR","Related",40.05499999,31,1,NA,NA,NA,"TRAILER"
"TP",1,"2020-10-27_15h05.26.190","S2.3ConstantTotalFinal","2020.1.3",60,"XXXXX",2382.505,"ADDICT","Related",50.11499999,32,1,NA,NA,NA,"DRUGS"
"TP",1,"2020-10-27_15h05.26.190","S2.3ConstantTotalFinal","2020.1.3",60,"NECK",2201.995,"SHEARS","Related",40.37499998,33,1,32,"Studied","Identical","SCISSORS"
"TP",1,"2020-10-27_15h05.26.190","S2.3ConstantTotalFinal","2020.1.3",60,"STRIPE",1735.295,"YOUNG","Identical",49.33499999,34,1,33,"Studied","Identical",NA
"TP",1,"2020-10-27_15h05.26.190","S2.3ConstantTotalFinal","2020.1.3",60,"STAMP",1503.855,"CANCER","Unrelated",39.49,35,1,31,"Studied",NA,NA
"TP",1,"2020-10-27_15h05.26.190","S2.3ConstantTotalFinal","2020.1.3",60,"XXXXX",3538.605,"AGREE","Related",48.22,36,1,NA,NA,NA,"DISAGREE"
"TP",1,"2020-10-27_15h05.26.190","S2.3ConstantTotalFinal","2020.1.3",60,"DEFEND",1668.815,"ANIMAL","Unrelated",50.14999991,37,1,NA,NA,NA,NA
"TP",1,"2020-10-27_15h05.26.190","S2.3ConstantTotalFinal","2020.1.3",60,"DISAGR",8001.705,"PEPPER","Unrelated",50.45999994,38,1,NA,NA,NA,NA
"TP",1,"2020-10-27_15h05.26.190","S2.3ConstantTotalFinal","2020.1.3",60,"ANNOY",5334.205,"GENUINE","Related",50.06000004,39,1,25,"Studied",NA,"REAL"
"TP",1,"2020-10-27_15h05.26.190","S2.3ConstantTotalFinal","2020.1.3",60,"DISAGREE",5970.305,"OFFICE","Unrelated",41.94499995,40,1,27,"Studied",NA,NA
"TP",1,"2020-10-27_15h05.26.190","S2.3ConstantTotalFinal","2020.1.3",60,"THINK",7482.5,"BEFORE","Unrelated",50.99499994,41,1,NA,NA,NA,NA
"TP",1,"2020-10-27_15h05.26.190","S2.3ConstantTotalFinal","2020.1.3",60,"XXXXX",299.77,"PHONE","Unrelated",50.26499997,42,1,NA,NA,NA,NA
"TP",1,"2020-10-27_15h05.26.190","S2.3ConstantTotalFinal","2020.1.3",60,"GRAVE",1450.915,"firstword","firstword",NA,1,2,42,"Studied",NA,NA
"TP",1,"2020-10-27_15h05.26.190","S2.3ConstantTotalFinal","2020.1.3",60,"SHIRT",5884.08,"STREAM","Unrelated",44.11000002,2,2,1,"Studied",NA,NA
"TP",1,"2020-10-27_15h05.26.190","S2.3ConstantTotalFinal","2020.1.3",60,"DOTS",3784.265,"WORK","Unrelated",50.42500002,3,2,NA,NA,NA,NA
"TP",1,"2020-10-27_15h05.26.190","S2.3ConstantTotalFinal","2020.1.3",60,"SPOTS",1265.775,"KNIT","Identical",49.68500009,4,2,2,"Studied",NA,NA
"TP",1,"2020-10-27_15h05.26.190","S2.3ConstantTotalFinal","2020.1.3",60,"UNDER",1832.495,"SONG","Unrelated",35.745,5,2,6,"Studied",NA,NA
"TP",1,"2020-10-27_15h05.26.190","S2.3ConstantTotalFinal","2020.1.3",60,"STUPID",1797.95,"NEPHEW","Unrelated",50.66499999,6,2,5,"Studied",NA,NA
"TP",1,"2020-10-27_15h05.26.190","S2.3ConstantTotalFinal","2020.1.3",60,"CELL",3216.535,"WEST","Unrelated",41.555,7,2,9,"Studied",NA,NA
"TP",1,"2020-10-27_15h05.26.190","S2.3ConstantTotalFinal","2020.1.3",60,"PAIN",5194.4,"LENGTH","Unrelated",52.80499998,8,2,NA,NA,"Unrelated",NA
"TP",1,"2020-10-27_15h05.26.190","S2.3ConstantTotalFinal","2020.1.3",60,"EXPLOSION",2231.125,"ESSAY","Related",51.65499996,9,2,NA,NA,NA,"WRITE"
"TP",1,"2020-10-27_15h05.26.190","S2.3ConstantTotalFinal","2020.1.3",60,"SHEEP",1784.29,"NUMBER","Unrelated",49.32999995,10,2,10,"Studied",NA,NA
"TP",1,"2020-10-27_15h05.26.190","S2.3ConstantTotalFinal","2020.1.3",60,"CLASS",1117.255,"SUBJECT","Identical",50.605,11,2,13,"Studied",NA,NA
"TP",1,"2020-10-27_15h05.26.190","S2.3ConstantTotalFinal","2020.1.3",60,"BRAIN",3167.395,"PRIM","Related",49.75999997,12,2,24,"Studied",NA,"PROPER"
"TP",1,"2020-10-27_15h05.26.190","S2.3ConstantTotalFinal","2020.1.3",60,"DOCTOR",4253.215,"ARMS","Identical",49.49500004,13,2,26,"Studied",NA,NA
"TP",1,"2020-10-27_15h05.26.190","S2.3ConstantTotalFinal","2020.1.3",60,"BIKE",2383.825,"CLIMB","Identical",49.43000001,14,2,31,"Studied",NA,NA
"TP",1,"2020-10-27_15h05.26.190","S2.3ConstantTotalFinal","2020.1.3",60,"KNIT",989.43,"BIRD","Unrelated",51.34999997,15,2,30,"Studied","Identical",NA
"TP",1,"2020-10-27_15h05.26.190","S2.3ConstantTotalFinal","2020.1.3",60,"SELF",1017.335,"GRAND","Identical",49.14999998,16,2,32,"Studied",NA,NA
"TP",1,"2020-10-27_15h05.26.190","S2.3ConstantTotalFinal","2020.1.3",60,"WRITE",1108.625,"GALLON","Related",60.87000004,17,2,33,"Studied",NA,"MILK"
"TP",1,"2020-10-27_15h05.26.190","S2.3ConstantTotalFinal","2020.1.3",60,"PROPER",4618.905,"GRAFT","Related",50.085,18,2,37,"Studied",NA,"SKIN"
"TP",1,"2020-10-27_15h05.26.190","S2.3ConstantTotalFinal","2020.1.3",60,"RULE",1116.01,"GLORY","Unrelated",50.29000004,19,2,34,"Studied",NA,NA
"TP",1,"2020-10-27_15h05.26.190","S2.3ConstantTotalFinal","2020.1.3",60,"STING",1471.35,"MOVE","Identical",51.80999998,20,2,35,"Studied",NA,NA
"TP",1,"2020-10-27_15h05.26.190","S2.3ConstantTotalFinal","2020.1.3",60,"PENNY",1900.3,"SHAME","Related",49.86000003,21,2,40,"Studied",NA,"GUILT"
"TP",1,"2020-10-27_15h05.26.190","S2.3ConstantTotalFinal","2020.1.3",60,"WOOD",1153.155,"BREAD","Identical",49.86500007,22,2,39,"Studied",NA,NA
"TP",1,"2020-10-27_15h05.26.190","S2.3ConstantTotalFinal","2020.1.3",60,"NURSE",2749.655,"FISH","Unrelated",49.98000001,23,2,NA,NA,NA,NA
"TP",1,"2020-10-27_15h05.26.190","S2.3ConstantTotalFinal","2020.1.3",60,"CLIMB",6604.54,"TOWN","Identical",39.09000009,24,2,22,"Studied","Identical",NA
"TP",1,"2020-10-27_15h05.26.190","S2.3ConstantTotalFinal","2020.1.3",60,"XXXXX",7989.245,"BEAM","Related",64.78999997,25,2,NA,NA,NA,"LIGHT"
"TP",1,"2020-10-27_15h05.26.190","S2.3ConstantTotalFinal","2020.1.3",60,"F",15821.34,"IMPLODE","Related",42.04999993,26,2,NA,NA,NA,"EXPLODE"
"TP",1,"2020-10-27_15h05.26.190","S2.3ConstantTotalFinal","2020.1.3",60,"ASDF",8002.14,"TENSION","Related",51.46999995,27,2,NA,NA,NA,"STRESS"
"TP",1,"2020-10-27_15h05.26.190","S2.3ConstantTotalFinal","2020.1.3",60,"WRONG",5201.695,"STOP","Unrelated",50.25500001,28,2,NA,NA,NA,NA
"TP",1,"2020-10-27_15h05.26.190","S2.3ConstantTotalFinal","2020.1.3",60,"XXXXX",8001.04,"PICKLE","Unrelated",50.36999995,29,2,NA,NA,NA,NA
"TP",1,"2020-10-27_15h05.26.190","S2.3ConstantTotalFinal","2020.1.3",60,"XXXXX",7994.36,"DAYS","Related",49.17500005,30,2,NA,NA,NA,"NIGHTS"
"TP",1,"2020-10-27_15h05.26.190","S2.3ConstantTotalFinal","2020.1.3",60,"XXXXX",8003.195,"PHONY","Related",50.73000002,31,2,NA,NA,NA,"FAKE"
"TP",1,"2020-10-27_15h05.26.190","S2.3ConstantTotalFinal","2020.1.3",60,"XXXXX",8019.27,"CLAM","Unrelated",50.65999995,32,2,NA,NA,NA,NA
"TP",1,"2020-10-27_15h05.26.190","S2.3ConstantTotalFinal","2020.1.3",60,"XXXXX",8001.865,"INFANT","Related",44.18500001,33,2,NA,NA,NA,"BABY"
"TP",1,"2020-10-27_15h05.26.190","S2.3ConstantTotalFinal","2020.1.3",60,"XXXXX",8002.685,"SKULL","Related",39.66999997,34,2,NA,NA,NA,"HEAD"
"TP",1,"2020-10-27_15h05.26.190","S2.3ConstantTotalFinal","2020.1.3",60,"XXXXX",8002.605,"THORN","Related",41.52500001,35,2,NA,NA,NA,"ROSE"
"TP",1,"2020-10-27_15h05.26.190","S2.3ConstantTotalFinal","2020.1.3",60,"XXXXX",8002.665,"ALGEBRA","Related",49.49,36,2,NA,NA,NA,"MATH"
"TP",1,"2020-10-27_15h05.26.190","S2.3ConstantTotalFinal","2020.1.3",60,"XXXXX",8001.66,"THEFT","Related",47.48000007,37,2,NA,NA,NA,"STEAL"
"TP",1,"2020-10-27_15h05.26.190","S2.3ConstantTotalFinal","2020.1.3",60,"XXXXX",8001.735,"OUTTAKE","Unrelated",44.86500006,38,2,NA,NA,NA,NA
"TP",1,"2020-10-27_15h05.26.190","S2.3ConstantTotalFinal","2020.1.3",60,"XXXXX",8036.605,"TOOTH","Identical",49.89500006,39,2,NA,NA,NA,NA
"TP",1,"2020-10-27_15h05.26.190","S2.3ConstantTotalFinal","2020.1.3",60,"XXXXX",8002.8,"GUITAR","Unrelated",49.40000002,40,2,NA,NA,NA,NA
"TP",1,"2020-10-27_15h05.26.190","S2.3ConstantTotalFinal","2020.1.3",60,"XXXXX",7991.96,"RIGHT","Unrelated",49.57499995,41,2,NA,NA,NA,NA
"TP",1,"2020-10-27_15h05.26.190","S2.3ConstantTotalFinal","2020.1.3",60,"XXXXX",7999.99,"AGAIN","Related",49.22499997,42,2,NA,NA,NA,"REPEAT"
"TP",1,"2020-10-27_15h05.26.190","S2.3ConstantTotalFinal","2020.1.3",60,"BALL",1917,"firstword","firstword",NA,1,3,NA,NA,NA,NA
"TP",1,"2020-10-27_15h05.26.190","S2.3ConstantTotalFinal","2020.1.3",60,"SURVE",1534.155,"GREET","Related",49.31000003,2,3,NA,NA,NA,"HELLO"
"TP",1,"2020-10-27_15h05.26.190","S2.3ConstantTotalFinal","2020.1.3",60,"SURE",2484.61,"LAKE","Unrelated",51.81500001,3,3,40,"Studied",NA,NA
"TP",1,"2020-10-27_15h05.26.190","S2.3ConstantTotalFinal","2020.1.3",60,"OVEN",2150.06,"EIGHT","Related",49.535,4,3,41,"Studied",NA,"NINE"
"TP",1,"2020-10-27_15h05.26.190","S2.3ConstantTotalFinal","2020.1.3",60,"SILK",1600.925,"BRIDE","Unrelated",51.54500005,5,3,37,"Studied",NA,NA
"TP",1,"2020-10-27_15h05.26.190","S2.3ConstantTotalFinal","2020.1.3",60,"MINIMUM",2032.985,"TELLER","Related",48.88499994,6,3,39,"Studied",NA,"BANK"
"TP",1,"2020-10-27_15h05.26.190","S2.3ConstantTotalFinal","2020.1.3",60,"BOS",1393.845,"ROAD","Unrelated",49.70999993,7,3,NA,NA,NA,NA
"TP",1,"2020-10-27_15h05.26.190","S2.3ConstantTotalFinal","2020.1.3",60,"BOSS",1200.01,"LARGE","Identical",239.265,8,3,1,"Studied",NA,NA
"TP",1,"2020-10-27_15h05.26.190","S2.3ConstantTotalFinal","2020.1.3",60,"PENCIL",2533.955,"SMILE","Unrelated",51.84999993,9,3,2,"Studied",NA,NA
"TP",1,"2020-10-27_15h05.26.190","S2.3ConstantTotalFinal","2020.1.3",60,"CARRY",1584.43,"DUSK","Unrelated",50.20500009,10,3,3,"Studied",NA,NA
"TP",1,"2020-10-27_15h05.26.190","S2.3ConstantTotalFinal","2020.1.3",60,"SMART",1760.535,"MARGIN","Related",51.57499993,11,3,4,"Studied",NA,"PAPER"
"TP",1,"2020-10-27_15h05.26.190","S2.3ConstantTotalFinal","2020.1.3",60,"GLASSES",2535.715,"LEARN","Unrelated",50.58000004,12,3,6,"Studied",NA,NA
"TP",1,"2020-10-27_15h05.26.190","S2.3ConstantTotalFinal","2020.1.3",60,"EFFECT",1586.085,"DONE","Related",57.9149999,13,3,9,"Studied",NA,"FINISH"
"TP",1,"2020-10-27_15h05.26.190","S2.3ConstantTotalFinal","2020.1.3",60,"PRIDE",1252.56,"SWEET","Unrelated",38.07499993,14,3,8,"Studied",NA,NA
"TP",1,"2020-10-27_15h05.26.190","S2.3ConstantTotalFinal","2020.1.3",60,"ONCE",1716.14,"FIVE","Unrelated",49.52999996,15,3,10,"Studied",NA,NA
"TP",1,"2020-10-27_15h05.26.190","S2.3ConstantTotalFinal","2020.1.3",60,"SNEEZE",1915.055,"SMOKE","Unrelated",49.52,16,3,7,"Studied",NA,NA
"TP",1,"2020-10-27_15h05.26.190","S2.3ConstantTotalFinal","2020.1.3",60,"SOFT",1350.24,"SHRINK","Related",49.17499993,17,3,13,"Studied",NA,"SMALL"
"TP",1,"2020-10-27_15h05.26.190","S2.3ConstantTotalFinal","2020.1.3",60,"TANK",927.4,"BAKE","Related",49.67000009,18,3,NA,NA,NA,"CAKE"
"TP",1,"2020-10-27_15h05.26.190","S2.3ConstantTotalFinal","2020.1.3",60,"ITCH",1121.085,"DOOR","Unrelated",49.78999996,19,3,16,"Studied",NA,NA
"TP",1,"2020-10-27_15h05.26.190","S2.3ConstantTotalFinal","2020.1.3",60,"FINISH",1720.36,"MOAT","Related",50.96500006,20,3,18,"Studied",NA,"CASTLE"
"TP",1,"2020-10-27_15h05.26.190","S2.3ConstantTotalFinal","2020.1.3",60,"CAKE",1117.945,"BORED","Related",49.80500008,21,3,20,"Studied",NA,"TIRED"
"TP",1,"2020-10-27_15h05.26.190","S2.3ConstantTotalFinal","2020.1.3",60,"UNDER",1226.82,"WORLD","Unrelated",49.29999996,22,3,NA,NA,NA,NA
"TP",1,"2020-10-27_15h05.26.190","S2.3ConstantTotalFinal","2020.1.3",60,"WATER",2484.645,"COPY","Identical",39.79000007,23,3,28,"Studied",NA,NA
"TP",1,"2020-10-27_15h05.26.190","S2.3ConstantTotalFinal","2020.1.3",60,"CASTLE",2067.655,"PICTURE","Unrelated",50.24000001,24,3,29,"Studied",NA,NA
"TP",1,"2020-10-27_15h05.26.190","S2.3ConstantTotalFinal","2020.1.3",60,"FIRE",930.295,"WANT","Identical",49.94500009,25,3,33,"Studied",NA,NA
"TP",1,"2020-10-27_15h05.26.190","S2.3ConstantTotalFinal","2020.1.3",60,"TIRED",3067.865,"PRESENT","Unrelated",39.84999994,26,3,30,"Studied",NA,NA
"TP",1,"2020-10-27_15h05.26.190","S2.3ConstantTotalFinal","2020.1.3",60,"THINK",2066.27,"UNCLEAR","Identical",49.9300001,27,3,NA,NA,NA,NA
"TP",1,"2020-10-27_15h05.26.190","S2.3ConstantTotalFinal","2020.1.3",60,"DESSERT",1751.255,"PLAN","Identical",49.54499996,28,3,NA,NA,NA,NA
"TP",1,"2020-10-27_15h05.26.190","S2.3ConstantTotalFinal","2020.1.3",60,"CAKE",1449.9,"CAMP","Unrelated",50.30499992,29,3,20,"Studied",NA,NA
"TP",1,"2020-10-27_15h05.26.190","S2.3ConstantTotalFinal","2020.1.3",60,"LETTER",1162.795,"BACK","Related",49.35500002,30,3,34,"Studied",NA,"FRONT"
"TP",1,"2020-10-27_15h05.26.190","S2.3ConstantTotalFinal","2020.1.3",60,"XXXXX",8055.32,"DENIM","Related",50.56999996,31,3,NA,NA,NA,"JEANS"
"TP",1,"2020-10-27_15h05.26.190","S2.3ConstantTotalFinal","2020.1.3",60,"COPY",1596.45,"MAID","Identical",36.65000002,32,3,12,"Studied","Identical",NA
"TP",1,"2020-10-27_15h05.26.190","S2.3ConstantTotalFinal","2020.1.3",60,"MAD",1533.685,"SLEEP","Identical",37.08499996,33,3,11,"Studied",NA,NA
"TP",1,"2020-10-27_15h05.26.190","S2.3ConstantTotalFinal","2020.1.3",60,"XXXXX",8002.34,"FROG","Unrelated",36.76499997,34,3,NA,NA,NA,NA
"TP",1,"2020-10-27_15h05.26.190","S2.3ConstantTotalFinal","2020.1.3",60,"XXXXX",8010.125,"GORILLA","Related",49.81500003,35,3,NA,NA,NA,"MONKEY"
"TP",1,"2020-10-27_15h05.26.190","S2.3ConstantTotalFinal","2020.1.3",60,"XXXXX",8000.39,"BLACK","Unrelated",49.40500006,36,3,NA,NA,NA,NA
"TP",1,"2020-10-27_15h05.26.190","S2.3ConstantTotalFinal","2020.1.3",60,"XXXXX",8003.08,"HOOP","Unrelated",60.22999994,37,3,NA,NA,NA,NA
"TP",1,"2020-10-27_15h05.26.190","S2.3ConstantTotalFinal","2020.1.3",60,"XXXXX",7997.355,"WHEAT","Unrelated",49.81,38,3,NA,NA,NA,NA
"TP",1,"2020-10-27_15h05.26.190","S2.3ConstantTotalFinal","2020.1.3",60,"ALLOW",4574.67,"ENGLISH","Identical",47.64,39,3,31,"Studied",NA,NA
"TP",1,"2020-10-27_15h05.26.190","S2.3ConstantTotalFinal","2020.1.3",60,"XXXXX",8001.01,"HERB","Related",44.70999993,40,3,NA,NA,NA,"SPICE"
"TP",1,"2020-10-27_15h05.26.190","S2.3ConstantTotalFinal","2020.1.3",60,"XXXXX",8001.835,"POUND","Unrelated",57.84999998,41,3,NA,NA,NA,NA
"TP",1,"2020-10-27_15h05.26.190","S2.3ConstantTotalFinal","2020.1.3",60,"XXXXX",8022.795,"LAND","Unrelated",49.68000005,42,3,NA,NA,NA,NA
"TP",1,"2020-10-27_15h05.26.190","S2.3ConstantTotalFinal","2020.1.3",60,"MAGIC",2168.085,"firstword","firstword",NA,1,4,42,"Studied",NA,NA
"TP",1,"2020-10-27_15h05.26.190","S2.3ConstantTotalFinal","2020.1.3",60,"BREAK",10265.4,"BELL","Identical",50.45999994,2,4,41,"Studied",NA,NA
"TP",1,"2020-10-27_15h05.26.190","S2.3ConstantTotalFinal","2020.1.3",60,"VOLCANO",3516.795,"WARM","Identical",172.595,3,4,35,"Studied",NA,NA
"TP",1,"2020-10-27_15h05.26.190","S2.3ConstantTotalFinal","2020.1.3",60,"CHURCH",1134.09,"TALK","Identical",65.37999993,4,4,39,"Studied",NA,NA
"TP",1,"2020-10-27_15h05.26.190","S2.3ConstantTotalFinal","2020.1.3",60,"SING",983.3249999,"VEST","Related",49.87999995,5,4,26,"Studied",NA,"JACKET"
"TP",1,"2020-10-27_15h05.26.190","S2.3ConstantTotalFinal","2020.1.3",60,"ESSERT",1082.465,"SHOP","Related",51.24000006,6,4,NA,NA,NA,"STORE"
"TP",1,"2020-10-27_15h05.26.190","S2.3ConstantTotalFinal","2020.1.3",60,"ESERT",1468.42,"BRANCH","Unrelated",50.21999998,7,4,NA,NA,NA,NA
"TP",1,"2020-10-27_15h05.26.190","S2.3ConstantTotalFinal","2020.1.3",60,"LETTUCE",3017.11,"STATES","Unrelated",49.09500002,8,4,28,"Studied",NA,NA
"TP",1,"2020-10-27_15h05.26.190","S2.3ConstantTotalFinal","2020.1.3",60,"D",300.9,"GIGGLE","Related",49.245,9,4,NA,NA,NA,"LAUGH"
"TP",1,"2020-10-27_15h05.26.190","S2.3ConstantTotalFinal","2020.1.3",60,"AR",616.8500001,"TEST","Unrelated",48.93000005,10,4,NA,NA,NA,NA
"TP",1,"2020-10-27_15h05.26.190","S2.3ConstantTotalFinal","2020.1.3",60,"HEAR",1167.305,"BORROW","Unrelated",51.03999993,11,4,30,"Studied",NA,NA
"TP",1,"2020-10-27_15h05.26.190","S2.3ConstantTotalFinal","2020.1.3",60,"E",400.945,"GOURMET","Related",50.38000003,12,4,NA,NA,NA,"FOOD"
"TP",1,"2020-10-27_15h05.26.190","S2.3ConstantTotalFinal","2020.1.3",60,"TREE",3792.52,"CHESS","Related",50.09000003,13,4,24,"Studied",NA,"GAME"
"TP",1,"2020-10-27_15h05.26.190","S2.3ConstantTotalFinal","2020.1.3",60,"CHOOSE",1683.755,"PICK","Related",48.16499993,14,4,11,"Studied",NA,"CHOOSE"
"TP",1,"2020-10-27_15h05.26.190","S2.3ConstantTotalFinal","2020.1.3",60,"STRANGE",3034.415,"CAMEL","Related",50.41999999,15,4,1,"Studied",NA,"DESERT"
"TP",1,"2020-10-27_15h05.26.190","S2.3ConstantTotalFinal","2020.1.3",60,"HAIR",1550.7,"CHAIN","Unrelated",49.89500006,16,4,2,"Studied",NA,NA
"TP",1,"2020-10-27_15h05.26.190","S2.3ConstantTotalFinal","2020.1.3",60,"ICK",1468.325,"GLUE","Related",38.90000004,17,4,NA,NA,NA,"STICKY"
"TP",1,"2020-10-27_15h05.26.190","S2.3ConstantTotalFinal","2020.1.3",60,"SICK",1785.08,"LOOK","Unrelated",49.92500006,18,4,3,"Studied",NA,NA
"TP",1,"2020-10-27_15h05.26.190","S2.3ConstantTotalFinal","2020.1.3",60,"LOVE",1615.99,"CAPTAIN","Related",51.12999992,19,4,13,"Studied",NA,"SHIP"
"TP",1,"2020-10-27_15h05.26.190","S2.3ConstantTotalFinal","2020.1.3",60,"CHSE",2216.795,"NAVY","Unrelated",49.96999993,20,4,NA,NA,NA,NA
"TP",1,"2020-10-27_15h05.26.190","S2.3ConstantTotalFinal","2020.1.3",60,"CHOOSE",2650.735,"TAKE","Identical",49.62499999,21,4,11,"Studied",NA,NA
"TP",1,"2020-10-27_15h05.26.190","S2.3ConstantTotalFinal","2020.1.3",60,"COLLECT",1927.64,"SMELL","Identical",65.41499996,22,4,12,"Studied",NA,NA
"TP",1,"2020-10-27_15h05.26.190","S2.3ConstantTotalFinal","2020.1.3",60,"BOARD",2867.92,"FIND","Identical",37.67500003,23,4,25,"Studied",NA,NA
"TP",1,"2020-10-27_15h05.26.190","S2.3ConstantTotalFinal","2020.1.3",60,"SWORD",1902.31,"MAIN","Related",49.95499994,24,4,31,"Studied",NA,"STREET"
"TP",1,"2020-10-27_15h05.26.190","S2.3ConstantTotalFinal","2020.1.3",60,"FIND",1464.805,"ZERO","Related",49.97500009,25,4,10,"Studied","Identical","NONE"
"TP",1,"2020-10-27_15h05.26.190","S2.3ConstantTotalFinal","2020.1.3",60,"SMELL",1750.99,"DILEMMA","Related",46.19499994,26,4,15,"Studied","Identical","PROBLEM"
"TP",1,"2020-10-27_15h05.26.190","S2.3ConstantTotalFinal","2020.1.3",60,"SHIP",2333.155,"BAND","Related",49.94499998,27,4,18,"Studied",NA,"MUSIC "
"TP",1,"2020-10-27_15h05.26.190","S2.3ConstantTotalFinal","2020.1.3",60,"STORE",1184.135,"DRESS","Identical",49.95000002,28,4,17,"Studied",NA,NA
"TP",1,"2020-10-27_15h05.26.190","S2.3ConstantTotalFinal","2020.1.3",60,"PROBLEM",1683.685,"CLEAR","Identical",49.60999999,29,4,20,"Studied",NA,NA
"TP",1,"2020-10-27_15h05.26.190","S2.3ConstantTotalFinal","2020.1.3",60,"GAME",1636.6,"DECADE","Related",50.15000002,30,4,22,"Studied",NA,"YEAR"
"TP",1,"2020-10-27_15h05.26.190","S2.3ConstantTotalFinal","2020.1.3",60,"XXXXX",7993.395,"PAIN","Unrelated",49.10000006,31,4,NA,NA,NA,NA
"TP",1,"2020-10-27_15h05.26.190","S2.3ConstantTotalFinal","2020.1.3",60,"XXXXX",8057.005,"BALLET","Unrelated",49.99000009,32,4,NA,NA,NA,NA
"TP",1,"2020-10-27_15h05.26.190","S2.3ConstantTotalFinal","2020.1.3",60,"XXXXX",8019.345,"ROOF","Identical",50.25500001,33,4,NA,NA,NA,NA
"TP",1,"2020-10-27_15h05.26.190","S2.3ConstantTotalFinal","2020.1.3",60,"JACKET",5766.88,"LESS","Unrelated",51.59000005,34,4,38,"Studied",NA,NA
"TP",1,"2020-10-27_15h05.26.190","S2.3ConstantTotalFinal","2020.1.3",60,"XXXXX",7997.28,"SPIDER","Unrelated",39.39499997,35,4,NA,NA,NA,NA
"TP",1,"2020-10-27_15h05.26.190","S2.3ConstantTotalFinal","2020.1.3",60,"XXXXX",8001.36,"GAIN","Related",49.795,36,4,NA,NA,NA,"LOSE"
"TP",1,"2020-10-27_15h05.26.190","S2.3ConstantTotalFinal","2020.1.3",60,"XXXXX",8000.56,"HAPPY","Identical",50.73999998,37,4,NA,NA,NA,NA
"TP",1,"2020-10-27_15h05.26.190","S2.3ConstantTotalFinal","2020.1.3",60,"XXXXX",8003.1,"SOUR","Identical",49.83000003,38,4,NA,NA,NA,NA
"TP",1,"2020-10-27_15h05.26.190","S2.3ConstantTotalFinal","2020.1.3",60,"XXXXX",8004.055,"MIGHT","Related",46.85000004,39,4,NA,NA,NA,"MAYBE"
"TP",1,"2020-10-27_15h05.26.190","S2.3ConstantTotalFinal","2020.1.3",60,"XXXXX",8002.185,"BUCKET","Unrelated",51.22000002,40,4,NA,NA,NA,NA
"TP",1,"2020-10-27_15h05.26.190","S2.3ConstantTotalFinal","2020.1.3",60,"XXXXX",8007.965,"MOTHER","Unrelated",51.39000004,41,4,NA,NA,NA,NA
"TP",1,"2020-10-27_15h05.26.190","S2.3ConstantTotalFinal","2020.1.3",60,"XXXXX",8000.755,"HUNGER","Unrelated",52.18999996,42,4,NA,NA,NA,NA
