Participant,DelayedWord,DelayedRT,Studied,StudyPosition,Block,RecalledonDay1,ReportedPrimeFromDay1,Day1OutputPosition,Day1PrimeCondition,Day1Prime,Day1PrimeFor,RelatedPrimePresentedonDay1,ActualPrimeCondition,Prime,PrimePosition,PrimeBlock
BH,MONEY,3747.605,Studied,5,2,Recalled,NA,17,Unrelated,WOOD,NA,NA,unrelated,WOOD,17,2
BH,GIRL,1799.555,Studied,NA,NA,Recalled,NA,"3,22",Related,HARSH,MEAN,NA,unrelated,THIN,22,1
BH,SHARK,1433.08,Studied,1,1,Recalled,NA,2,Identical,QUEEN,NA,NA,unrelated,QUEEN,2,1
BH,FENCE,2385.39,Studied,7,1,Recalled,NA,15,Related,GATE,FENCE,GATE,related,GATE,15,1
BH,OFFICE,1316.495,Studied,38,1,Recalled,NA,"9,24",Related,LOST,FOUND,NA,unrelated,TUMOR,24,1
BH,,8003.925,Not Studied,NA,NA,NotRecalled,NA,NA,NA,NA,NA,NA,unprimed,,,
BH,,7993.985,Not Studied,NA,NA,NotRecalled,NA,NA,NA,NA,NA,NA,unprimed,,,
BH,,7990.54,Not Studied,NA,NA,NotRecalled,NA,NA,NA,NA,NA,NA,unprimed,,,
BH,STOP,3917.785,Studied,10,2,Recalled,NA,19,Related,WIDTH,LENGTH,HALT,related,HALT,18,2
BH,JAIL,1703.535,Studied,11,2,Recalled,Identical,20,Unrelated,MILK,NA,NA,identical,JAIL,3,2
BH,TWELVE,2106.535,Studied,35,2,Recalled,NA,21,Related,JUDGE,LAWYER,NA,unrelated,JUDGE,21,2
BH,,7999.975,Not Studied,NA,NA,NotRecalled,NA,NA,NA,NA,NA,NA,unprimed,,,
BH,BIRD,3434.935,Studied,34,2,Recalled,NA,8,Related,HOPE,GLORY,NA,unrelated,HOPE,8,2
BH,,7998.695,Not Studied,NA,NA,NotRecalled,NA,NA,NA,NA,NA,NA,unprimed,,,
BH,,8002.555,Not Studied,NA,NA,NotRecalled,NA,NA,NA,NA,NA,NA,unprimed,,,
BH,,7990.34,Not Studied,NA,NA,NotRecalled,NA,NA,NA,NA,NA,NA,unprimed,,,
BH,,8001.28,Not Studied,NA,NA,NotRecalled,NA,NA,NA,NA,NA,NA,unprimed,,,
BH,,8006.76,Not Studied,NA,NA,NotRecalled,NA,NA,NA,NA,NA,NA,unprimed,,,
BH,MONARCH,4034.84,Practice,NA,NA,NotRecalled,NA,NA,NA,NA,NA,NA,unprimed,,,
BH,QUEEN,2714.3,Studied,27,1,Recalled,Identical,13,Related,GRANITE,ROCK,NA,identical,QUEEN,2,1
BH,,8001.555,Not Studied,NA,NA,NotRecalled,NA,NA,NA,NA,NA,NA,unprimed,,,
BH,,8006.275,Not Studied,NA,NA,NotRecalled,NA,NA,NA,NA,NA,NA,unprimed,,,
BH,WHEAT,7240.52,Studied,1,3,NotRecalled,NA,NA,NA,NA,NA,GRAIN,related,GRAIN,21,3
BH,,7995.13,Not Studied,NA,NA,NotRecalled,NA,NA,NA,NA,NA,NA,unprimed,,,
BH,,8004.91,Not Studied,NA,NA,NotRecalled,NA,NA,NA,NA,NA,NA,unprimed,,,
BH,,6225.625,Not Studied,NA,NA,NotRecalled,NA,NA,NA,NA,NA,NA,unprimed,,,
BH,,372.08,Not Studied,NA,NA,NotRecalled,NA,NA,NA,NA,NA,NA,unprimed,,,
BH,,337.49,Not Studied,NA,NA,NotRecalled,NA,NA,NA,NA,NA,NA,unprimed,,,
BH,,333.26,Not Studied,NA,NA,NotRecalled,NA,NA,NA,NA,NA,NA,unprimed,,,
BH,,300.98,Not Studied,NA,NA,NotRecalled,NA,NA,NA,NA,NA,NA,unprimed,,,
BH,,346.195,Not Studied,NA,NA,NotRecalled,NA,NA,NA,NA,NA,NA,unprimed,,,
BH,,332.195,Not Studied,NA,NA,NotRecalled,NA,NA,NA,NA,NA,NA,unprimed,,,
BH,,269.93,Not Studied,NA,NA,NotRecalled,NA,NA,NA,NA,NA,NA,unprimed,,,
BH,,320.605,Not Studied,NA,NA,NotRecalled,NA,NA,NA,NA,NA,NA,unprimed,,,
BH,,517.24,Not Studied,NA,NA,NotRecalled,NA,NA,NA,NA,NA,NA,unprimed,,,
BH,,320.855,Not Studied,NA,NA,NotRecalled,NA,NA,NA,NA,NA,NA,unprimed,,,
BH,,323.55,Not Studied,NA,NA,NotRecalled,NA,NA,NA,NA,NA,NA,unprimed,,,
BH,,1202.34,Not Studied,NA,NA,NotRecalled,NA,NA,NA,NA,NA,NA,unprimed,,,
BH,,445.9,Not Studied,NA,NA,NotRecalled,NA,NA,NA,NA,NA,NA,unprimed,,,
BH,,432.565,Not Studied,NA,NA,NotRecalled,NA,NA,NA,NA,NA,NA,unprimed,,,
BH,,401.48,Not Studied,NA,NA,NotRecalled,NA,NA,NA,NA,NA,NA,unprimed,,,
BH,,766.88,Not Studied,NA,NA,NotRecalled,NA,NA,NA,NA,NA,NA,unprimed,,,
BH,DANGER,3023.64,Not Studied,NA,NA,NotRecalled,NA,NA,NA,NA,NA,NA,unprimed,,,
BH,,7994.86,Not Studied,NA,NA,NotRecalled,NA,NA,NA,NA,NA,NA,unprimed,,,
BH,FRIGID,2185.055,Not Studied,NA,NA,NotRecalled,NA,NA,NA,NA,NA,NA,unprimed,,,
BH,,7994.77,Not Studied,NA,NA,NotRecalled,NA,NA,NA,NA,NA,NA,unprimed,,,
BH,BEACH,1713.72,Studied,18,2,Recalled,NA,"14,3",Related,LINEN,SHEETS,SAND,related,SAND,9,2
BH,STREAM,1882.845,Studied,36,2,Recalled,NA,16,Unrelated,MATH,NA,NA,unrelated,MATH,16,2
BH,,2379.845,Not Studied,NA,NA,NotRecalled,NA,NA,NA,NA,NA,NA,unprimed,,,
BH,,932.4,Not Studied,NA,NA,NotRecalled,NA,NA,NA,NA,NA,NA,unprimed,,,
BH,PLANT,3441.31,Studied,33,1,Recalled,NA,"4,20",Related,WEED,GRASS,NA,unrelated,CLOCK,20,1
BH,LEAF,2592.555,Not Studied,NA,NA,NotRecalled,NA,NA,NA,NA,NA,NA,unprimed,,,
BH,GRASS,2057.185,Studied,30,1,Recalled,NA,6,Related,AHEAD,BEHIND,WEED,related,WEED,4,1
BH,,1614.91,Not Studied,NA,NA,NotRecalled,NA,NA,NA,NA,NA,NA,unprimed,,,
BH,,379.245,Not Studied,NA,NA,NotRecalled,NA,NA,NA,NA,NA,NA,unprimed,,,
BH,,313.415,Not Studied,NA,NA,NotRecalled,NA,NA,NA,NA,NA,NA,unprimed,,,
BH,,228.695,Not Studied,NA,NA,NotRecalled,NA,NA,NA,NA,NA,NA,unprimed,,,
BH,,321.98,Not Studied,NA,NA,NotRecalled,NA,NA,NA,NA,NA,NA,unprimed,,,
BH,,276.55,Not Studied,NA,NA,NotRecalled,NA,NA,NA,NA,NA,NA,unprimed,,,
BH,,449.96,Not Studied,NA,NA,NotRecalled,NA,NA,NA,NA,NA,NA,unprimed,,,
BH,,419.205,Not Studied,NA,NA,NotRecalled,NA,NA,NA,NA,NA,NA,unprimed,,,
BH,,372.41,Not Studied,NA,NA,NotRecalled,NA,NA,NA,NA,NA,NA,unprimed,,,
BH,,352.42,Not Studied,NA,NA,NotRecalled,NA,NA,NA,NA,NA,NA,unprimed,,,
BH,,365.325,Not Studied,NA,NA,NotRecalled,NA,NA,NA,NA,NA,NA,unprimed,,,
BH,,322.825,Not Studied,NA,NA,NotRecalled,NA,NA,NA,NA,NA,NA,unprimed,,,
BH,,301.37,Not Studied,NA,NA,NotRecalled,NA,NA,NA,NA,NA,NA,unprimed,,,
BH,,296.715,Not Studied,NA,NA,NotRecalled,NA,NA,NA,NA,NA,NA,unprimed,,,
BH,,298.835,Not Studied,NA,NA,NotRecalled,NA,NA,NA,NA,NA,NA,unprimed,,,
BH,,251.575,Not Studied,NA,NA,NotRecalled,NA,NA,NA,NA,NA,NA,unprimed,,,
BH,,216.835,Not Studied,NA,NA,NotRecalled,NA,NA,NA,NA,NA,NA,unprimed,,,
BH,,284.54,Not Studied,NA,NA,NotRecalled,NA,NA,NA,NA,NA,NA,unprimed,,,
BH,,285.04,Not Studied,NA,NA,NotRecalled,NA,NA,NA,NA,NA,NA,unprimed,,,
BH,,183.045,Not Studied,NA,NA,NotRecalled,NA,NA,NA,NA,NA,NA,unprimed,,,
BH,,1198.01,Not Studied,NA,NA,NotRecalled,NA,NA,NA,NA,NA,NA,unprimed,,,
BH,,416.615,Not Studied,NA,NA,NotRecalled,NA,NA,NA,NA,NA,NA,unprimed,,,
BH,,750.13,Not Studied,NA,NA,NotRecalled,NA,NA,NA,NA,NA,NA,unprimed,,,
BH,,413.74,Not Studied,NA,NA,NotRecalled,NA,NA,NA,NA,NA,NA,unprimed,,,
BH,,338.36,Not Studied,NA,NA,NotRecalled,NA,NA,NA,NA,NA,NA,unprimed,,,
BH,,2216.8,Not Studied,NA,NA,NotRecalled,NA,NA,NA,NA,NA,NA,unprimed,,,
BH,,518.05,Not Studied,NA,NA,NotRecalled,NA,NA,NA,NA,NA,NA,unprimed,,,
BH,,388.59,Not Studied,NA,NA,NotRecalled,NA,NA,NA,NA,NA,NA,unprimed,,,
BH,,581.07,Not Studied,NA,NA,NotRecalled,NA,NA,NA,NA,NA,NA,unprimed,,,
BH,,464.43,Not Studied,NA,NA,NotRecalled,NA,NA,NA,NA,NA,NA,unprimed,,,
BH,,421.725,Not Studied,NA,NA,NotRecalled,NA,NA,NA,NA,NA,NA,unprimed,,,
BH,,333.875,Not Studied,NA,NA,NotRecalled,NA,NA,NA,NA,NA,NA,unprimed,,,
BH,,391.94,Not Studied,NA,NA,NotRecalled,NA,NA,NA,NA,NA,NA,unprimed,,,
BH,,580.815,Not Studied,NA,NA,NotRecalled,NA,NA,NA,NA,NA,NA,unprimed,,,
BH,,1869.525,Not Studied,NA,NA,NotRecalled,NA,NA,NA,NA,NA,NA,unprimed,,,
BH,,622.24,Not Studied,NA,NA,NotRecalled,NA,NA,NA,NA,NA,NA,unprimed,,,
BH,,349.83,Not Studied,NA,NA,NotRecalled,NA,NA,NA,NA,NA,NA,unprimed,,,
BH,,345.26,Not Studied,NA,NA,NotRecalled,NA,NA,NA,NA,NA,NA,unprimed,,,
BH,,402.39,Not Studied,NA,NA,NotRecalled,NA,NA,NA,NA,NA,NA,unprimed,,,
BH,,257.87,Not Studied,NA,NA,NotRecalled,NA,NA,NA,NA,NA,NA,unprimed,,,
BH,,620.14,Not Studied,NA,NA,NotRecalled,NA,NA,NA,NA,NA,NA,unprimed,,,
BH,,502.53,Not Studied,NA,NA,NotRecalled,NA,NA,NA,NA,NA,NA,unprimed,,,
BH,,255.79,Not Studied,NA,NA,NotRecalled,NA,NA,NA,NA,NA,NA,unprimed,,,
BH,,361.65,Not Studied,NA,NA,NotRecalled,NA,NA,NA,NA,NA,NA,unprimed,,,
BH,,207.37,Not Studied,NA,NA,NotRecalled,NA,NA,NA,NA,NA,NA,unprimed,,,
BH,,272.15,Not Studied,NA,NA,NotRecalled,NA,NA,NA,NA,NA,NA,unprimed,,,
BH,,206.485,Not Studied,NA,NA,NotRecalled,NA,NA,NA,NA,NA,NA,unprimed,,,