Participant,DelayedWord,DelayedRT,Studied,StudyPosition,Block,RecalledonDay1,ReportedPrimeFromDay1,Day1OutputPosition,Day1PrimeCondition,Day1Prime,Day1PrimeFor,RelatedPrimePresentedonDay1,ActualPrimeCondition,Prime,PrimePosition,PrimeBlock
EC2,,7996.38,Not Studied,NA,NA,NotRecalled,NA,NA,NA,NA,NA,NA,unprimed,,,
EC2,,2397.68,Not Studied,NA,NA,NotRecalled,NA,NA,NA,NA,NA,NA,unprimed,,,
EC2,,582.835,Not Studied,NA,NA,NotRecalled,NA,NA,NA,NA,NA,NA,unprimed,,,
EC2,FLASH,3198.33,Practice,NA,NA,NotRecalled,NA,NA,NA,NA,NA,NA,unprimed,,,
EC2,,6313.225,Not Studied,NA,NA,NotRecalled,NA,NA,NA,NA,NA,NA,unprimed,,,
EC2,,366.2650001,Not Studied,NA,NA,NotRecalled,NA,NA,NA,NA,NA,NA,unprimed,,,
EC2,,233.2200001,Not Studied,NA,NA,NotRecalled,NA,NA,NA,NA,NA,NA,unprimed,,,
EC2,,49.29,Not Studied,NA,NA,NotRecalled,NA,NA,NA,NA,NA,NA,unprimed,,,
EC2,,116.405,Not Studied,NA,NA,NotRecalled,NA,NA,NA,NA,NA,NA,unprimed,,,
EC2,,66.77999999,Not Studied,NA,NA,NotRecalled,NA,NA,NA,NA,NA,NA,unprimed,,,
EC2,,133.4250001,Not Studied,NA,NA,NotRecalled,NA,NA,NA,NA,NA,NA,unprimed,,,
EC2,,116.6600001,Not Studied,NA,NA,NotRecalled,NA,NA,NA,NA,NA,NA,unprimed,,,
EC2,,216.86,Not Studied,NA,NA,NotRecalled,NA,NA,NA,NA,NA,NA,unprimed,,,
EC2,,149.9600001,Not Studied,NA,NA,NotRecalled,NA,NA,NA,NA,NA,NA,unprimed,,,
EC2,,166.2650001,Not Studied,NA,NA,NotRecalled,NA,NA,NA,NA,NA,NA,unprimed,,,
EC2,,166.49,Not Studied,NA,NA,NotRecalled,NA,NA,NA,NA,NA,NA,unprimed,,,
EC2,,83.22999999,Not Studied,NA,NA,NotRecalled,NA,NA,NA,NA,NA,NA,unprimed,,,
EC2,,33.40000007,Not Studied,NA,NA,NotRecalled,NA,NA,NA,NA,NA,NA,unprimed,,,
EC2,,1066.045,Not Studied,NA,NA,NotRecalled,NA,NA,NA,NA,NA,NA,unprimed,,,
EC2,,499.7050001,Not Studied,NA,NA,NotRecalled,NA,NA,NA,NA,NA,NA,unprimed,,,
EC2,,183.2150002,Not Studied,NA,NA,NotRecalled,NA,NA,NA,NA,NA,NA,unprimed,,,
EC2,,233.2349999,Not Studied,NA,NA,NotRecalled,NA,NA,NA,NA,NA,NA,unprimed,,,
EC2,,149.86,Not Studied,NA,NA,NotRecalled,NA,NA,NA,NA,NA,NA,unprimed,,,
EC2,,149.795,Not Studied,NA,NA,NotRecalled,NA,NA,NA,NA,NA,NA,unprimed,,,
EC2,,82.74499979,Not Studied,NA,NA,NotRecalled,NA,NA,NA,NA,NA,NA,unprimed,,,
EC2,,266.5049999,Not Studied,NA,NA,NotRecalled,NA,NA,NA,NA,NA,NA,unprimed,,,
EC2,,66.48000004,Not Studied,NA,NA,NotRecalled,NA,NA,NA,NA,NA,NA,unprimed,,,
EC2,,183.495,Not Studied,NA,NA,NotRecalled,NA,NA,NA,NA,NA,NA,unprimed,,,
EC2,,83.29999982,Not Studied,NA,NA,NotRecalled,NA,NA,NA,NA,NA,NA,unprimed,,,
EC2,,166.1449999,Not Studied,NA,NA,NotRecalled,NA,NA,NA,NA,NA,NA,unprimed,,,
EC2,,549.1249999,Not Studied,NA,NA,NotRecalled,NA,NA,NA,NA,NA,NA,unprimed,,,
EC2,,248.1550002,Not Studied,NA,NA,NotRecalled,NA,NA,NA,NA,NA,NA,unprimed,,,
EC2,,115.925,Not Studied,NA,NA,NotRecalled,NA,NA,NA,NA,NA,NA,unprimed,,,
EC2,,414.78,Not Studied,NA,NA,NotRecalled,NA,NA,NA,NA,NA,NA,unprimed,,,
EC2,,82.64499996,Not Studied,NA,NA,NotRecalled,NA,NA,NA,NA,NA,NA,unprimed,,,
EC2,SILK,2114.945,Studied,34,3,Recalled,NA,"40,8",Related,ESSAY,WRITE,NA,unrelated,SNEEZE,8,3
EC2,STUPID,6680.395,Studied,4,2,Recalled,NA,3,Related,TIMBER,WOOD,NA,unrelated,TIMBER,3,2
EC2,,1481.035,Not Studied,NA,NA,NotRecalled,NA,NA,NA,NA,NA,NA,unprimed,,,
EC2,,164.9850002,Not Studied,NA,NA,NotRecalled,NA,NA,NA,NA,NA,NA,unprimed,,,
EC2,,231.8850001,Not Studied,NA,NA,NotRecalled,NA,NA,NA,NA,NA,NA,unprimed,,,
EC2,,165.4950001,Not Studied,NA,NA,NotRecalled,NA,NA,NA,NA,NA,NA,unprimed,,,
EC2,,32.29,Not Studied,NA,NA,NotRecalled,NA,NA,NA,NA,NA,NA,unprimed,,,
EC2,CLIMB,5030.615,Studied,20,2,Recalled,Identical,20,Identical,CELL,NA,NA,identical,CLIMB,7,2
EC2,PLAY,6362.375,Not Studied,NA,NA,NotRecalled,NA,NA,NA,NA,NA,NA,unprimed,,,
EC2,MINUTE,4614.205,Not Studied,NA,NA,NotRecalled,NA,NA,NA,NA,NA,NA,related,HOUR,25,4
EC2,MAID,981.625,Studied,4,3,Recalled,NA,3,Unrelated,DEVIL,NA,NA,unrelated,DEVIL,3,3
EC2,BANK,1815.695,Studied,9,3,Recalled,NA,6,Identical,CARRY,NA,NA,unrelated,CARRY,6,3
EC2,CRIB,5646.355,Not Studied,NA,NA,NotRecalled,NA,NA,NA,NA,NA,NA,unprimed,,,
EC2,ONCE,6778.395,Studied,8,3,Recalled,NA,16,Unrelated,ROAD,NA,TWICE,related,TWICE,15,3
EC2,LIGHT,6778.945,Studied,27,2,Recalled,NA,"16,6",Related,LAMB,SHEEP,NA,unrelated,MAIN,6,4
EC2,KNIT,1597.475,Studied,26,2,Recalled,NA,15,Unrelated,JAIL,NA,YARN,related,YARN,4,2
EC2,LAMP,3879.745,Not Studied,NA,NA,NotRecalled,NA,NA,NA,NA,NA,NA,unprimed,,,
EC2,JACKET,5295.45,Studied,8,4,Recalled,NA,3,Identical,LETTUCE,NA,NA,unrelated,LETTUCE,3,4
EC2,NONE,748.8150001,Studied,5,4,Recalled,NA,4,Unrelated,MOST,NA,NA,unrelated,MOST,4,4
EC2,,7996.75,Not Studied,NA,NA,NotRecalled,NA,NA,NA,NA,NA,NA,unprimed,,,
EC2,HAT,813.45,Not Studied,NA,NA,NotRecalled,NA,NA,NA,NA,NA,NA,unprimed,,,
EC2,WOOD,5230.65,Studied,3,2,Recalled,NA,6,Identical,SUBJECT,NA,TIMBER,related,TIMBER,3,2
EC2,ENTER,6030.18,Not Studied,NA,NA,NotRecalled,NA,NA,NA,NA,NA,NA,unprimed,,,
EC2,,7993.615,Not Studied,NA,NA,NotRecalled,NA,NA,NA,NA,NA,NA,unprimed,,,
EC2,,7994.08,Not Studied,NA,NA,NotRecalled,NA,NA,NA,NA,NA,NA,unprimed,,,
EC2,COMPLETE,3931.515,Not Studied,NA,NA,NotRecalled,NA,NA,NA,NA,NA,NA,unprimed,,,
EC2,,7995.19,Not Studied,NA,NA,NotRecalled,NA,NA,NA,NA,NA,NA,unprimed,,,
EC2,RATE,1763.115,Not Studied,NA,NA,Recalled,NA,14,Related,DISLIKE,HATE,NA,unrelated,DISLIKE,14,1
EC2,HOMELESS,4729.42,Not Studied,NA,NA,NotRecalled,NA,NA,NA,NA,NA,NA,unprimed,,,
EC2,UNION,7177.7,Not Studied,NA,NA,NotRecalled,NA,NA,NA,NA,NA,NA,unprimed,,,
EC2,HANDLE,5711.91,Not Studied,NA,NA,NotRecalled,NA,NA,NA,NA,NA,NA,unprimed,,,
EC2,FREE,3529.63,Not Studied,NA,NA,NotRecalled,NA,NA,NA,NA,NA,NA,unprimed,,,
EC2,LIGHT,7926.915,Studied,27,2,Recalled,NA,"16,6",Related,LAMB,SHEEP,NA,unrelated,MAIN,6,4
EC2,JADE,4264.67,Not Studied,NA,NA,NotRecalled,NA,NA,NA,NA,NA,NA,unprimed,,,
EC2,,7996.36,Not Studied,NA,NA,NotRecalled,NA,NA,NA,NA,NA,NA,unprimed,,,
EC2,,7996.265,Not Studied,NA,NA,NotRecalled,NA,NA,NA,NA,NA,NA,unprimed,,,
EC2,PLAY,1113.905,Not Studied,NA,NA,NotRecalled,NA,NA,NA,NA,NA,NA,unprimed,,,
EC2,,1781.26,Not Studied,NA,NA,NotRecalled,NA,NA,NA,NA,NA,NA,unprimed,,,
EC2,WORD,1481.495,Not Studied,NA,NA,NotRecalled,NA,NA,NA,NA,NA,NA,unprimed,,,
EC2,,548.4300002,Not Studied,NA,NA,NotRecalled,NA,NA,NA,NA,NA,NA,unprimed,,,
EC2,,4563.11,Not Studied,NA,NA,NotRecalled,NA,NA,NA,NA,NA,NA,unprimed,,,
EC2,ASSURE,2054.66,Not Studied,NA,NA,NotRecalled,NA,NA,NA,NA,NA,NA,unprimed,,,
EC2,,699.5100002,Not Studied,NA,NA,NotRecalled,NA,NA,NA,NA,NA,NA,unprimed,,,
EC2,,648.7199999,Not Studied,NA,NA,NotRecalled,NA,NA,NA,NA,NA,NA,unprimed,,,
EC2,,731.6649999,Not Studied,NA,NA,NotRecalled,NA,NA,NA,NA,NA,NA,unprimed,,,
EC2,,299.2999998,Not Studied,NA,NA,NotRecalled,NA,NA,NA,NA,NA,NA,unprimed,,,
EC2,,349.095,Not Studied,NA,NA,NotRecalled,NA,NA,NA,NA,NA,NA,unprimed,,,
EC2,,331.575,Not Studied,NA,NA,NotRecalled,NA,NA,NA,NA,NA,NA,unprimed,,,
EC2,,232.7800002,Not Studied,NA,NA,NotRecalled,NA,NA,NA,NA,NA,NA,unprimed,,,
EC2,,397.8200001,Not Studied,NA,NA,NotRecalled,NA,NA,NA,NA,NA,NA,unprimed,,,
EC2,,369.1749999,Not Studied,NA,NA,NotRecalled,NA,NA,NA,NA,NA,NA,unprimed,,,
EC2,,216.695,Not Studied,NA,NA,NotRecalled,NA,NA,NA,NA,NA,NA,unprimed,,,
EC2,,83.17999984,Not Studied,NA,NA,NotRecalled,NA,NA,NA,NA,NA,NA,unprimed,,,
EC2,,83.29500002,Not Studied,NA,NA,NotRecalled,NA,NA,NA,NA,NA,NA,unprimed,,,
EC2,,116.5749999,Not Studied,NA,NA,NotRecalled,NA,NA,NA,NA,NA,NA,unprimed,,,
EC2,,66.39000005,Not Studied,NA,NA,NotRecalled,NA,NA,NA,NA,NA,NA,unprimed,,,
EC2,,49.30000007,Not Studied,NA,NA,NotRecalled,NA,NA,NA,NA,NA,NA,unprimed,,,
EC2,,98.29500015,Not Studied,NA,NA,NotRecalled,NA,NA,NA,NA,NA,NA,unprimed,,,
EC2,,149.2850001,Not Studied,NA,NA,NotRecalled,NA,NA,NA,NA,NA,NA,unprimed,,,
EC2,,116.0250001,Not Studied,NA,NA,NotRecalled,NA,NA,NA,NA,NA,NA,unprimed,,,
EC2,,100.1300002,Not Studied,NA,NA,NotRecalled,NA,NA,NA,NA,NA,NA,unprimed,,,
EC2,,117.0899998,Not Studied,NA,NA,NotRecalled,NA,NA,NA,NA,NA,NA,unprimed,,,
EC2,,49.27999992,Not Studied,NA,NA,NotRecalled,NA,NA,NA,NA,NA,NA,unprimed,,,
EC2,,66.64000009,Not Studied,NA,NA,NotRecalled,NA,NA,NA,NA,NA,NA,unprimed,,,
EC2,,182.0950001,Not Studied,NA,NA,NotRecalled,NA,NA,NA,NA,NA,NA,unprimed,,,