Participant,DelayedWord,DelayedRT,Studied,StudyPosition,Block,RecalledonDay1,ReportedPrimeFromDay1,Day1OutputPosition,Day1PrimeCondition,Day1Prime,Day1PrimeFor,RelatedPrimePresentedonDay1,ActualPrimeCondition,Prime,PrimePosition,PrimeBlock
KB2,STRESS,5900.35,Studied,5,1,NotRecalled,NA,16,Unrelated,SMOOTH,NA,NA,identical,stress,16,1
KB2,ROSE,1499.56,Studied,21,1,Recalled,NA,21,Unrelated,DREAM,NA,NA,unrelated,,,
KB2,UNDER,1300.39,Studied,34,1,Recalled,NA,12,Unrelated,ORANGE,NA,NA,related,,,
KB2,HAPPY,2650.23,Studied,42,3,Recalled,NA,11,Unrelated,READ,NA,DELIGHT,related,delight,10,3
KB2,TREE,2901.34,Studied,28,3,NotRecalled,NA,NA,NA,NA,NA,ACORN,related,acorn,35,3
KB2,ROOF,1999.31,Studied,15,3,Recalled,NA,25,Unrelated,MOTHER,NA,NA,unrelated,,,
KB2,RAIN,2550.11,Studied,29,4,Recalled,NA,11,Related,ENGAGE,MARRY,NA,unrelated,,,
KB2,,8002.165,NA,NA,NA,,NA,NA,NA,NA,NA,NA,,,,
KB2,,8000.015,NA,NA,NA,,NA,NA,NA,NA,NA,NA,,,,
KB2,,7999.685,NA,NA,NA,,NA,NA,NA,NA,NA,NA,,,,
KB2,THANKS,3500.92,Studied,11,4,Recalled,NA,27,Identical,PLANE,NA,NA,unrelated,,,
KB2,TREE,4449.825,Studied,28,3,NotRecalled,NA,NA,NA,NA,NA,ACORN,related,acorn,35,3
KB2,,7999.41,NA,NA,NA,,NA,NA,NA,NA,NA,NA,,,,
KB2,GUILT,1599.585,Studied,17,1,NotRecalled,NA,NA,NA,NA,NA,SHAME,related,shame,4,1
KB2,,8002.215,NA,NA,NA,,NA,NA,NA,NA,NA,NA,,,,
KB2,,8000.13,NA,NA,NA,,NA,NA,NA,NA,NA,NA,,,,
KB2,PACKAGE,2465.315,Studied,26,4,NotRecalled,NA,NA,NA,NA,NA,PARCEL,related,parcel,29,4
KB2,PILOT,1750.8,Not Studied,NA,NA,NotRecalled,NA,NA,NA,NA,NA,NA,unprimed,,,
KB2,SCISSORS,2633.86,Studied,40,4,Recalled,NA,1,firstword,firstword,NA,NA,firstword,,,
KB2,CLOWN,2824.35,Studied,27,4,NotRecalled,Identical,NA,NA,NA,NA,NA,identical,clown,23,4
KB2,TALL,4616.375,Not Studied,NA,NA,NotRecalled,NA,NA,NA,NA,NA,NA,unprimed,,,
KB2,THIN,1564.915,Studied,19,4,Recalled,NA,34,Identical,PURPOSE,NA,THICK,related,thick,5,4
KB2,,7999.95,NA,NA,NA,,NA,NA,NA,NA,NA,NA,,,,
KB2,HAIR,2965.955,Studied,6,3,Recalled,NA,16,Unrelated,BORROW,NA,NA,unrelated,,,
KB2,HEAR,1500.68,Studied,1,3,Recalled,Identical,12,Identical,FIND,NA,NA,identical,hear,6,3
KB2,,7987.985,NA,NA,NA,,NA,NA,NA,NA,NA,NA,,,,
KB2,,8000.105,NA,NA,NA,,NA,NA,NA,NA,NA,NA,,,,
KB2,,800.6799999,NA,NA,NA,,NA,NA,NA,NA,NA,NA,,,,
KB2,RULE,5351.165,Studied,7,1,Recalled,Identical,18,Identical,TOOTH,NA,NA,identical,rule,13,1
KB2,,8000.73,NA,NA,NA,,NA,NA,NA,NA,NA,NA,,,,
KB2,,7999.025,NA,NA,NA,,NA,NA,NA,NA,NA,NA,,,,
KB2,,7999.515,NA,NA,NA,,NA,NA,NA,NA,NA,NA,,,,
KB2,,8000.125,NA,NA,NA,,NA,NA,NA,NA,NA,NA,,,,
KB2,,7999.39,NA,NA,NA,,NA,NA,NA,NA,NA,NA,,,,
KB2,,8000.49,NA,NA,NA,,NA,NA,NA,NA,NA,NA,,,,
KB2,,7999.815,NA,NA,NA,,NA,NA,NA,NA,NA,NA,,,,
KB2,,8000.725,NA,NA,NA,,NA,NA,NA,NA,NA,NA,,,,
KB2,,8002.14,NA,NA,NA,,NA,NA,NA,NA,NA,NA,,,,
KB2,,8000.7,NA,NA,NA,,NA,NA,NA,NA,NA,NA,,,,
KB2,,8011.11,NA,NA,NA,,NA,NA,NA,NA,NA,NA,,,,
KB2,,7995.815,NA,NA,NA,,NA,NA,NA,NA,NA,NA,,,,
KB2,,8000.41,NA,NA,NA,,NA,NA,NA,NA,NA,NA,,,,
KB2,,8000.735,NA,NA,NA,,NA,NA,NA,NA,NA,NA,,,,
KB2,,8000.44,NA,NA,NA,,NA,NA,NA,NA,NA,NA,,,,
KB2,,8001.06,NA,NA,NA,,NA,NA,NA,NA,NA,NA,,,,
KB2,,8000.015,NA,NA,NA,,NA,NA,NA,NA,NA,NA,,,,
KB2,,8000.215,NA,NA,NA,,NA,NA,NA,NA,NA,NA,,,,
KB2,,8068.705,NA,NA,NA,,NA,NA,NA,NA,NA,NA,,,,
KB2,,7999.365,NA,NA,NA,,NA,NA,NA,NA,NA,NA,,,,
KB2,,3000.08,NA,NA,NA,,NA,NA,NA,NA,NA,NA,,,,
KB2,,266.6000002,NA,NA,NA,,NA,NA,NA,NA,NA,NA,,,,
KB2,,333.9049998,NA,NA,NA,,NA,NA,NA,NA,NA,NA,,,,
KB2,,333.7050001,NA,NA,NA,,NA,NA,NA,NA,NA,NA,,,,
KB2,,8003.24,NA,NA,NA,,NA,NA,NA,NA,NA,NA,,,,
KB2,,8000.255,NA,NA,NA,,NA,NA,NA,NA,NA,NA,,,,
KB2,,7999.67,NA,NA,NA,,NA,NA,NA,NA,NA,NA,,,,
KB2,,8019.45,NA,NA,NA,,NA,NA,NA,NA,NA,NA,,,,
KB2,,8016.325,NA,NA,NA,,NA,NA,NA,NA,NA,NA,,,,
KB2,,7998.655,NA,NA,NA,,NA,NA,NA,NA,NA,NA,,,,
KB2,,8000.74,NA,NA,NA,,NA,NA,NA,NA,NA,NA,,,,
KB2,,8001.07,NA,NA,NA,,NA,NA,NA,NA,NA,NA,,,,
KB2,,8000.955,NA,NA,NA,,NA,NA,NA,NA,NA,NA,,,,
KB2,,7999.42,NA,NA,NA,,NA,NA,NA,NA,NA,NA,,,,
KB2,,7999.18,NA,NA,NA,,NA,NA,NA,NA,NA,NA,,,,
KB2,,7998.865,NA,NA,NA,,NA,NA,NA,NA,NA,NA,,,,
KB2,,7999.155,NA,NA,NA,,NA,NA,NA,NA,NA,NA,,,,
KB2,,8000.65,NA,NA,NA,,NA,NA,NA,NA,NA,NA,,,,
KB2,,8000.915,NA,NA,NA,,NA,NA,NA,NA,NA,NA,,,,
KB2,,7999.73,NA,NA,NA,,NA,NA,NA,NA,NA,NA,,,,
KB2,,8000.04,NA,NA,NA,,NA,NA,NA,NA,NA,NA,,,,
KB2,,8000.11,NA,NA,NA,,NA,NA,NA,NA,NA,NA,,,,
KB2,,8000.6,NA,NA,NA,,NA,NA,NA,NA,NA,NA,,,,
KB2,,8001.145,NA,NA,NA,,NA,NA,NA,NA,NA,NA,,,,
KB2,,7999.415,NA,NA,NA,,NA,NA,NA,NA,NA,NA,,,,
KB2,KNIFE,4817.48,Studied,10,4,Recalled,NA,26,Related,SEVERAL,MANY,NA,unrelated,,,
KB2,,7999.715,NA,NA,NA,,NA,NA,NA,NA,NA,NA,,,,
KB2,,8000.03,NA,NA,NA,,NA,NA,NA,NA,NA,NA,,,,
KB2,,7999.465,NA,NA,NA,,NA,NA,NA,NA,NA,NA,,,,
KB2,LOVE,2182.47,Studied,24,3,Recalled,Identical,32,Unrelated,BUCKET,NA,NA,identical,love,7,3
KB2,,7988.64,NA,NA,NA,,NA,NA,NA,NA,NA,NA,,,,
KB2,,8001.785,NA,NA,NA,,NA,NA,NA,NA,NA,NA,,,,
KB2,,7999.66,NA,NA,NA,,NA,NA,NA,NA,NA,NA,,,,
KB2,,8000.995,NA,NA,NA,,NA,NA,NA,NA,NA,NA,,,,
KB2,,8001.015,NA,NA,NA,,NA,NA,NA,NA,NA,NA,,,,
KB2,,8000.87,NA,NA,NA,,NA,NA,NA,NA,NA,NA,,,,
KB2,,8000.245,NA,NA,NA,,NA,NA,NA,NA,NA,NA,,,,
KB2,,2566.225,NA,NA,NA,,NA,NA,NA,NA,NA,NA,,,,