Participant,DelayedWord,DelayedRT,Studied,StudyPosition,Block,RecalledonDay1,ReportedPrimeFromDay1,Day1OutputPosition,Day1PrimeCondition,Day1Prime,Day1PrimeFor,RelatedPrimePresentedonDay1,ActualPrimeCondition,Prime,PrimePosition,PrimeBlock
LW,PAIN,932.3749999,Studied,20,3,Recalled,NA,4,Identical,STATES,NA,NA,unrelated,,,
LW,UNCLE,2649.405,Studied,30,4,Recalled,NA,8,Unrelated,PIECE,NA,NA,unrelated,,,
LW,ALONE,1004.815,Not Studied,NA,NA,NotRecalled,NA,NA,NA,NA,NA,NA,unprimed,,,
LW,MONARCH,1282.38,Practice,NA,NA,NotRecalled,NA,NA,NA,NA,NA,NA,unprimed,,,
LW,GIRLS,3365.625001,Studied,31,4,Recalled,NA,9,Unrelated,TOOL,NA,NA,unrelated,,,
LW,OFFICE,2682.325,Studied,29,4,Recalled,NA,7,Unrelated,CHILD,NA,NA,unrelated,,,
LW,BRANCH,3065.71,Studied,1,3,Recalled,NA,1,firstword,firstword,NA,NA,firstword,,,
LW,SWAMP,5298.93,Studied,4,2,Recalled,NA,"5,10",Identical,DOOR,NA,NA,unrelated,,,
LW,SOUTH,1032.48,Studied,5,2,Recalled,NA,4,Identical,JUMP,NA,NA,unrelated,,,
LW,,7999.255001,NA,NA,NA,,NA,NA,NA,NA,NA,NA,,,,
LW,,7997.435,NA,NA,NA,,NA,NA,NA,NA,NA,NA,,,,
LW,,4098.855,NA,NA,NA,,NA,NA,NA,NA,NA,NA,,,,
LW,,8000.995,NA,NA,NA,,NA,NA,NA,NA,NA,NA,,,,
LW,GROSS,7997.545,Studied,19,1,Recalled,NA,9,Identical,FRIGHT,NA,NA,unrelated,,,
LW,,7382.68,NA,NA,NA,,NA,NA,NA,NA,NA,NA,,,,
LW,,131.8100002,NA,NA,NA,,NA,NA,NA,NA,NA,NA,,,,
LW,,215.6649996,NA,NA,NA,,NA,NA,NA,NA,NA,NA,,,,
LW,,115.9799993,NA,NA,NA,,NA,NA,NA,NA,NA,NA,,,,
LW,,149.4300002,NA,NA,NA,,NA,NA,NA,NA,NA,NA,,,,
LW,,49.51500054,NA,NA,NA,,NA,NA,NA,NA,NA,NA,,,,
LW,,99.29000027,NA,NA,NA,,NA,NA,NA,NA,NA,NA,,,,
LW,,83.00499991,NA,NA,NA,,NA,NA,NA,NA,NA,NA,,,,
LW,,99.23500009,NA,NA,NA,,NA,NA,NA,NA,NA,NA,,,,
LW,,99.70499948,NA,NA,NA,,NA,NA,NA,NA,NA,NA,,,,
LW,,15.85500035,NA,NA,NA,,NA,NA,NA,NA,NA,NA,,,,
LW,,49.52499922,NA,NA,NA,,NA,NA,NA,NA,NA,NA,,,,
LW,,516.6600002,NA,NA,NA,,NA,NA,NA,NA,NA,NA,,,,
LW,,2883.415,NA,NA,NA,,NA,NA,NA,NA,NA,NA,,,,
LW,,99.82000012,NA,NA,NA,,NA,NA,NA,NA,NA,NA,,,,
LW,,82.60999992,NA,NA,NA,,NA,NA,NA,NA,NA,NA,,,,
LW,,83.29499979,NA,NA,NA,,NA,NA,NA,NA,NA,NA,,,,
LW,,199.9550005,NA,NA,NA,,NA,NA,NA,NA,NA,NA,,,,
LW,,500.2500005,NA,NA,NA,,NA,NA,NA,NA,NA,NA,,,,
LW,,366.595,NA,NA,NA,,NA,NA,NA,NA,NA,NA,,,,
LW,,5482.39,NA,NA,NA,,NA,NA,NA,NA,NA,NA,,,,
LW,,49.92999975,NA,NA,NA,,NA,NA,NA,NA,NA,NA,,,,
LW,,135.9050004,NA,NA,NA,,NA,NA,NA,NA,NA,NA,,,,
LW,,433.7599995,NA,NA,NA,,NA,NA,NA,NA,NA,NA,,,,
LW,,233.2250001,NA,NA,NA,,NA,NA,NA,NA,NA,NA,,,,
LW,,516.3900005,NA,NA,NA,,NA,NA,NA,NA,NA,NA,,,,
LW,,449.8600001,NA,NA,NA,,NA,NA,NA,NA,NA,NA,,,,
LW,,382.7200001,NA,NA,NA,,NA,NA,NA,NA,NA,NA,,,,
LW,,100.3900003,NA,NA,NA,,NA,NA,NA,NA,NA,NA,,,,
LW,,83.02500006,NA,NA,NA,,NA,NA,NA,NA,NA,NA,,,,
LW,,66.18000008,NA,NA,NA,,NA,NA,NA,NA,NA,NA,,,,
LW,,32.94999991,NA,NA,NA,,NA,NA,NA,NA,NA,NA,,,,
LW,,199.4750006,NA,NA,NA,,NA,NA,NA,NA,NA,NA,,,,
LW,,150.0599999,NA,NA,NA,,NA,NA,NA,NA,NA,NA,,,,
LW,,382.7149998,NA,NA,NA,,NA,NA,NA,NA,NA,NA,,,,
LW,,416.615,NA,NA,NA,,NA,NA,NA,NA,NA,NA,,,,
LW,,16.66500047,NA,NA,NA,,NA,NA,NA,NA,NA,NA,,,,
LW,,1016.465,NA,NA,NA,,NA,NA,NA,NA,NA,NA,,,,
LW,,416.7550001,NA,NA,NA,,NA,NA,NA,NA,NA,NA,,,,
LW,,83.27500056,NA,NA,NA,,NA,NA,NA,NA,NA,NA,,,,
LW,,100.075,NA,NA,NA,,NA,NA,NA,NA,NA,NA,,,,
LW,,66.76999945,NA,NA,NA,,NA,NA,NA,NA,NA,NA,,,,
LW,,66.26999937,NA,NA,NA,,NA,NA,NA,NA,NA,NA,,,,
LW,,433.3649995,NA,NA,NA,,NA,NA,NA,NA,NA,NA,,,,
LW,,16.12999942,NA,NA,NA,,NA,NA,NA,NA,NA,NA,,,,
LW,,550.1700006,NA,NA,NA,,NA,NA,NA,NA,NA,NA,,,,
LW,,383.5499994,NA,NA,NA,,NA,NA,NA,NA,NA,NA,,,,
LW,,82.4850006,NA,NA,NA,,NA,NA,NA,NA,NA,NA,,,,
LW,,232.8550005,NA,NA,NA,,NA,NA,NA,NA,NA,NA,,,,
LW,,949.2350006,NA,NA,NA,,NA,NA,NA,NA,NA,NA,,,,
LW,,335.8399998,NA,NA,NA,,NA,NA,NA,NA,NA,NA,,,,
LW,,66.21500012,NA,NA,NA,,NA,NA,NA,NA,NA,NA,,,,
LW,,82.36000035,NA,NA,NA,,NA,NA,NA,NA,NA,NA,,,,
LW,,99.64000061,NA,NA,NA,,NA,NA,NA,NA,NA,NA,,,,
LW,,66.18500035,NA,NA,NA,,NA,NA,NA,NA,NA,NA,,,,
LW,,65.91000035,NA,NA,NA,,NA,NA,NA,NA,NA,NA,,,,
LW,,66.69999938,NA,NA,NA,,NA,NA,NA,NA,NA,NA,,,,
LW,,49.40999951,NA,NA,NA,,NA,NA,NA,NA,NA,NA,,,,
LW,,82.96999987,NA,NA,NA,,NA,NA,NA,NA,NA,NA,,,,
LW,,533.4350001,NA,NA,NA,,NA,NA,NA,NA,NA,NA,,,,
LW,,66.31499995,NA,NA,NA,,NA,NA,NA,NA,NA,NA,,,,
LW,,32.6650003,NA,NA,NA,,NA,NA,NA,NA,NA,NA,,,,
LW,,66.22000039,NA,NA,NA,,NA,NA,NA,NA,NA,NA,,,,
LW,,433.375,NA,NA,NA,,NA,NA,NA,NA,NA,NA,,,,
LW,,66.40500017,NA,NA,NA,,NA,NA,NA,NA,NA,NA,,,,
LW,,494.4050005,NA,NA,NA,,NA,NA,NA,NA,NA,NA,,,,
LW,,166.1949996,NA,NA,NA,,NA,NA,NA,NA,NA,NA,,,,
LW,,48.98499977,NA,NA,NA,,NA,NA,NA,NA,NA,NA,,,,
LW,,32.86000062,NA,NA,NA,,NA,NA,NA,NA,NA,NA,,,,
LW,,33.16000011,NA,NA,NA,,NA,NA,NA,NA,NA,NA,,,,
LW,,16.03499986,NA,NA,NA,,NA,NA,NA,NA,NA,NA,,,,
LW,,466.6999998,NA,NA,NA,,NA,NA,NA,NA,NA,NA,,,,
LW,,99.44500029,NA,NA,NA,,NA,NA,NA,NA,NA,NA,,,,
LW,,416.6200003,NA,NA,NA,,NA,NA,NA,NA,NA,NA,,,,
LW,,83.37000012,NA,NA,NA,,NA,NA,NA,NA,NA,NA,,,,
LW,,99.8999998,NA,NA,NA,,NA,NA,NA,NA,NA,NA,,,,
LW,,82.86000043,NA,NA,NA,,NA,NA,NA,NA,NA,NA,,,,
LW,,382.7800006,NA,NA,NA,,NA,NA,NA,NA,NA,NA,,,,
LW,,133.5549997,NA,NA,NA,,NA,NA,NA,NA,NA,NA,,,,
LW,,649.0850002,NA,NA,NA,,NA,NA,NA,NA,NA,NA,,,,
LW,,82.73999952,NA,NA,NA,,NA,NA,NA,NA,NA,NA,,,,
LW,,615.8750001,NA,NA,NA,,NA,NA,NA,NA,NA,NA,,,,
LW,,299.0500005,NA,NA,NA,,NA,NA,NA,NA,NA,NA,,,,
LW,,66.98499992,NA,NA,NA,,NA,NA,NA,NA,NA,NA,,,,
LW,,616.7949997,NA,NA,NA,,NA,NA,NA,NA,NA,NA,,,,
LW,,99.7299999,NA,NA,NA,,NA,NA,NA,NA,NA,NA,,,,