Participant,DelayedWord,DelayedRT,Studied,StudyPosition,Block,RecalledonDay1,ReportedPrimeFromDay1,Day1OutputPosition,Day1PrimeCondition,Day1Prime,Day1PrimeFor,RelatedPrimePresentedonDay1,ActualPrimeCondition,Prime,PrimePosition,PrimeBlock
NJ,TOOL,2166.46,Studied,14,3,Recalled,NA,7,Unrelated,HORSE,NA,NA,unrelated,,,
NJ,MATH,953.65,Studied,4,4,Recalled,NA,6,Related,GRAFT,SKIN,NA,unrelated,,,
NJ,WALLET,4783.39,Not Studied,NA,NA,NotRecalled,NA,NA,NA,NA,NA,NA,unprimed,,,
NJ,GRAVE,2081.685,Studied,31,4,Recalled,NA,26,Unrelated,NEPHEW,NA,NA,unrelated,,,
NJ,OVEN,949.31,Studied,10,1,Recalled,Identical,20,Related,MEDIUM,LARGE,NA,identical,oven,3,1
NJ,CHILD,1633,Studied,1,3,Recalled,NA,1,firstword,firstword,NA,NA,firstword,,,
NJ,ITCH,3000.145,Studied,27,1,Recalled,NA,15,Unrelated,KILL,NA,NA,unrelated,,,
NJ,SOIT,1083.51,Not Studied,NA,NA,NotRecalled,NA,NA,NA,NA,NA,NA,unprimed,,,
NJ,SPIT,1183.885,Studied,39,3,Recalled,NA,20,Related,PART,PIECE,NA,unrelated,,,
NJ,SHALLOW,1349.68,Studied,8,3,Recalled,Identical,21,Identical,SCISSORS,NA,NA,unrelated,,,
NJ,ENGLISH,1984.9,Studied,5,1,Recalled,NA,3,Identical,OVEN,NA,NA,unrelated,,,
NJ,COPY,2733.5,Studied,2,1,Recalled,NA,2,Unrelated,GEEK,NA,NA,unrelated,,,
NJ,SHERIFF,4750.01,Studied,9,3,Recalled,NA,5,Related,GENUINE,REAL,NA,unrelated,,,
NJ,CARRY,1282.32,Studied,26,1,Recalled,NA,"9,19",Identical,MONKEY,NA,HAUL,unrelated,,,
NJ,FRAME,5334.085,Not Studied,NA,NA,Recalled,NA,22,Identical,WATER,NA,NA,unrelated,,,
NJ,UNCLEAR,4033.105,Studied,1,1,Recalled,NA,1,firstword,firstword,NA,NA,firstword,,,
NJ,,7995.28,NA,NA,NA,,NA,NA,NA,NA,NA,NA,,,,
NJ,CAKE,1786.8,Studied,36,1,Recalled,NA,12,Related,ALLERGY,SNEEZE,NA,unrelated,,,
NJ,SOUR,8000.5,Studied,7,2,Recalled,Identical,32,Identical,SOUR,NA,NA,identical,sour,32,2
NJ,CHOOSE,3584.505,Studied,33,2,Recalled,NA,6,Identical,COLLECT,NA,NA,unrelated,,,
NJ,FOOD,2099.095,Studied,21,2,NotRecalled,NA,NA,NA,NA,NA,GOURMET,related,gourmet,2,2
NJ,SWORD,2416.46,Studied,20,2,NotRecalled,NA,NA,NA,NA,NA,SABER,related,saber,31,2
NJ,HEAR,3868.275,Studied,41,2,NotRecalled,NA,NA,NA,NA,NA,LISTEN,related,listen,16,2
NJ,STAMP,6199.575,Studied,13,3,Recalled,NA,"11,33",Related,THROAT,NECK,NA,unrelated,,,
NJ,CLIMB,2399.47,Studied,18,4,Recalled,NA,34,Identical,SHIRT,NA,LADDER,related,ladder,19,4
NJ,,8000.77,NA,NA,NA,,NA,NA,NA,NA,NA,NA,,,,
NJ,COLLECT,7999.835,Studied,8,2,NotRecalled,Identical,NA,NA,NA,NA,NA,identical,collect,6,2
NJ,,8000.66,NA,NA,NA,,NA,NA,NA,NA,NA,NA,,,,
NJ,WOOD,4216.84,Studied,3,4,Recalled,NA,"8,11",Related,LAMB,SHEEP,NA,unrelated,,,
NJ,BUSH,5267.72,Studied,35,3,Recalled,NA,10,Identical,SHALLOW,NA,NA,unrelated,,,
NJ,MONEY,6100.375,Not Studied,NA,NA,Recalled,NA,23,Identical,MINIMUM,NA,NA,unprimed,,,
NJ,GUILT,5685.575,Studied,10,4,Recalled,Identical,19,Related,LADDER,CLIMB,NA,identical,guilt,3,4
NJ,HAPPY,8000.2,Studied,22,2,Recalled,Identical,30,Identical,HAPPY,NA,NA,identical,happy,30,2
NJ,,7999.805,NA,NA,NA,,NA,NA,NA,NA,NA,NA,,,,
NJ,STING,4782.235,Studied,17,4,Recalled,NA,17,Identical,KNIT,NA,NA,unrelated,,,
NJ,,8004.135,NA,NA,NA,,NA,NA,NA,NA,NA,NA,,,,
NJ,SLEEPY,5579.71,Not Studied,NA,NA,Recalled,NA,18,Unrelated,PICTURE,NA,NA,unrelated,,,
NJ,TIRED,5799.505,Studied,21,1,Recalled,NA,17,Identical,ALLOW,NA,NA,unrelated,,,
NJ,,8000.095,NA,NA,NA,,NA,NA,NA,NA,NA,NA,,,,
NJ,CHID,7998.335,Studied,NA,NA,Recalled,NA,NA,NA,NA,NA,NA,firstword,,,
NJ,,7999.455,NA,NA,NA,,NA,NA,NA,NA,NA,NA,,,,
NJ,,8003.4,NA,NA,NA,,NA,NA,NA,NA,NA,NA,,,,
NJ,STREET,4067.29,Studied,12,2,NotRecalled,NA,NA,NA,NA,NA,MAIN,related ,main,9,2
NJ,,7999.59,NA,NA,NA,,NA,NA,NA,NA,NA,NA,,,,
NJ,CLOWN,1749.11,Studied,10,3,Recalled,NA,6,Identical,PURPOSE,NA,NA,unrelated,,,
NJ,,8002.31,NA,NA,NA,,NA,NA,NA,NA,NA,NA,,,,
NJ,FRIEND,8002.325,Not Studied,NA,NA,NotRecalled,NA,NA,NA,NA,NA,NA,unprimed,,,
NJ,,8002.81,NA,NA,NA,,NA,NA,NA,NA,NA,NA,,,,
NJ,ENGLIS,6154.79,Studied,NA,NA,Recalled,NA,NA,NA,NA,NA,NA,unrelated,,,
NJ,SICK,4319.645,Studied,1,2,Recalled,NA,1,firstword,firstword,NA,NA,firstword,,,
NJ,LOVE,2096.425,Studied,36,2,Recalled,NA,22,Identical,MAGIC,NA,NA,unrelated,,,
NJ,,8000.735,NA,NA,NA,,NA,NA,NA,NA,NA,NA,,,,
NJ,WORK,2334.015,Not Studied,NA,NA,NotRecalled,NA,NA,NA,NA,NA,NA,unprimed,,,
NJ,,8024.975,NA,NA,NA,,NA,NA,NA,NA,NA,NA,,,,
NJ,UNCEL,8000.065,Not Studied,NA,NA,NotRecalled,NA,NA,NA,NA,NA,NA,unprimed,,,
NJ,UNCLEAR,7000.305,Studied,1,1,Recalled,NA,1,firstword,firstword,NA,NA,firstword,,,
NJ,,8006.55,NA,NA,NA,,NA,NA,NA,NA,NA,NA,,,,
NJ,,8000.045,NA,NA,NA,,NA,NA,NA,NA,NA,NA,,,,
NJ,YEAR,7700.005,Studied,3,2,Recalled,NA,3,Unrelated,LOOK,NA,NA,unrelated,,,
NJ,,8000.315,NA,NA,NA,,NA,NA,NA,NA,NA,NA,,,,
NJ,MONEY,7998.445,Not Studied,NA,NA,Recalled,NA,23,Identical,MINIMUM,NA,NA,unrelated,,,
NJ,,7998.86,NA,NA,NA,,NA,NA,NA,NA,NA,NA,,,,
NJ,BIRD,5551.095,Not Studied,NA,NA,NotRecalled,Unrelated,NA,NA,NA,NA,NA,identical,bird,10,4
NJ,,7998.345,NA,NA,NA,,NA,NA,NA,NA,NA,NA,,,,
NJ,BUSH,3449.55,Studied,35,3,Recalled,NA,10,Identical,SHALLOW,NA,NA,unrelated,,,
NJ,,8003.345,NA,NA,NA,,NA,NA,NA,NA,NA,NA,,,,
NJ,DRESS,3465.785,Studied,30,2,Recalled,NA,"5,16",Related,BAND,MUSIC ,NA,unrelated,,,
NJ,,7999.675,NA,NA,NA,,NA,NA,NA,NA,NA,NA,,,,
NJ,,7999.95,NA,NA,NA,,NA,NA,NA,NA,NA,NA,,,,
NJ,BIRTHDAY,2051.835,Not Studied,NA,NA,NotRecalled,NA,NA,NA,NA,NA,NA,unprimed,,,
NJ,CARDF,8001.13,Studied,NA,NA,NotRecalled,NA,NA,NA,NA,NA,NA,unprimed,,,
NJ,CARD,2116.3,Studied,18,3,Recalled,Identical,12,Identical,HATE,NA,NA,identical,card,3,3
NJ,,7999.545,NA,NA,NA,,NA,NA,NA,NA,NA,NA,,,,
NJ,,8000.365,NA,NA,NA,,NA,NA,NA,NA,NA,NA,,,,
NJ,,7998.595,NA,NA,NA,,NA,NA,NA,NA,NA,NA,,,,
NJ,SHIP,3220.625,Studied,42,2,Recalled,Identical,21,Related,LICE,HAIR,NA,identical,ship,21,2
NJ,,7999.555,NA,NA,NA,,NA,NA,NA,NA,NA,NA,,,,
NJ,KNIFE,8000.495,Studied,32,3,Recalled,NA,15,Related,ZEBRA,STRIPE,NA,unrelated,,,
NJ,DAGGER,3214.015,Not Studied,NA,NA,NotRecalled,NA,NA,NA,NA,NA,NA,unprimed,,,
NJ,,7999.12,NA,NA,NA,,NA,NA,NA,NA,NA,NA,,,,
NJ,,8000.51,NA,NA,NA,,NA,NA,NA,NA,NA,NA,,,,
NJ,JEANS,1418.41,Studied,9,1,Recalled,NA,21,Unrelated,STOMACH,NA,DENIM,related,denim,11,1
NJ,,8001.4,NA,NA,NA,,NA,NA,NA,NA,NA,NA,,,,
NJ,PAPER,6366.43,Studied,15,1,Recalled,NA,14,Identical,FRONT,NA,NA,unrelated,,,
NJ,,8002.095,NA,NA,NA,,NA,NA,NA,NA,NA,NA,,,,
NJ,,8005.185,NA,NA,NA,,NA,NA,NA,NA,NA,NA,,,,
NJ,PENCIL,2367.185,Studied,28,1,NotRecalled,NA,NA,NA,NA,NA,ERASER,related,eraser,34,1
NJ,,7988.79,NA,NA,NA,,NA,NA,NA,NA,NA,NA,,,,
NJ,,7999.96,NA,NA,NA,,NA,NA,NA,NA,NA,NA,,,,
NJ,,8000.27,NA,NA,NA,,NA,NA,NA,NA,NA,NA,,,,
NJ,,8003.505,NA,NA,NA,,NA,NA,NA,NA,NA,NA,,,,
NJ,PLANT,2466.555,Not Studied,NA,NA,NotRecalled,Unrelated,NA,NA,NA,NA,NA,identical,plant,26,3
NJ,,8001.4,NA,NA,NA,,NA,NA,NA,NA,NA,NA,,,,
NJ,,7990.25,NA,NA,NA,,NA,NA,NA,NA,NA,NA,,,,
NJ,,8002.285,NA,NA,NA,,NA,NA,NA,NA,NA,NA,,,,
NJ,,4799.86,NA,NA,NA,,NA,NA,NA,NA,NA,NA,,,,