Participant,DelayedWord,DelayedRT,Studied,StudyPosition,Block,RecalledonDay1,ReportedPrimeFromDay1,Day1OutputPosition,Day1PrimeCondition,Day1Prime,Day1PrimeFor,RelatedPrimePresentedonDay1,ActualPrimeCondition,Prime,PrimePosition,PrimeBlock
RA,HOUND,2317.27,Not Studied,NA,NA,Recalled,NA,5,Related,FROWN,SMILE,NA,unrelated,,,
RA,SWAMP,2351.42,Studied,38,1,Recalled,NA,3,Unrelated,PAPER,NA,NA,unrelated,,,
RA,DEVIL,2884.06,Studied,29,1,Recalled,NA,1,firstword,firstword,NA,NA,firstword,,,
RA,KIDNAP,3133.145,Studied,15,2,Recalled,NA,5,Related,BOOK,READ,NA,unrelated,,,
RA,KILL,1632.48,Studied,42,1,Recalled,NA,2,Related,NERD,GEEK,NA,unrelated,,,
RA,LOOK,2383.11,Studied,5,2,Recalled,NA,10,Identical,SUPPER,NA,NA,unrelated,,,
RA,,8000.03,NA,NA,NA,,NA,NA,NA,NA,NA,NA,,,,
RA,SWAMP,1784.445,Studied,38,1,Recalled,NA,3,Unrelated,PAPER,NA,NA,unrelated,,,
RA,,8000.175,NA,NA,NA,,NA,NA,NA,NA,NA,NA,,,,
RA,CHANGE,2200.505,Studied,6,4,Recalled,Identical,6,Identical,CHANGE,NA,NA,identical,change,6,4
RA,CLUE,1615.995,Studied,10,2,Recalled,NA,"3,15",Identical,CHAIN,NA,NA,unrelated,,,
RA,HUNGER,3600.24,Studied,12,2,Recalled,NA,4,Identical,SQUARE,NA,NA,unrelated,,,
RA,LESS,1649.815,Studied,11,2,Recalled,NA,2,Related,ARMY,NAVY,NA,unrelated,,,
RA,,8000.18,NA,NA,NA,,NA,NA,NA,NA,NA,NA,,,,
RA,,7999.3,NA,NA,NA,,NA,NA,NA,NA,NA,NA,,,,
RA,BLACK,7550.735,Studied,40,1,Recalled,NA,13,Unrelated,LETTER,NA,NA,unrelated,,,
RA,TIGHT,4266.03,Studied,34,1,Recalled,NA,7,Related,TENT,CAMP,NA,unrelated,,,
RA,,8000.39,NA,NA,NA,,NA,NA,NA,NA,NA,NA,,,,
RA,,7999.53,NA,NA,NA,,NA,NA,NA,NA,NA,NA,,,,
RA,,7866.665,NA,NA,NA,,NA,NA,NA,NA,NA,NA,,,,
RA,,349.805,NA,NA,NA,,NA,NA,NA,NA,NA,NA,,,,
RA,,338.5800001,NA,NA,NA,,NA,NA,NA,NA,NA,NA,,,,
RA,,299.265,NA,NA,NA,,NA,NA,NA,NA,NA,NA,,,,
RA,,167.2049999,NA,NA,NA,,NA,NA,NA,NA,NA,NA,,,,
RA,,233.395,NA,NA,NA,,NA,NA,NA,NA,NA,NA,,,,
RA,,99.50999997,NA,NA,NA,,NA,NA,NA,NA,NA,NA,,,,
RA,,32.06500004,NA,NA,NA,,NA,NA,NA,NA,NA,NA,,,,
RA,,502.215,NA,NA,NA,,NA,NA,NA,NA,NA,NA,,,,
RA,,97.06000006,NA,NA,NA,,NA,NA,NA,NA,NA,NA,,,,
RA,,149.655,NA,NA,NA,,NA,NA,NA,NA,NA,NA,,,,
RA,,134.3299999,NA,NA,NA,,NA,NA,NA,NA,NA,NA,,,,
RA,,51.34500004,NA,NA,NA,,NA,NA,NA,NA,NA,NA,,,,
RA,,84.58000002,NA,NA,NA,,NA,NA,NA,NA,NA,NA,,,,
RA,,500.1450001,NA,NA,NA,,NA,NA,NA,NA,NA,NA,,,,
RA,,87.88999997,NA,NA,NA,,NA,NA,NA,NA,NA,NA,,,,
RA,,66.80999999,NA,NA,NA,,NA,NA,NA,NA,NA,NA,,,,
RA,,67.72500009,NA,NA,NA,,NA,NA,NA,NA,NA,NA,,,,
RA,,66.42499997,NA,NA,NA,,NA,NA,NA,NA,NA,NA,,,,
RA,MINUTE,1982.955,Studied,5,3,Recalled,NA,13,Unrelated,KNIFE,NA,NA,unrelated,,,
RA,MINUS,3183.49,Studied,21,3,Recalled,NA,14,Identical,MUSCLE,NA,NA,unrelated,,,
RA,SEEK,3549.52,Studied,27,2,Recalled,NA,19,Identical,WILD,NA,NA,unrelated,,,
RA,LAWYER,4899.73,Studied,26,4,Recalled,NA,10,Identical,FRIGHT,NA,NA,unrelated,,,
RA,,8000.205,NA,NA,NA,,NA,NA,NA,NA,NA,NA,,,,
RA,,3404.145,NA,NA,NA,,NA,NA,NA,NA,NA,NA,,,,
RA,,349.385,NA,NA,NA,,NA,NA,NA,NA,NA,NA,,,,
RA,,66.09999994,NA,NA,NA,,NA,NA,NA,NA,NA,NA,,,,
RA,,66.40999997,NA,NA,NA,,NA,NA,NA,NA,NA,NA,,,,
RA,,74.08000005,NA,NA,NA,,NA,NA,NA,NA,NA,NA,,,,
RA,,1566.52,NA,NA,NA,,NA,NA,NA,NA,NA,NA,,,,
RA,,66.52999995,NA,NA,NA,,NA,NA,NA,NA,NA,NA,,,,
RA,,66.21000008,NA,NA,NA,,NA,NA,NA,NA,NA,NA,,,,
RA,,83.37000001,NA,NA,NA,,NA,NA,NA,NA,NA,NA,,,,
RA,,66.51000003,NA,NA,NA,,NA,NA,NA,NA,NA,NA,,,,
RA,,73.68999999,NA,NA,NA,,NA,NA,NA,NA,NA,NA,,,,
RA,PAIN,1601.045,Studied,38,2,Recalled,NA,18,Related,LEND,BORROW,NA,unrelated,,,
RA,,867.25,NA,NA,NA,,NA,NA,NA,NA,NA,NA,,,,
RA,,249.26,NA,NA,NA,,NA,NA,NA,NA,NA,NA,,,,
RA,,500.445,NA,NA,NA,,NA,NA,NA,NA,NA,NA,,,,
RA,,66.86499994,NA,NA,NA,,NA,NA,NA,NA,NA,NA,,,,
RA,,67.18500005,NA,NA,NA,,NA,NA,NA,NA,NA,NA,,,,
RA,,66.63000002,NA,NA,NA,,NA,NA,NA,NA,NA,NA,,,,
RA,,67.18500005,NA,NA,NA,,NA,NA,NA,NA,NA,NA,,,,
RA,,67.74500001,NA,NA,NA,,NA,NA,NA,NA,NA,NA,,,,
RA,,65.99000003,NA,NA,NA,,NA,NA,NA,NA,NA,NA,,,,
RA,,66.32999994,NA,NA,NA,,NA,NA,NA,NA,NA,NA,,,,
RA,,67.24999996,NA,NA,NA,,NA,NA,NA,NA,NA,NA,,,,
RA,,66.21999992,NA,NA,NA,,NA,NA,NA,NA,NA,NA,,,,
RA,,66.61999994,NA,NA,NA,,NA,NA,NA,NA,NA,NA,,,,
RA,,66.12500001,NA,NA,NA,,NA,NA,NA,NA,NA,NA,,,,
RA,,67.5,NA,NA,NA,,NA,NA,NA,NA,NA,NA,,,,
RA,,66.77999999,NA,NA,NA,,NA,NA,NA,NA,NA,NA,,,,
RA,,66.185,NA,NA,NA,,NA,NA,NA,NA,NA,NA,,,,
RA,,67.025,NA,NA,NA,,NA,NA,NA,NA,NA,NA,,,,
RA,,66.40999997,NA,NA,NA,,NA,NA,NA,NA,NA,NA,,,,
RA,,66.82499999,NA,NA,NA,,NA,NA,NA,NA,NA,NA,,,,
RA,,65.94999996,NA,NA,NA,,NA,NA,NA,NA,NA,NA,,,,
RA,,65.67500008,NA,NA,NA,,NA,NA,NA,NA,NA,NA,,,,
RA,,66.40499993,NA,NA,NA,,NA,NA,NA,NA,NA,NA,,,,
RA,,66.34999998,NA,NA,NA,,NA,NA,NA,NA,NA,NA,,,,
RA,,65.77499991,NA,NA,NA,,NA,NA,NA,NA,NA,NA,,,,
RA,,66.15500001,NA,NA,NA,,NA,NA,NA,NA,NA,NA,,,,
RA,,66.705,NA,NA,NA,,NA,NA,NA,NA,NA,NA,,,,
RA,BOOK,2132.915,Not Studied,NA,NA,,Related,25,Unrelated,MUSIC,NA,NA,identical,book,5,2
RA,,400.9700001,NA,NA,NA,,NA,NA,NA,NA,NA,NA,,,,
RA,,149.9249999,NA,NA,NA,,NA,NA,NA,NA,NA,NA,,,,
RA,,66.23999996,NA,NA,NA,,NA,NA,NA,NA,NA,NA,,,,
RA,,68.02999997,NA,NA,NA,,NA,NA,NA,NA,NA,NA,,,,
RA,,83.59499997,NA,NA,NA,,NA,NA,NA,NA,NA,NA,,,,
RA,,67.10500002,NA,NA,NA,,NA,NA,NA,NA,NA,NA,,,,
RA,,66.17999997,NA,NA,NA,,NA,NA,NA,NA,NA,NA,,,,
RA,,66.31999998,NA,NA,NA,,NA,NA,NA,NA,NA,NA,,,,
RA,,66.85499998,NA,NA,NA,,NA,NA,NA,NA,NA,NA,,,,
RA,,66.47999992,NA,NA,NA,,NA,NA,NA,NA,NA,NA,,,,
RA,,67.27,NA,NA,NA,,NA,NA,NA,NA,NA,NA,,,,
RA,,66.92499993,NA,NA,NA,,NA,NA,NA,NA,NA,NA,,,,
RA,,67.25000008,NA,NA,NA,,NA,NA,NA,NA,NA,NA,,,,
RA,,68.10499995,NA,NA,NA,,NA,NA,NA,NA,NA,NA,,,,
RA,,66.28000003,NA,NA,NA,,NA,NA,NA,NA,NA,NA,,,,
RA,,67.18000001,NA,NA,NA,,NA,NA,NA,NA,NA,NA,,,,
RA,,66.88499998,NA,NA,NA,,NA,NA,NA,NA,NA,NA,,,,