Participant,DelayedWord,DelayedRT,Studied,StudyPosition,Block,RecalledonDay1,ReportedPrimeFromDay1,Day1OutputPosition,Day1PrimeCondition,Day1Prime,Day1PrimeFor,RelatedPrimePresentedonDay1,ActualPrimeCondition,Prime,PrimePosition,PrimeBlock
SH2,STING,3451.805,Studied,40,2,NotRecalled,Identical,NA,NA,NA,NA,NA,identical,sting,19,2
SH2,DOCTOR,3296.965,Studied,13,2,Recalled,NA,14,Unrelated,BEACH,NA,NA,unrelated,,,
SH2,COLONY,4967.385,Practice,NA,NA,NotRecalled,NA,NA,NA,NA,NA,NA,unprimed,,,
SH2,PURPOSE,3115.675,Studied,12,1,Recalled,NA,12,Unrelated,MEAN,NA,NA,unrelated,,,
SH2,POTATO,1619.29,Studied,11,1,Recalled,NA,9,Unrelated,ANIMAL,NA,NA,unrelated,,,
SH2,HARD,7993.11,Not Studied,NA,NA,NotRecalled,NA,NA,NA,NA,NA,NA,related,soft,19,3
SH2,QUIET,1187.255,Studied,5,1,Recalled,NA,3,Unrelated,BEFORE,NA,NA,unrelated,,,
SH2,SMART,1586.39,Studied,8,3,Recalled,NA,13,Related,ALLERGY,SNEEZE,NA,unrelated,,,
SH2,CAKE,1132.275,Studied,3,3,Recalled,NA,9,Unrelated,NOISE,NA,NA,unrelated,,,
SH2,MONKEY,2352.865,Studied,4,3,Recalled,NA,10,Unrelated,WORLD,NA,NA,unrelated,,,
SH2,ITCH,1348.995,Studied,5,3,Recalled,NA,11,Unrelated,FIVE,NA,NA,unrelated,,,
SH2,CLIMB,1798.43,Studied,4,2,Recalled,NA,24,Unrelated,RIGHT,NA,NA,unrelated,,,
SH2,FUNERAL,5012.425,Practice,NA,NA,NotRecalled,NA,NA,NA,NA,NA,NA,unprimed,,,
SH2,TOOL,2630.935,Studied,25,1,Recalled,NA,"11,22",Related,PLEASE,THANKS,NA,unrelated,,,
SH2,SCISSORS,2186.145,Studied,27,1,Recalled,NA,10,Unrelated,WHERE,NA,NA,unrelated,,,
SH2,STRANGE,5800.645,Studied,1,4,Recalled,NA,2,Identical,TALK,NA,NA,unrelated,,,
SH2,B,7999.39,Not Studied,NA,NA,NotRecalled,NA,NA,NA,NA,NA,NA,unprimed,,,
SH2,BICYCLE,1531.13,Not Studied,NA,NA,Recalled,NA,15,Related,LEGS,ARMS,NA,unprimed,,,
SH2,CHILD,7110.895,Studied,20,1,Recalled,NA,15,Identical,STRIPE,NA,NA,unrelated,,,
SH2,BABY,1453.025,Studied,33,2,Recalled,NA,"10,33",Related,IMPLODE,EXPLODE,NA,unrelated,,,
SH2,SHEEP,1448.12,Studied,34,2,Recalled,NA,11,Related,TIMBER,WOOD,NA,unrelated,,,
SH2,MILK,1464.68,Studied,35,2,Recalled,NA,12,Related,SICKLE,CELL,NA,unrelated,,,
SH2,ROSE,6510.685,Studied,6,2,Recalled,NA,26,Identical,BIKE,NA,THORN,related,thorn,18,2
SH2,LIGHT,1506.335,Studied,16,2,Recalled,Identical,31,Identical,TOOTH,NA,NA,identical,light,2,2
SH2,UNDER,1453.835,Studied,7,2,Recalled,NA,27,Identical,NIGHTS,NA,NA,unrelated,,,
SH2,PAPER,1899.41,Studied,14,3,Recalled,NA,16,Unrelated,WHEAT,NA,NA,unrelated,,,
SH2,LETTER,1385.84,Studied,28,3,Recalled,NA,24,Identical,PRIDE,NA,NA,unrelated,,,
SH2,PENCIL,1502.985,Studied,22,3,Recalled,NA,23,Identical,BALL,NA,NA,unrelated,,,
SH2,WRITE,4849.755,Studied,37,2,Recalled,NA,2,Identical,LIGHT,NA,NA,unrelated,,,
SH2,SUBJECT,2790.645,Studied,25,2,Recalled,NA,"9,13",Unrelated,DAGGER,NA,NA,unrelated,,,
SH2,PROPER,1331.54,Studied,24,2,Recalled,NA,8,Related,MIND,BRAIN,NA,unrelated,,,
SH2,CLASS,2080.92,Studied,42,2,Recalled,NA,6,Unrelated,BIRD,NA,NA,unrelated,,,
SH2,TOWN,7625.795,Studied,41,2,Recalled,NA,7,Unrelated,FRIGHT,NA,NA,unrelated,,,
SH2,,7993.705,NA,NA,NA,,NA,NA,NA,NA,NA,NA,,,,
SH2,,7994.485,NA,NA,NA,,NA,NA,NA,NA,NA,NA,,,,
SH2,,7999.085,NA,NA,NA,,NA,NA,NA,NA,NA,NA,,,,
SH2,,4229.155,NA,NA,NA,,NA,NA,NA,NA,NA,NA,,,,
SH2,,1536.12,NA,NA,NA,,NA,NA,NA,NA,NA,NA,,,,
SH2,,8000.645,NA,NA,NA,,NA,NA,NA,NA,NA,NA,,,,
SH2,,7996.84,NA,NA,NA,,NA,NA,NA,NA,NA,NA,,,,
SH2,,1505.855,NA,NA,NA,,NA,NA,NA,NA,NA,NA,,,,
SH2,,403.9050001,NA,NA,NA,,NA,NA,NA,NA,NA,NA,,,,
SH2,,620.32,NA,NA,NA,,NA,NA,NA,NA,NA,NA,,,,
SH2,,653.2150002,NA,NA,NA,,NA,NA,NA,NA,NA,NA,,,,
SH2,,7999.68,NA,NA,NA,,NA,NA,NA,NA,NA,NA,,,,
SH2,,8029.315,NA,NA,NA,,NA,NA,NA,NA,NA,NA,,,,
SH2,,7994.7,NA,NA,NA,,NA,NA,NA,NA,NA,NA,,,,
SH2,,8045.345,NA,NA,NA,,NA,NA,NA,NA,NA,NA,,,,
SH2,,7992.81,NA,NA,NA,,NA,NA,NA,NA,NA,NA,,,,
SH2,BREAD,4095.285,Studied,1,2,Recalled,NA,16,Identical,REPEAT,NA,NA,unrelated,,,
SH2,HEAD,1231.715,Studied,2,2,Recalled,NA,17,Unrelated,JAIL,NA,NA,unrelated,,,
SH2,,8037.985,NA,NA,NA,,NA,NA,NA,NA,NA,NA,,,,
SH2,PLAN,5219.605,Studied,29,3,Recalled,NA,25,Identical,BOSS,NA,NA,unrelated,,,
SH2,,4831.02,NA,NA,NA,,NA,NA,NA,NA,NA,NA,,,,
SH2,,682.64,NA,NA,NA,,NA,NA,NA,NA,NA,NA,,,,
SH2,,848.0849999,NA,NA,NA,,NA,NA,NA,NA,NA,NA,,,,
SH2,,648.7100001,NA,NA,NA,,NA,NA,NA,NA,NA,NA,,,,
SH2,,481.8300002,NA,NA,NA,,NA,NA,NA,NA,NA,NA,,,,
SH2,,7992.94,NA,NA,NA,,NA,NA,NA,NA,NA,NA,,,,
SH2,GRAVE,7826.38,Studied,8,2,Recalled,NA,"28,32",Related,SHAME,GUILT,NA,unrelated,,,
SH2,,7995.805,NA,NA,NA,,NA,NA,NA,NA,NA,NA,,,,
SH2,PENNY,5994.235,Studied,18,2,Recalled,NA,21,Related,YARN,KNIT,NA,unrelated,,,
SH2,ARM,2828.22,Studied,NA,NA,Recalled,NA,NA,NA,NA,NA,NA,related,legs,15,2
SH2,ARMS,1015.265,Studied,17,2,Recalled,NA,20,Identical,RULE,NA,LEGS,related,legs,15,2
SH2,SKIN,1081.84,Studied,20,2,NotRecalled,NA,19,Identical,STING,NA,NA,unrelated,,,
SH2,BRAIN,4029.1,Studied,21,2,Recalled,NA,18,Related,THORN,ROSE,MIND,related,mind,8,2
SH2,,7999.81,NA,NA,NA,,NA,NA,NA,NA,NA,NA,,,,
SH2,,7993.425,NA,NA,NA,,NA,NA,NA,NA,NA,NA,,,,
SH2,BANK,7997.24,Studied,6,3,Recalled,NA,12,Unrelated,DEVIL,NA,NA,unrelated,,,
SH2,STEAL,1514.37,Studied,15,2,Recalled,NA,29,Identical,STRESS,NA,NA,unrelated,,,
SH2,STEALS,1853.295,Studied,NA,NA,Recalled,NA,30,Related,BLOUSE,SHIRT,NA,unrelated,,,
SH2,,8000.41,NA,NA,NA,,NA,NA,NA,NA,NA,NA,,,,
SH2,,7988.52,NA,NA,NA,,NA,NA,NA,NA,NA,NA,,,,
SH2,,7145.81,NA,NA,NA,,NA,NA,NA,NA,NA,NA,,,,
SH2,,415.8749999,NA,NA,NA,,NA,NA,NA,NA,NA,NA,,,,
SH2,,405.4399999,NA,NA,NA,,NA,NA,NA,NA,NA,NA,,,,
SH2,,283.725,NA,NA,NA,,NA,NA,NA,NA,NA,NA,,,,
SH2,,398.825,NA,NA,NA,,NA,NA,NA,NA,NA,NA,,,,
SH2,,248.935,NA,NA,NA,,NA,NA,NA,NA,NA,NA,,,,
SH2,,515.685,NA,NA,NA,,NA,NA,NA,NA,NA,NA,,,,
SH2,,399.155,NA,NA,NA,,NA,NA,NA,NA,NA,NA,,,,
SH2,,1231.495,NA,NA,NA,,NA,NA,NA,NA,NA,NA,,,,
SH2,,919.975,NA,NA,NA,,NA,NA,NA,NA,NA,NA,,,,
SH2,,1498.385,NA,NA,NA,,NA,NA,NA,NA,NA,NA,,,,
SH2,,1087.6,NA,NA,NA,,NA,NA,NA,NA,NA,NA,,,,
SH2,,869.2900001,NA,NA,NA,,NA,NA,NA,NA,NA,NA,,,,
SH2,,453.5749999,NA,NA,NA,,NA,NA,NA,NA,NA,NA,,,,
SH2,,650.4500001,NA,NA,NA,,NA,NA,NA,NA,NA,NA,,,,
SH2,,2530.195,NA,NA,NA,,NA,NA,NA,NA,NA,NA,,,,
SH2,,881.605,NA,NA,NA,,NA,NA,NA,NA,NA,NA,,,,
SH2,,466.18,NA,NA,NA,,NA,NA,NA,NA,NA,NA,,,,
SH2,,1305.9,NA,NA,NA,,NA,NA,NA,NA,NA,NA,,,,
SH2,,565.675,NA,NA,NA,,NA,NA,NA,NA,NA,NA,,,,
SH2,,533.0699999,NA,NA,NA,,NA,NA,NA,NA,NA,NA,,,,
SH2,,349.86,NA,NA,NA,,NA,NA,NA,NA,NA,NA,,,,
SH2,,532.1250001,NA,NA,NA,,NA,NA,NA,NA,NA,NA,,,,
SH2,,715.2800001,NA,NA,NA,,NA,NA,NA,NA,NA,NA,,,,
SH2,,748.5400001,NA,NA,NA,,NA,NA,NA,NA,NA,NA,,,,
SH2,THANKS,6310.74,Studied,18,1,Recalled,NA,14,Unrelated,FENCE,NA,PLEASE,related,please,11,1
SH2,THIN,5581.745,Studied,10,1,Recalled,NA,13,Unrelated,CANCER,NA,NA,unrelated,,,
SH2,,,,,,,,,,,,,,,,
SH2,,,,,,,,,,,,,,,,
SH2,,,,,,,,,,,,,,,,
SH2,,,,,,,,,,,,,,,,
SH2,,,,,,,,,,,,,,,,
SH2,,,,,,,,,,,,,,,,
SH2,,,,,,,,,,,,,,,,
SH2,,,,,,,,,,,,,,,,
SH2,,,,,,,,,,,,,,,,
SH2,,,,,,,,,,,,,,,,
SH2,,,,,,,,,,,,,,,,
SH2,,,,,,,,,,,,,,,,
SH2,,,,,,,,,,,,,,,,
SH2,,,,,,,,,,,,,,,,
SH2,,,,,,,,,,,,,,,,
SH2,,,,,,,,,,,,,,,,
SH2,,,,,,,,,,,,,,,,
SH2,,,,,,,,,,,,,,,,
SH2,,,,,,,,,,,,,,,,
SH2,,,,,,,,,,,,,,,,
SH2,,,,,,,,,,,,,,,,
SH2,,,,,,,,,,,,,,,,
SH2,,,,,,,,,,,,,,,,
SH2,,,,,,,,,,,,,,,,
SH2,,,,,,,,,,,,,,,,
SH2,,,,,,,,,,,,,,,,
SH2,,,,,,,,,,,,,,,,
SH2,,,,,,,,,,,,,,,,
SH2,,,,,,,,,,,,,,,,
SH2,,,,,,,,,,,,,,,,
SH2,,,,,,,,,,,,,,,,
SH2,,,,,,,,,,,,,,,,
SH2,,,,,,,,,,,,,,,,
SH2,,,,,,,,,,,,,,,,
SH2,,,,,,,,,,,,,,,,
SH2,,,,,,,,,,,,,,,,
SH2,,,,,,,,,,,,,,,,
SH2,,,,,,,,,,,,,,,,
SH2,,,,,,,,,,,,,,,,
SH2,,,,,,,,,,,,,,,,
SH2,,,,,,,,,,,,,,,,
SH2,,,,,,,,,,,,,,,,
SH2,,,,,,,,,,,,,,,,
SH2,,,,,,,,,,,,,,,,
SH2,,,,,,,,,,,,,,,,
SH2,,,,,,,,,,,,,,,,
SH2,,,,,,,,,,,,,,,,
SH2,,,,,,,,,,,,,,,,
SH2,,,,,,,,,,,,,,,,
SH2,,,,,,,,,,,,,,,,
SH2,,,,,,,,,,,,,,,,
SH2,,,,,,,,,,,,,,,,
SH2,,,,,,,,,,,,,,,,
SH2,,,,,,,,,,,,,,,,
SH2,,,,,,,,,,,,,,,,
SH2,,,,,,,,,,,,,,,,
SH2,,,,,,,,,,,,,,,,
SH2,,,,,,,,,,,,,,,,
SH2,,,,,,,,,,,,,,,,
SH2,,,,,,,,,,,,,,,,
SH2,,,,,,,,,,,,,,,,
SH2,,,,,,,,,,,,,,,,
SH2,,,,,,,,,,,,,,,,
SH2,,,,,,,,,,,,,,,,
SH2,,,,,,,,,,,,,,,,
SH2,,,,,,,,,,,,,,,,
SH2,,,,,,,,,,,,,,,,
SH2,,,,,,,,,,,,,,,,