Participant,DelayedWord,DelayedRT,Studied,StudyPosition,Block,RecalledonDay1,ReportedPrimeFromDay1,Day1OutputPosition,Day1PrimeCondition,Day1Prime,Day1PrimeFor,RelatedPrimePresentedonDay1,ActualPrimeCondition,Prime,PrimePosition,PrimeBlock
TP,BRAIN,3750.245,Studied,24,2,Recalled,NA,12,Related,PRIM,PROPER,NA,unrelated,,,
TP,OVER,2099.95,Not Studied,NA,NA,NotRecalled,NA,NA,NA,NA,NA,NA,unprimed,,,
TP,CLEAR,1700.135,Studied,14,4,NotRecalled,Identical,NA,NA,NA,NA,NA,identical,clear,29,4
TP,SMELL,1869.975,Studied,15,4,Recalled,Identical,26,Related,DILEMMA,PROBLEM,NA,identical,smell,22,4
TP,,8000.98,NA,NA,NA,,NA,NA,NA,NA,NA,NA,,,,
TP,SICK,1934.22,Studied,3,4,Recalled,NA,18,Unrelated,LOOK,NA,NA,unrelated,,,
TP,,8000.965,NA,NA,NA,,NA,NA,NA,NA,NA,NA,,,,
TP,TALK,1133.97,Studied,27,4,NotRecalled,Identical,NA,NA,NA,NA,NA,identical,talk,4,4
TP,B,8000.765,Not Studied,NA,NA,NotRecalled,NA,NA,NA,NA,NA,NA,unprimed,,,
TP,BELL,4834.18,Studied,19,4,NotRecalled,Identical,NA,NA,NA,NA,NA,identical,bell,2,4
TP,,8000.965,NA,NA,NA,,NA,NA,NA,NA,NA,NA,,,,
TP,VOLCANO,4900.675,Studied,35,4,Recalled,NA,3,Identical,WARM,NA,NA,unrelated,,,
TP,,8000.765,NA,NA,NA,,NA,NA,NA,NA,NA,NA,,,,
TP,,8001.045,NA,NA,NA,,NA,NA,NA,NA,NA,NA,,,,
TP,,8001.32,NA,NA,NA,,NA,NA,NA,NA,NA,NA,,,,
TP,,8001.585,NA,NA,NA,,NA,NA,NA,NA,NA,NA,,,,
TP,,8000.905,NA,NA,NA,,NA,NA,NA,NA,NA,NA,,,,
TP,,8000.4,NA,NA,NA,,NA,NA,NA,NA,NA,NA,,,,
TP,,8001.525,NA,NA,NA,,NA,NA,NA,NA,NA,NA,,,,
TP,HAIR,7237.36,Studied,2,4,Recalled,NA,16,Unrelated,CHAIN,NA,NA,unrelated,,,
TP,SNEEZE,8000.4,Studied,7,3,Recalled,NA,16,Unrelated,SMOKE,NA,NA,unrelated,,,
TP,JEANS,3781.3,Studied,26,3,NotRecalled,NA,NA,NA,NA,NA,DENIM,related,denim,31,3
TP,SLIDE,2716.92,Studied,7,1,NotRecalled,NA,NA,NA,NA,NA,NA,related,glide,15,1
TP,MODEL,6118.425,Not Studied,NA,NA,NotRecalled,NA,NA,NA,NA,NA,NA,unprimed,,,
TP,SHIRT,1429.425,Studied,1,2,Recalled,NA,2,Unrelated,STREAM,NA,NA,unrelated,,,
TP,SPOT,1024.955,Studied,NA,NA,Recalled,NA,NA,NA,NA,NA,NA,unrelated,,,
TP,UNDER,3003.595,Studied,6,2,Recalled,NA,"5,22",Unrelated,SONG,NA,NA,unrelated,,,
TP,JAIL,4101.205,Not Studied,NA,NA,NotRecalled,NA,NA,NA,NA,NA,NA,unprimed,,,
TP,,7999.1,NA,NA,NA,,NA,NA,NA,NA,NA,NA,,,,
TP,,8004.825,NA,NA,NA,,NA,NA,NA,NA,NA,NA,,,,
TP,,8001.1,NA,NA,NA,,NA,NA,NA,NA,NA,NA,,,,
TP,ONCE,1068.105,Studied,10,3,Recalled,NA,15,Unrelated,FIVE,NA,NA,unrelated,,,
TP,FINISH,8002.04,Studied,18,3,Recalled,NA,20,Related,MOAT,CASTLE,DONE,unrelated,,,
TP,FINISH,1287.625,Studied,18,3,Recalled,NA,20,Related,MOAT,CASTLE,DONE,unrelated,,,
TP,ENGLISH,6439.79,Studied,38,3,NotRecalled,Identical,NA,NA,NA,NA,NA,identical,english,39,3
TP,SURE,4801.21,Studied,40,3,Recalled,NA,3,Unrelated,LAKE,NA,NA,unrelated,,,
TP,OVEN,2616.2,Studied,41,3,Recalled,NA,4,Related,EIGHT,NINE,NA,unrelated,,,
TP,BALL,1265.87,Studied,NA,NA,Recalled,NA,1,firstword,firstword,NA,NA,firstword,,,
TP,,8007.94,NA,NA,NA,,NA,NA,NA,NA,NA,NA,,,,
TP,SMELL,6637.22,Studied,15,4,Recalled,Identical,26,Related,DILEMMA,PROBLEM,NA,identical,smell,22,4
TP,TALK,1216.625,Studied,27,4,NotRecalled,Identical,NA,NA,NA,NA,NA,identical,talk,4,4
TP,,8001.99,NA,NA,NA,,NA,NA,NA,NA,NA,NA,,,,
TP,,8002.11,NA,NA,NA,,NA,NA,NA,NA,NA,NA,,,,
TP,,8001.42,NA,NA,NA,,NA,NA,NA,NA,NA,NA,,,,
TP,,8001.27,NA,NA,NA,,NA,NA,NA,NA,NA,NA,,,,
TP,,8001.665,NA,NA,NA,,NA,NA,NA,NA,NA,NA,,,,
TP,,8002.42,NA,NA,NA,,NA,NA,NA,NA,NA,NA,,,,
TP,,8001.345,NA,NA,NA,,NA,NA,NA,NA,NA,NA,,,,
TP,,8001.96,NA,NA,NA,,NA,NA,NA,NA,NA,NA,,,,
TP,,7993.92,NA,NA,NA,,NA,NA,NA,NA,NA,NA,,,,
TP,,10133.495,NA,NA,NA,,NA,NA,NA,NA,NA,NA,,,,
TP,,7997.575,NA,NA,NA,,NA,NA,NA,NA,NA,NA,,,,
TP,DRESS,2982.74,Studied,21,4,NotRecalled,Identical,NA,NA,NA,NA,NA,identical,dress,28,4
TP,SOFT,7103.03,Studied,13,3,NotRecalled,NA,17,Related,SHRINK,SMALL,NA,unrelated,,,
TP,HARD,1099.625,Not Studied,NA,NA,NotRecalled,NA,NA,NA,NA,NA,NA,related,soft,17,3
TP,SLEEP,2033.97,Studied,15,3,NotRecalled,Identical,NA,NA,NA,NA,NA,identical,sleep,33,3
TP,ITCH,1669.84,Studied,16,3,Recalled,NA,19,Unrelated,DOOR,NA,NA,unrelated,,,
TP,SMALL,1368.085,Studied,17,3,NotRecalled,NA,NA,NA,NA,NA,SHRINK,related,shrink,17,3
TP,BIG,1734.255,Not Studied,NA,NA,NotRecalled,NA,NA,NA,NA,NA,NA,unprimed,,,
TP,,8000.385,NA,NA,NA,,NA,NA,NA,NA,NA,NA,,,,
TP,,8001.46,NA,NA,NA,,NA,NA,NA,NA,NA,NA,,,,
TP,,8012.475,NA,NA,NA,,NA,NA,NA,NA,NA,NA,,,,
TP,,7999.715,NA,NA,NA,,NA,NA,NA,NA,NA,NA,,,,
TP,,8000.965,NA,NA,NA,,NA,NA,NA,NA,NA,NA,,,,
TP,,8016.56,NA,NA,NA,,NA,NA,NA,NA,NA,NA,,,,
TP,,8001.76,NA,NA,NA,,NA,NA,NA,NA,NA,NA,,,,
TP,,8002.7,NA,NA,NA,,NA,NA,NA,NA,NA,NA,,,,
TP,,8005.51,NA,NA,NA,,NA,NA,NA,NA,NA,NA,,,,
TP,,7201.965,NA,NA,NA,,NA,NA,NA,NA,NA,NA,,,,
TP,,333.195,NA,NA,NA,,NA,NA,NA,NA,NA,NA,,,,
TP,,99.545,NA,NA,NA,,NA,NA,NA,NA,NA,NA,,,,
TP,,214.89,NA,NA,NA,,NA,NA,NA,NA,NA,NA,,,,
TP,,283.21,NA,NA,NA,,NA,NA,NA,NA,NA,NA,,,,
TP,,333.005,NA,NA,NA,,NA,NA,NA,NA,NA,NA,,,,
TP,,329.375,NA,NA,NA,,NA,NA,NA,NA,NA,NA,,,,
TP,,383.73,NA,NA,NA,,NA,NA,NA,NA,NA,NA,,,,
TP,,299.725,NA,NA,NA,,NA,NA,NA,NA,NA,NA,,,,
TP,,254.775,NA,NA,NA,,NA,NA,NA,NA,NA,NA,,,,
TP,,231.06,NA,NA,NA,,NA,NA,NA,NA,NA,NA,,,,
TP,,134.515,NA,NA,NA,,NA,NA,NA,NA,NA,NA,,,,
TP,,49.34,NA,NA,NA,,NA,NA,NA,NA,NA,NA,,,,
TP,BOSS,916.645,Studied,1,3,Recalled,NA,8,Identical,LARGE,NA,NA,unrelated,,,
TP,,50.495,NA,NA,NA,,NA,NA,NA,NA,NA,NA,,,,
TP,,136.695,NA,NA,NA,,NA,NA,NA,NA,NA,NA,,,,
TP,,183.36,NA,NA,NA,,NA,NA,NA,NA,NA,NA,,,,
TP,,2929.325,NA,NA,NA,,NA,NA,NA,NA,NA,NA,,,,
TP,,66.07,NA,NA,NA,,NA,NA,NA,NA,NA,NA,,,,
TP,,450.735,NA,NA,NA,,NA,NA,NA,NA,NA,NA,,,,
TP,,249.905,NA,NA,NA,,NA,NA,NA,NA,NA,NA,,,,
TP,,158.35,NA,NA,NA,,NA,NA,NA,NA,NA,NA,,,,
TP,,986.455,NA,NA,NA,,NA,NA,NA,NA,NA,NA,,,,
TP,,621.465,NA,NA,NA,,NA,NA,NA,NA,NA,NA,,,,
TP,,168.495,NA,NA,NA,,NA,NA,NA,NA,NA,NA,,,,
TP,,147.41,NA,NA,NA,,NA,NA,NA,NA,NA,NA,,,,
TP,,1499.945,NA,NA,NA,,NA,NA,NA,NA,NA,NA,,,,
TP,,3351.53,NA,NA,NA,,NA,NA,NA,NA,NA,NA,,,,
TP,,617.87,NA,NA,NA,,NA,NA,NA,NA,NA,NA,,,,
TP,,1349.595,NA,NA,NA,,NA,NA,NA,NA,NA,NA,,,,
TP,,1200.19,NA,NA,NA,,NA,NA,NA,NA,NA,NA,,,,
TP,,4299.84,NA,NA,NA,,NA,NA,NA,NA,NA,NA,,,,